;Calibration Generator 1.3.4
;
;
;Retraction Distance from the top looking down
;
;       1.20    1.10    1.00    0.90
;		|		|		|		|
;
;1.30-                               -0.80
;
;
;1.40-                               -0.70
;
;
;1.50-                               -0.60
;
;
;1.60-                               -0.50
;
;		|		|		|		|
;       0.10    0.20    0.30    0.40
;
;
;Variables by Height
;
;Height         Retraction  Nozzle      Fan
;               Speed       Temp        Speed
;
;25 layers      60.00      240.00      25.00
;25 layers      50.00      240.00      25.00
;25 layers      40.00      240.00      25.00
;25 layers      30.00      240.00      25.00
;25 layers      20.00      240.00      25.00
;25 layers      10.00      240.00      25.00
;
;
;All inputs
;
;Dimension X 					300
;Dimension Y 					300
;Starting Retraction Distance	0.1
;Increment Retraction 			0.1
;Start Retraction Speed 		10.0
;Retraction Speed Increment 	10.0
;Print Speed 					80.0
;Starting Temp 					240
;Increment Temp 				0
;Bed Temp 						100
;Fan Speed 						25
;Fan Speed Increment 			0
;Nozzle Diameter 				0.4
;Layer Height 					0.2
;Filament Diameter 				1.75
;Extrusion Multiplier 			1.0
;Layers Per Test                25.0
;Number of Tests                6.0
;
;
;Start Gcode
M140 S100
M105
M190 S100
M104 S240
M105
M109 S240
M82
M98 P"0:/macros/print/doPrimeblob.g" D0
G92 E0
G1 F200 E1
G92 E0
G90
;G29
;
;
;Start Movement
;
G1 Z2
G1 F9000 X120.0 Y120.0 Z0.2
;
;Layer 1
G1 F2400 X180.0 Y120.0 E2.39473
G0 F9000 X180.0 Y121.0
G1 F2400 X120.0 Y121.0 E4.78946
G0 F9000 X120.0 Y122.0
G1 F2400 X180.0 Y122.0 E7.18419
G0 F9000 X180.0 Y123.0
G1 F2400 X120.0 Y123.0 E9.57892
G0 F9000 X120.0 Y124.0
G1 F2400 X180.0 Y124.0 E11.97365
G0 F9000 X180.0 Y125.0
G1 F2400 X120.0 Y125.0 E14.36838
G0 F9000 X120.0 Y126.0
G1 F2400 X180.0 Y126.0 E16.76311
G0 F9000 X180.0 Y127.0
G1 F2400 X120.0 Y127.0 E19.15784
G0 F9000 X120.0 Y128.0
G1 F2400 X180.0 Y128.0 E21.55257
G0 F9000 X180.0 Y129.0
G1 F2400 X120.0 Y129.0 E23.94730
G0 F9000 X120.0 Y130.0
G1 F2400 X180.0 Y130.0 E26.34203
G0 F9000 X180.0 Y131.0
G1 F2400 X120.0 Y131.0 E28.73676
G0 F9000 X120.0 Y132.0
G1 F2400 X180.0 Y132.0 E31.13149
G0 F9000 X180.0 Y133.0
G1 F2400 X120.0 Y133.0 E33.52622
G0 F9000 X120.0 Y134.0
G1 F2400 X180.0 Y134.0 E35.92095
G0 F9000 X180.0 Y135.0
G1 F2400 X120.0 Y135.0 E38.31568
G0 F9000 X120.0 Y136.0
G1 F2400 X180.0 Y136.0 E40.71041
G0 F9000 X180.0 Y137.0
G1 F2400 X120.0 Y137.0 E43.10514
G0 F9000 X120.0 Y138.0
G1 F2400 X180.0 Y138.0 E45.49987
G0 F9000 X180.0 Y139.0
G1 F2400 X120.0 Y139.0 E47.89460
G0 F9000 X120.0 Y140.0
G1 F2400 X180.0 Y140.0 E50.28933
G0 F9000 X180.0 Y141.0
G1 F2400 X120.0 Y141.0 E52.68406
G0 F9000 X120.0 Y142.0
G1 F2400 X180.0 Y142.0 E55.07879
G0 F9000 X180.0 Y143.0
G1 F2400 X120.0 Y143.0 E57.47352
G0 F9000 X120.0 Y144.0
G1 F2400 X180.0 Y144.0 E59.86825
G0 F9000 X180.0 Y145.0
G1 F2400 X120.0 Y145.0 E62.26298
G0 F9000 X120.0 Y146.0
G1 F2400 X180.0 Y146.0 E64.65771
G0 F9000 X180.0 Y147.0
G1 F2400 X120.0 Y147.0 E67.05244
G0 F9000 X120.0 Y148.0
G1 F2400 X180.0 Y148.0 E69.44717
G0 F9000 X180.0 Y149.0
G1 F2400 X120.0 Y149.0 E71.84190
G0 F9000 X120.0 Y150.0
G1 F2400 X180.0 Y150.0 E74.23663
G0 F9000 X180.0 Y151.0
G1 F2400 X120.0 Y151.0 E76.63136
G0 F9000 X120.0 Y152.0
G1 F2400 X180.0 Y152.0 E79.02609
G0 F9000 X180.0 Y153.0
G1 F2400 X120.0 Y153.0 E81.42082
G0 F9000 X120.0 Y154.0
G1 F2400 X180.0 Y154.0 E83.81555
G0 F9000 X180.0 Y155.0
G1 F2400 X120.0 Y155.0 E86.21028
G0 F9000 X120.0 Y156.0
G1 F2400 X180.0 Y156.0 E88.60501
G0 F9000 X180.0 Y157.0
G1 F2400 X120.0 Y157.0 E90.99974
G0 F9000 X120.0 Y158.0
G1 F2400 X180.0 Y158.0 E93.39447
G0 F9000 X180.0 Y159.0
G1 F2400 X120.0 Y159.0 E95.78920
G0 F9000 X120.0 Y160.0
G1 F2400 X180.0 Y160.0 E98.18393
G0 F9000 X180.0 Y161.0
G1 F2400 X120.0 Y161.0 E100.57866
G0 F9000 X120.0 Y162.0
G1 F2400 X180.0 Y162.0 E102.97339
G0 F9000 X180.0 Y163.0
G1 F2400 X120.0 Y163.0 E105.36812
G0 F9000 X120.0 Y164.0
G1 F2400 X180.0 Y164.0 E107.76285
G0 F9000 X180.0 Y165.0
G1 F2400 X120.0 Y165.0 E110.15758
G0 F9000 X120.0 Y166.0
G1 F2400 X180.0 Y166.0 E112.55231
G0 F9000 X180.0 Y167.0
G1 F2400 X120.0 Y167.0 E114.94704
G0 F9000 X120.0 Y168.0
G1 F2400 X180.0 Y168.0 E117.34177
G0 F9000 X180.0 Y169.0
G1 F2400 X120.0 Y169.0 E119.73650
G0 F9000 X120.0 Y170.0
G1 F2400 X180.0 Y170.0 E122.13123
G0 F9000 X180.0 Y171.0
G1 F2400 X120.0 Y171.0 E124.52596
G0 F9000 X120.0 Y172.0
G1 F2400 X180.0 Y172.0 E126.92069
G0 F9000 X180.0 Y173.0
G1 F2400 X120.0 Y173.0 E129.31542
G0 F9000 X120.0 Y174.0
G1 F2400 X180.0 Y174.0 E131.71015
G0 F9000 X180.0 Y175.0
G1 F2400 X120.0 Y175.0 E134.10488
G0 F9000 X120.0 Y176.0
G1 F2400 X180.0 Y176.0 E136.49961
G0 F9000 X180.0 Y177.0
G1 F2400 X120.0 Y177.0 E138.89434
G0 F9000 X120.0 Y178.0
G1 F2400 X180.0 Y178.0 E141.28907
G0 F9000 X180.0 Y179.0
G1 F2400 X120.0 Y179.0 E143.68380
G0 F9000 X120.0 Y180.0
G0 F9000 X120.0 Y180.0 Z0.60
G0 F9000 X120.0 Y120.0 Z0.4
;Layer 2
G1 F2400 X120.0 Y180.0 E146.07853
G0 F9000 X121.0 Y180.0
G1 F2400 X121.0 Y120.0 E148.47326
G0 F9000 X122.0 Y120.0
G1 F2400 X122.0 Y180.0 E150.86799
G0 F9000 X123.0 Y180.0
G1 F2400 X123.0 Y120.0 E153.26272
G0 F9000 X124.0 Y120.0
G1 F2400 X124.0 Y180.0 E155.65745
G0 F9000 X125.0 Y180.0
G1 F2400 X125.0 Y120.0 E158.05218
G0 F9000 X126.0 Y120.0
G1 F2400 X126.0 Y180.0 E160.44691
G0 F9000 X127.0 Y180.0
G1 F2400 X127.0 Y120.0 E162.84164
G0 F9000 X128.0 Y120.0
G1 F2400 X128.0 Y180.0 E165.23637
G0 F9000 X129.0 Y180.0
G1 F2400 X129.0 Y120.0 E167.63110
G0 F9000 X130.0 Y120.0
G1 F2400 X130.0 Y180.0 E170.02583
G0 F9000 X131.0 Y180.0
G1 F2400 X131.0 Y120.0 E172.42056
G0 F9000 X132.0 Y120.0
G1 F2400 X132.0 Y180.0 E174.81529
G0 F9000 X133.0 Y180.0
G1 F2400 X133.0 Y120.0 E177.21002
G0 F9000 X134.0 Y120.0
G1 F2400 X134.0 Y180.0 E179.60475
G0 F9000 X135.0 Y180.0
G1 F2400 X135.0 Y120.0 E181.99948
G0 F9000 X136.0 Y120.0
G1 F2400 X136.0 Y180.0 E184.39421
G0 F9000 X137.0 Y180.0
G1 F2400 X137.0 Y120.0 E186.78894
G0 F9000 X138.0 Y120.0
G1 F2400 X138.0 Y180.0 E189.18367
G0 F9000 X139.0 Y180.0
G1 F2400 X139.0 Y120.0 E191.57840
G0 F9000 X140.0 Y120.0
G1 F2400 X140.0 Y180.0 E193.97313
G0 F9000 X141.0 Y180.0
G1 F2400 X141.0 Y120.0 E196.36786
G0 F9000 X142.0 Y120.0
G1 F2400 X142.0 Y180.0 E198.76259
G0 F9000 X143.0 Y180.0
G1 F2400 X143.0 Y120.0 E201.15732
G0 F9000 X144.0 Y120.0
G1 F2400 X144.0 Y180.0 E203.55205
G0 F9000 X145.0 Y180.0
G1 F2400 X145.0 Y120.0 E205.94678
G0 F9000 X146.0 Y120.0
G1 F2400 X146.0 Y180.0 E208.34151
G0 F9000 X147.0 Y180.0
G1 F2400 X147.0 Y120.0 E210.73624
G0 F9000 X148.0 Y120.0
G1 F2400 X148.0 Y180.0 E213.13097
G0 F9000 X149.0 Y180.0
G1 F2400 X149.0 Y120.0 E215.52570
G0 F9000 X150.0 Y120.0
G1 F2400 X150.0 Y180.0 E217.92043
G0 F9000 X151.0 Y180.0
G1 F2400 X151.0 Y120.0 E220.31516
G0 F9000 X152.0 Y120.0
G1 F2400 X152.0 Y180.0 E222.70989
G0 F9000 X153.0 Y180.0
G1 F2400 X153.0 Y120.0 E225.10462
G0 F9000 X154.0 Y120.0
G1 F2400 X154.0 Y180.0 E227.49935
G0 F9000 X155.0 Y180.0
G1 F2400 X155.0 Y120.0 E229.89408
G0 F9000 X156.0 Y120.0
G1 F2400 X156.0 Y180.0 E232.28881
G0 F9000 X157.0 Y180.0
G1 F2400 X157.0 Y120.0 E234.68354
G0 F9000 X158.0 Y120.0
G1 F2400 X158.0 Y180.0 E237.07827
G0 F9000 X159.0 Y180.0
G1 F2400 X159.0 Y120.0 E239.47300
G0 F9000 X160.0 Y120.0
G1 F2400 X160.0 Y180.0 E241.86773
G0 F9000 X161.0 Y180.0
G1 F2400 X161.0 Y120.0 E244.26246
G0 F9000 X162.0 Y120.0
G1 F2400 X162.0 Y180.0 E246.65719
G0 F9000 X163.0 Y180.0
G1 F2400 X163.0 Y120.0 E249.05192
G0 F9000 X164.0 Y120.0
G1 F2400 X164.0 Y180.0 E251.44665
G0 F9000 X165.0 Y180.0
G1 F2400 X165.0 Y120.0 E253.84138
G0 F9000 X166.0 Y120.0
G1 F2400 X166.0 Y180.0 E256.23611
G0 F9000 X167.0 Y180.0
G1 F2400 X167.0 Y120.0 E258.63084
G0 F9000 X168.0 Y120.0
G1 F2400 X168.0 Y180.0 E261.02557
G0 F9000 X169.0 Y180.0
G1 F2400 X169.0 Y120.0 E263.42030
G0 F9000 X170.0 Y120.0
G1 F2400 X170.0 Y180.0 E265.81503
G0 F9000 X171.0 Y180.0
G1 F2400 X171.0 Y120.0 E268.20976
G0 F9000 X172.0 Y120.0
G1 F2400 X172.0 Y180.0 E270.60449
G0 F9000 X173.0 Y180.0
G1 F2400 X173.0 Y120.0 E272.99922
G0 F9000 X174.0 Y120.0
G1 F2400 X174.0 Y180.0 E275.39395
G0 F9000 X175.0 Y180.0
G1 F2400 X175.0 Y120.0 E277.78868
G0 F9000 X176.0 Y120.0
G1 F2400 X176.0 Y180.0 E280.18341
G0 F9000 X177.0 Y180.0
G1 F2400 X177.0 Y120.0 E282.57814
G0 F9000 X178.0 Y120.0
G1 F2400 X178.0 Y180.0 E284.97287
G0 F9000 X179.0 Y180.0
G1 F2400 X179.0 Y120.0 E287.36760
G0 F9000 X180.0 Y120.0
G0 F9000 X125.0 Y125.0 Z0.60
M83
G91
M106 S64
M104 S240
;Layer 3
G1 F4800 X-2 E0.03193
G1 F4800 Y-2 E0.03193
G1 F4800 X2 E0.03193
G1 F4800 Y2 E0.03193
G1 F4800 X10 E0.31930
G1 E-0.10 F600.00
G0 F9000 Y-10
G0 F9000 Y10
G1 E0.10 F600.00
G1 F4800 X10 E0.31930
G1 E-0.20 F600.00
G0 F9000 Y-10
G0 F9000 Y10
G1 E0.20 F600.00
G1 F4800 X10 E0.31930
G1 E-0.30 F600.00
G0 F9000 Y-10
G0 F9000 Y10
G1 E0.30 F600.00
G1 F4800 X10 E0.31930
G1 E-0.40 F600.00
G0 F9000 Y-10
G0 F9000 Y10
G1 E0.40 F600.00
G1 F4800 X10 E0.31930
G1 F4800 X1 E0.03193
G1 F4800 Y-1 E0.03193
G1 F4800 X-1 E0.03193
G1 F4800 Y1 E0.03193
G1 F4800 Y10 E0.31930
G1 E-0.50 F600.00
G0 F9000 X10
G0 F9000 X-10
G1 E0.50 F600.00
G1 F4800 Y10 E0.31930
G1 E-0.60 F600.00
G0 F9000 X10
G0 F9000 X-10
G1 E0.60 F600.00
G1 F4800 Y10 E0.31930
G1 E-0.70 F600.00
G0 F9000 X10
G0 F9000 X-10
G1 E0.70 F600.00
G1 F4800 Y10 E0.31930
G1 E-0.80 F600.00
G0 F9000 X10
G0 F9000 X-10
G1 E0.80 F600.00
G1 F4800 Y10 E0.31930
G1 F4800 X1 E0.03193
G1 F4800 Y1 E0.03193
G1 F4800 X-1 E0.03193
G1 F4800 Y-1 E0.03193
G1 F4800 X-10 E0.31930
G1 E-0.90 F600.00
G0 F9000 Y10
G0 F9000 Y-10
G1 E0.90 F600.00
G1 F4800 X-10 E0.31930
G1 E-1.00 F600.00
G0 F9000 Y10
G0 F9000 Y-10
G1 E1.00 F600.00
G1 F4800 X-10 E0.31930
G1 E-1.10 F600.00
G0 F9000 Y10
G0 F9000 Y-10
G1 E1.10 F600.00
G1 F4800 X-10 E0.31930
G1 E-1.20 F600.00
G0 F9000 Y10
G0 F9000 Y-10
G1 E1.20 F600.00
G1 F4800 X-10 E0.31930
G1 F4800 X-1 E0.03193
G1 F4800 Y1 E0.03193
G1 F4800 X1 E0.03193
G1 F4800 Y-1 E0.03193
G1 F4800 Y-10 E0.31930
G1 E-1.30 F600.00
G0 F9000 X-10
G0 F9000 X10
G1 E1.30 F600.00
G1 F4800 Y-10 E0.31930
G1 E-1.40 F600.00
G0 F9000 X-10
G0 F9000 X10
G1 E1.40 F600.00
G1 F4800 Y-10 E0.31930
G1 E-1.50 F600.00
G0 F9000 X-10
G0 F9000 X10
G1 E1.50 F600.00
G1 F4800 Y-10 E0.31930
G1 E-1.60 F600.00
G0 F9000 X-10
G0 F9000 X10
G1 E1.60 F600.00
G1 F4800 Y-10 E0.31930
G1 Z0.2
;Layer 4
G1 F4800 X10 E0.31930
G1 E-0.10 F600.00
G0 F9000 Y-10
G0 F9000 Y10
G1 E0.10 F600.00
G1 F4800 X10 E0.31930
G1 E-0.20 F600.00
G0 F9000 Y-10
G0 F9000 Y10
G1 E0.20 F600.00
G1 F4800 X10 E0.31930
G1 E-0.30 F600.00
G0 F9000 Y-10
G0 F9000 Y10
G1 E0.30 F600.00
G1 F4800 X10 E0.31930
G1 E-0.40 F600.00
G0 F9000 Y-10
G0 F9000 Y10
G1 E0.40 F600.00
G1 F4800 X10 E0.31930
G1 F4800 Y10 E0.31930
G1 E-0.50 F600.00
G0 F9000 X10
G0 F9000 X-10
G1 E0.50 F600.00
G1 F4800 Y10 E0.31930
G1 E-0.60 F600.00
G0 F9000 X10
G0 F9000 X-10
G1 E0.60 F600.00
G1 F4800 Y10 E0.31930
G1 E-0.70 F600.00
G0 F9000 X10
G0 F9000 X-10
G1 E0.70 F600.00
G1 F4800 Y10 E0.31930
G1 E-0.80 F600.00
G0 F9000 X10
G0 F9000 X-10
G1 E0.80 F600.00
G1 F4800 Y10 E0.31930
G1 F4800 X-10 E0.31930
G1 E-0.90 F600.00
G0 F9000 Y10
G0 F9000 Y-10
G1 E0.90 F600.00
G1 F4800 X-10 E0.31930
G1 E-1.00 F600.00
G0 F9000 Y10
G0 F9000 Y-10
G1 E1.00 F600.00
G1 F4800 X-10 E0.31930
G1 E-1.10 F600.00
G0 F9000 Y10
G0 F9000 Y-10
G1 E1.10 F600.00
G1 F4800 X-10 E0.31930
G1 E-1.20 F600.00
G0 F9000 Y10
G0 F9000 Y-10
G1 E1.20 F600.00
G1 F4800 X-10 E0.31930
G1 F4800 Y-10 E0.31930
G1 E-1.30 F600.00
G0 F9000 X-10
G0 F9000 X10
G1 E1.30 F600.00
G1 F4800 Y-10 E0.31930
G1 E-1.40 F600.00
G0 F9000 X-10
G0 F9000 X10
G1 E1.40 F600.00
G1 F4800 Y-10 E0.31930
G1 E-1.50 F600.00
G0 F9000 X-10
G0 F9000 X10
G1 E1.50 F600.00
G1 F4800 Y-10 E0.31930
G1 E-1.60 F600.00
G0 F9000 X-10
G0 F9000 X10
G1 E1.60 F600.00
G1 F4800 Y-10 E0.31930
G1 Z0.2
;Layer 5
G1 F4800 X10 E0.31930
G1 E-0.10 F600.00
G0 F9000 Y-10
G0 F9000 Y10
G1 E0.10 F600.00
G1 F4800 X10 E0.31930
G1 E-0.20 F600.00
G0 F9000 Y-10
G0 F9000 Y10
G1 E0.20 F600.00
G1 F4800 X10 E0.31930
G1 E-0.30 F600.00
G0 F9000 Y-10
G0 F9000 Y10
G1 E0.30 F600.00
G1 F4800 X10 E0.31930
G1 E-0.40 F600.00
G0 F9000 Y-10
G0 F9000 Y10
G1 E0.40 F600.00
G1 F4800 X10 E0.31930
G1 F4800 Y10 E0.31930
G1 E-0.50 F600.00
G0 F9000 X10
G0 F9000 X-10
G1 E0.50 F600.00
G1 F4800 Y10 E0.31930
G1 E-0.60 F600.00
G0 F9000 X10
G0 F9000 X-10
G1 E0.60 F600.00
G1 F4800 Y10 E0.31930
G1 E-0.70 F600.00
G0 F9000 X10
G0 F9000 X-10
G1 E0.70 F600.00
G1 F4800 Y10 E0.31930
G1 E-0.80 F600.00
G0 F9000 X10
G0 F9000 X-10
G1 E0.80 F600.00
G1 F4800 Y10 E0.31930
G1 F4800 X-10 E0.31930
G1 E-0.90 F600.00
G0 F9000 Y10
G0 F9000 Y-10
G1 E0.90 F600.00
G1 F4800 X-10 E0.31930
G1 E-1.00 F600.00
G0 F9000 Y10
G0 F9000 Y-10
G1 E1.00 F600.00
G1 F4800 X-10 E0.31930
G1 E-1.10 F600.00
G0 F9000 Y10
G0 F9000 Y-10
G1 E1.10 F600.00
G1 F4800 X-10 E0.31930
G1 E-1.20 F600.00
G0 F9000 Y10
G0 F9000 Y-10
G1 E1.20 F600.00
G1 F4800 X-10 E0.31930
G1 F4800 Y-10 E0.31930
G1 E-1.30 F600.00
G0 F9000 X-10
G0 F9000 X10
G1 E1.30 F600.00
G1 F4800 Y-10 E0.31930
G1 E-1.40 F600.00
G0 F9000 X-10
G0 F9000 X10
G1 E1.40 F600.00
G1 F4800 Y-10 E0.31930
G1 E-1.50 F600.00
G0 F9000 X-10
G0 F9000 X10
G1 E1.50 F600.00
G1 F4800 Y-10 E0.31930
G1 E-1.60 F600.00
G0 F9000 X-10
G0 F9000 X10
G1 E1.60 F600.00
G1 F4800 Y-10 E0.31930
G1 Z0.2
;Layer 6
G1 F4800 X10 E0.31930
G1 E-0.10 F600.00
G0 F9000 Y-10
G0 F9000 Y10
G1 E0.10 F600.00
G1 F4800 X10 E0.31930
G1 E-0.20 F600.00
G0 F9000 Y-10
G0 F9000 Y10
G1 E0.20 F600.00
G1 F4800 X10 E0.31930
G1 E-0.30 F600.00
G0 F9000 Y-10
G0 F9000 Y10
G1 E0.30 F600.00
G1 F4800 X10 E0.31930
G1 E-0.40 F600.00
G0 F9000 Y-10
G0 F9000 Y10
G1 E0.40 F600.00
G1 F4800 X10 E0.31930
G1 F4800 Y10 E0.31930
G1 E-0.50 F600.00
G0 F9000 X10
G0 F9000 X-10
G1 E0.50 F600.00
G1 F4800 Y10 E0.31930
G1 E-0.60 F600.00
G0 F9000 X10
G0 F9000 X-10
G1 E0.60 F600.00
G1 F4800 Y10 E0.31930
G1 E-0.70 F600.00
G0 F9000 X10
G0 F9000 X-10
G1 E0.70 F600.00
G1 F4800 Y10 E0.31930
G1 E-0.80 F600.00
G0 F9000 X10
G0 F9000 X-10
G1 E0.80 F600.00
G1 F4800 Y10 E0.31930
G1 F4800 X-10 E0.31930
G1 E-0.90 F600.00
G0 F9000 Y10
G0 F9000 Y-10
G1 E0.90 F600.00
G1 F4800 X-10 E0.31930
G1 E-1.00 F600.00
G0 F9000 Y10
G0 F9000 Y-10
G1 E1.00 F600.00
G1 F4800 X-10 E0.31930
G1 E-1.10 F600.00
G0 F9000 Y10
G0 F9000 Y-10
G1 E1.10 F600.00
G1 F4800 X-10 E0.31930
G1 E-1.20 F600.00
G0 F9000 Y10
G0 F9000 Y-10
G1 E1.20 F600.00
G1 F4800 X-10 E0.31930
G1 F4800 Y-10 E0.31930
G1 E-1.30 F600.00
G0 F9000 X-10
G0 F9000 X10
G1 E1.30 F600.00
G1 F4800 Y-10 E0.31930
G1 E-1.40 F600.00
G0 F9000 X-10
G0 F9000 X10
G1 E1.40 F600.00
G1 F4800 Y-10 E0.31930
G1 E-1.50 F600.00
G0 F9000 X-10
G0 F9000 X10
G1 E1.50 F600.00
G1 F4800 Y-10 E0.31930
G1 E-1.60 F600.00
G0 F9000 X-10
G0 F9000 X10
G1 E1.60 F600.00
G1 F4800 Y-10 E0.31930
G1 Z0.2
;Layer 7
G1 F4800 X10 E0.31930
G1 E-0.10 F600.00
G0 F9000 Y-10
G0 F9000 Y10
G1 E0.10 F600.00
G1 F4800 X10 E0.31930
G1 E-0.20 F600.00
G0 F9000 Y-10
G0 F9000 Y10
G1 E0.20 F600.00
G1 F4800 X10 E0.31930
G1 E-0.30 F600.00
G0 F9000 Y-10
G0 F9000 Y10
G1 E0.30 F600.00
G1 F4800 X10 E0.31930
G1 E-0.40 F600.00
G0 F9000 Y-10
G0 F9000 Y10
G1 E0.40 F600.00
G1 F4800 X10 E0.31930
G1 F4800 Y10 E0.31930
G1 E-0.50 F600.00
G0 F9000 X10
G0 F9000 X-10
G1 E0.50 F600.00
G1 F4800 Y10 E0.31930
G1 E-0.60 F600.00
G0 F9000 X10
G0 F9000 X-10
G1 E0.60 F600.00
G1 F4800 Y10 E0.31930
G1 E-0.70 F600.00
G0 F9000 X10
G0 F9000 X-10
G1 E0.70 F600.00
G1 F4800 Y10 E0.31930
G1 E-0.80 F600.00
G0 F9000 X10
G0 F9000 X-10
G1 E0.80 F600.00
G1 F4800 Y10 E0.31930
G1 F4800 X-10 E0.31930
G1 E-0.90 F600.00
G0 F9000 Y10
G0 F9000 Y-10
G1 E0.90 F600.00
G1 F4800 X-10 E0.31930
G1 E-1.00 F600.00
G0 F9000 Y10
G0 F9000 Y-10
G1 E1.00 F600.00
G1 F4800 X-10 E0.31930
G1 E-1.10 F600.00
G0 F9000 Y10
G0 F9000 Y-10
G1 E1.10 F600.00
G1 F4800 X-10 E0.31930
G1 E-1.20 F600.00
G0 F9000 Y10
G0 F9000 Y-10
G1 E1.20 F600.00
G1 F4800 X-10 E0.31930
G1 F4800 Y-10 E0.31930
G1 E-1.30 F600.00
G0 F9000 X-10
G0 F9000 X10
G1 E1.30 F600.00
G1 F4800 Y-10 E0.31930
G1 E-1.40 F600.00
G0 F9000 X-10
G0 F9000 X10
G1 E1.40 F600.00
G1 F4800 Y-10 E0.31930
G1 E-1.50 F600.00
G0 F9000 X-10
G0 F9000 X10
G1 E1.50 F600.00
G1 F4800 Y-10 E0.31930
G1 E-1.60 F600.00
G0 F9000 X-10
G0 F9000 X10
G1 E1.60 F600.00
G1 F4800 Y-10 E0.31930
G1 Z0.2
;Layer 8
G1 F4800 X10 E0.31930
G1 E-0.10 F600.00
G0 F9000 Y-10
G0 F9000 Y10
G1 E0.10 F600.00
G1 F4800 X10 E0.31930
G1 E-0.20 F600.00
G0 F9000 Y-10
G0 F9000 Y10
G1 E0.20 F600.00
G1 F4800 X10 E0.31930
G1 E-0.30 F600.00
G0 F9000 Y-10
G0 F9000 Y10
G1 E0.30 F600.00
G1 F4800 X10 E0.31930
G1 E-0.40 F600.00
G0 F9000 Y-10
G0 F9000 Y10
G1 E0.40 F600.00
G1 F4800 X10 E0.31930
G1 F4800 Y10 E0.31930
G1 E-0.50 F600.00
G0 F9000 X10
G0 F9000 X-10
G1 E0.50 F600.00
G1 F4800 Y10 E0.31930
G1 E-0.60 F600.00
G0 F9000 X10
G0 F9000 X-10
G1 E0.60 F600.00
G1 F4800 Y10 E0.31930
G1 E-0.70 F600.00
G0 F9000 X10
G0 F9000 X-10
G1 E0.70 F600.00
G1 F4800 Y10 E0.31930
G1 E-0.80 F600.00
G0 F9000 X10
G0 F9000 X-10
G1 E0.80 F600.00
G1 F4800 Y10 E0.31930
G1 F4800 X-10 E0.31930
G1 E-0.90 F600.00
G0 F9000 Y10
G0 F9000 Y-10
G1 E0.90 F600.00
G1 F4800 X-10 E0.31930
G1 E-1.00 F600.00
G0 F9000 Y10
G0 F9000 Y-10
G1 E1.00 F600.00
G1 F4800 X-10 E0.31930
G1 E-1.10 F600.00
G0 F9000 Y10
G0 F9000 Y-10
G1 E1.10 F600.00
G1 F4800 X-10 E0.31930
G1 E-1.20 F600.00
G0 F9000 Y10
G0 F9000 Y-10
G1 E1.20 F600.00
G1 F4800 X-10 E0.31930
G1 F4800 Y-10 E0.31930
G1 E-1.30 F600.00
G0 F9000 X-10
G0 F9000 X10
G1 E1.30 F600.00
G1 F4800 Y-10 E0.31930
G1 E-1.40 F600.00
G0 F9000 X-10
G0 F9000 X10
G1 E1.40 F600.00
G1 F4800 Y-10 E0.31930
G1 E-1.50 F600.00
G0 F9000 X-10
G0 F9000 X10
G1 E1.50 F600.00
G1 F4800 Y-10 E0.31930
G1 E-1.60 F600.00
G0 F9000 X-10
G0 F9000 X10
G1 E1.60 F600.00
G1 F4800 Y-10 E0.31930
G1 Z0.2
;Layer 9
G1 F4800 X10 E0.31930
G1 E-0.10 F600.00
G0 F9000 Y-10
G0 F9000 Y10
G1 E0.10 F600.00
G1 F4800 X10 E0.31930
G1 E-0.20 F600.00
G0 F9000 Y-10
G0 F9000 Y10
G1 E0.20 F600.00
G1 F4800 X10 E0.31930
G1 E-0.30 F600.00
G0 F9000 Y-10
G0 F9000 Y10
G1 E0.30 F600.00
G1 F4800 X10 E0.31930
G1 E-0.40 F600.00
G0 F9000 Y-10
G0 F9000 Y10
G1 E0.40 F600.00
G1 F4800 X10 E0.31930
G1 F4800 Y10 E0.31930
G1 E-0.50 F600.00
G0 F9000 X10
G0 F9000 X-10
G1 E0.50 F600.00
G1 F4800 Y10 E0.31930
G1 E-0.60 F600.00
G0 F9000 X10
G0 F9000 X-10
G1 E0.60 F600.00
G1 F4800 Y10 E0.31930
G1 E-0.70 F600.00
G0 F9000 X10
G0 F9000 X-10
G1 E0.70 F600.00
G1 F4800 Y10 E0.31930
G1 E-0.80 F600.00
G0 F9000 X10
G0 F9000 X-10
G1 E0.80 F600.00
G1 F4800 Y10 E0.31930
G1 F4800 X-10 E0.31930
G1 E-0.90 F600.00
G0 F9000 Y10
G0 F9000 Y-10
G1 E0.90 F600.00
G1 F4800 X-10 E0.31930
G1 E-1.00 F600.00
G0 F9000 Y10
G0 F9000 Y-10
G1 E1.00 F600.00
G1 F4800 X-10 E0.31930
G1 E-1.10 F600.00
G0 F9000 Y10
G0 F9000 Y-10
G1 E1.10 F600.00
G1 F4800 X-10 E0.31930
G1 E-1.20 F600.00
G0 F9000 Y10
G0 F9000 Y-10
G1 E1.20 F600.00
G1 F4800 X-10 E0.31930
G1 F4800 Y-10 E0.31930
G1 E-1.30 F600.00
G0 F9000 X-10
G0 F9000 X10
G1 E1.30 F600.00
G1 F4800 Y-10 E0.31930
G1 E-1.40 F600.00
G0 F9000 X-10
G0 F9000 X10
G1 E1.40 F600.00
G1 F4800 Y-10 E0.31930
G1 E-1.50 F600.00
G0 F9000 X-10
G0 F9000 X10
G1 E1.50 F600.00
G1 F4800 Y-10 E0.31930
G1 E-1.60 F600.00
G0 F9000 X-10
G0 F9000 X10
G1 E1.60 F600.00
G1 F4800 Y-10 E0.31930
G1 Z0.2
;Layer 10
G1 F4800 X10 E0.31930
G1 E-0.10 F600.00
G0 F9000 Y-10
G0 F9000 Y10
G1 E0.10 F600.00
G1 F4800 X10 E0.31930
G1 E-0.20 F600.00
G0 F9000 Y-10
G0 F9000 Y10
G1 E0.20 F600.00
G1 F4800 X10 E0.31930
G1 E-0.30 F600.00
G0 F9000 Y-10
G0 F9000 Y10
G1 E0.30 F600.00
G1 F4800 X10 E0.31930
G1 E-0.40 F600.00
G0 F9000 Y-10
G0 F9000 Y10
G1 E0.40 F600.00
G1 F4800 X10 E0.31930
G1 F4800 Y10 E0.31930
G1 E-0.50 F600.00
G0 F9000 X10
G0 F9000 X-10
G1 E0.50 F600.00
G1 F4800 Y10 E0.31930
G1 E-0.60 F600.00
G0 F9000 X10
G0 F9000 X-10
G1 E0.60 F600.00
G1 F4800 Y10 E0.31930
G1 E-0.70 F600.00
G0 F9000 X10
G0 F9000 X-10
G1 E0.70 F600.00
G1 F4800 Y10 E0.31930
G1 E-0.80 F600.00
G0 F9000 X10
G0 F9000 X-10
G1 E0.80 F600.00
G1 F4800 Y10 E0.31930
G1 F4800 X-10 E0.31930
G1 E-0.90 F600.00
G0 F9000 Y10
G0 F9000 Y-10
G1 E0.90 F600.00
G1 F4800 X-10 E0.31930
G1 E-1.00 F600.00
G0 F9000 Y10
G0 F9000 Y-10
G1 E1.00 F600.00
G1 F4800 X-10 E0.31930
G1 E-1.10 F600.00
G0 F9000 Y10
G0 F9000 Y-10
G1 E1.10 F600.00
G1 F4800 X-10 E0.31930
G1 E-1.20 F600.00
G0 F9000 Y10
G0 F9000 Y-10
G1 E1.20 F600.00
G1 F4800 X-10 E0.31930
G1 F4800 Y-10 E0.31930
G1 E-1.30 F600.00
G0 F9000 X-10
G0 F9000 X10
G1 E1.30 F600.00
G1 F4800 Y-10 E0.31930
G1 E-1.40 F600.00
G0 F9000 X-10
G0 F9000 X10
G1 E1.40 F600.00
G1 F4800 Y-10 E0.31930
G1 E-1.50 F600.00
G0 F9000 X-10
G0 F9000 X10
G1 E1.50 F600.00
G1 F4800 Y-10 E0.31930
G1 E-1.60 F600.00
G0 F9000 X-10
G0 F9000 X10
G1 E1.60 F600.00
G1 F4800 Y-10 E0.31930
G1 Z0.2
;Layer 11
G1 F4800 X10 E0.31930
G1 E-0.10 F600.00
G0 F9000 Y-10
G0 F9000 Y10
G1 E0.10 F600.00
G1 F4800 X10 E0.31930
G1 E-0.20 F600.00
G0 F9000 Y-10
G0 F9000 Y10
G1 E0.20 F600.00
G1 F4800 X10 E0.31930
G1 E-0.30 F600.00
G0 F9000 Y-10
G0 F9000 Y10
G1 E0.30 F600.00
G1 F4800 X10 E0.31930
G1 E-0.40 F600.00
G0 F9000 Y-10
G0 F9000 Y10
G1 E0.40 F600.00
G1 F4800 X10 E0.31930
G1 F4800 Y10 E0.31930
G1 E-0.50 F600.00
G0 F9000 X10
G0 F9000 X-10
G1 E0.50 F600.00
G1 F4800 Y10 E0.31930
G1 E-0.60 F600.00
G0 F9000 X10
G0 F9000 X-10
G1 E0.60 F600.00
G1 F4800 Y10 E0.31930
G1 E-0.70 F600.00
G0 F9000 X10
G0 F9000 X-10
G1 E0.70 F600.00
G1 F4800 Y10 E0.31930
G1 E-0.80 F600.00
G0 F9000 X10
G0 F9000 X-10
G1 E0.80 F600.00
G1 F4800 Y10 E0.31930
G1 F4800 X-10 E0.31930
G1 E-0.90 F600.00
G0 F9000 Y10
G0 F9000 Y-10
G1 E0.90 F600.00
G1 F4800 X-10 E0.31930
G1 E-1.00 F600.00
G0 F9000 Y10
G0 F9000 Y-10
G1 E1.00 F600.00
G1 F4800 X-10 E0.31930
G1 E-1.10 F600.00
G0 F9000 Y10
G0 F9000 Y-10
G1 E1.10 F600.00
G1 F4800 X-10 E0.31930
G1 E-1.20 F600.00
G0 F9000 Y10
G0 F9000 Y-10
G1 E1.20 F600.00
G1 F4800 X-10 E0.31930
G1 F4800 Y-10 E0.31930
G1 E-1.30 F600.00
G0 F9000 X-10
G0 F9000 X10
G1 E1.30 F600.00
G1 F4800 Y-10 E0.31930
G1 E-1.40 F600.00
G0 F9000 X-10
G0 F9000 X10
G1 E1.40 F600.00
G1 F4800 Y-10 E0.31930
G1 E-1.50 F600.00
G0 F9000 X-10
G0 F9000 X10
G1 E1.50 F600.00
G1 F4800 Y-10 E0.31930
G1 E-1.60 F600.00
G0 F9000 X-10
G0 F9000 X10
G1 E1.60 F600.00
G1 F4800 Y-10 E0.31930
G1 Z0.2
;Layer 12
G1 F4800 X10 E0.31930
G1 E-0.10 F600.00
G0 F9000 Y-10
G0 F9000 Y10
G1 E0.10 F600.00
G1 F4800 X10 E0.31930
G1 E-0.20 F600.00
G0 F9000 Y-10
G0 F9000 Y10
G1 E0.20 F600.00
G1 F4800 X10 E0.31930
G1 E-0.30 F600.00
G0 F9000 Y-10
G0 F9000 Y10
G1 E0.30 F600.00
G1 F4800 X10 E0.31930
G1 E-0.40 F600.00
G0 F9000 Y-10
G0 F9000 Y10
G1 E0.40 F600.00
G1 F4800 X10 E0.31930
G1 F4800 Y10 E0.31930
G1 E-0.50 F600.00
G0 F9000 X10
G0 F9000 X-10
G1 E0.50 F600.00
G1 F4800 Y10 E0.31930
G1 E-0.60 F600.00
G0 F9000 X10
G0 F9000 X-10
G1 E0.60 F600.00
G1 F4800 Y10 E0.31930
G1 E-0.70 F600.00
G0 F9000 X10
G0 F9000 X-10
G1 E0.70 F600.00
G1 F4800 Y10 E0.31930
G1 E-0.80 F600.00
G0 F9000 X10
G0 F9000 X-10
G1 E0.80 F600.00
G1 F4800 Y10 E0.31930
G1 F4800 X-10 E0.31930
G1 E-0.90 F600.00
G0 F9000 Y10
G0 F9000 Y-10
G1 E0.90 F600.00
G1 F4800 X-10 E0.31930
G1 E-1.00 F600.00
G0 F9000 Y10
G0 F9000 Y-10
G1 E1.00 F600.00
G1 F4800 X-10 E0.31930
G1 E-1.10 F600.00
G0 F9000 Y10
G0 F9000 Y-10
G1 E1.10 F600.00
G1 F4800 X-10 E0.31930
G1 E-1.20 F600.00
G0 F9000 Y10
G0 F9000 Y-10
G1 E1.20 F600.00
G1 F4800 X-10 E0.31930
G1 F4800 Y-10 E0.31930
G1 E-1.30 F600.00
G0 F9000 X-10
G0 F9000 X10
G1 E1.30 F600.00
G1 F4800 Y-10 E0.31930
G1 E-1.40 F600.00
G0 F9000 X-10
G0 F9000 X10
G1 E1.40 F600.00
G1 F4800 Y-10 E0.31930
G1 E-1.50 F600.00
G0 F9000 X-10
G0 F9000 X10
G1 E1.50 F600.00
G1 F4800 Y-10 E0.31930
G1 E-1.60 F600.00
G0 F9000 X-10
G0 F9000 X10
G1 E1.60 F600.00
G1 F4800 Y-10 E0.31930
G1 Z0.2
;Layer 13
G1 F4800 X10 E0.31930
G1 E-0.10 F600.00
G0 F9000 Y-10
G0 F9000 Y10
G1 E0.10 F600.00
G1 F4800 X10 E0.31930
G1 E-0.20 F600.00
G0 F9000 Y-10
G0 F9000 Y10
G1 E0.20 F600.00
G1 F4800 X10 E0.31930
G1 E-0.30 F600.00
G0 F9000 Y-10
G0 F9000 Y10
G1 E0.30 F600.00
G1 F4800 X10 E0.31930
G1 E-0.40 F600.00
G0 F9000 Y-10
G0 F9000 Y10
G1 E0.40 F600.00
G1 F4800 X10 E0.31930
G1 F4800 Y10 E0.31930
G1 E-0.50 F600.00
G0 F9000 X10
G0 F9000 X-10
G1 E0.50 F600.00
G1 F4800 Y10 E0.31930
G1 E-0.60 F600.00
G0 F9000 X10
G0 F9000 X-10
G1 E0.60 F600.00
G1 F4800 Y10 E0.31930
G1 E-0.70 F600.00
G0 F9000 X10
G0 F9000 X-10
G1 E0.70 F600.00
G1 F4800 Y10 E0.31930
G1 E-0.80 F600.00
G0 F9000 X10
G0 F9000 X-10
G1 E0.80 F600.00
G1 F4800 Y10 E0.31930
G1 F4800 X-10 E0.31930
G1 E-0.90 F600.00
G0 F9000 Y10
G0 F9000 Y-10
G1 E0.90 F600.00
G1 F4800 X-10 E0.31930
G1 E-1.00 F600.00
G0 F9000 Y10
G0 F9000 Y-10
G1 E1.00 F600.00
G1 F4800 X-10 E0.31930
G1 E-1.10 F600.00
G0 F9000 Y10
G0 F9000 Y-10
G1 E1.10 F600.00
G1 F4800 X-10 E0.31930
G1 E-1.20 F600.00
G0 F9000 Y10
G0 F9000 Y-10
G1 E1.20 F600.00
G1 F4800 X-10 E0.31930
G1 F4800 Y-10 E0.31930
G1 E-1.30 F600.00
G0 F9000 X-10
G0 F9000 X10
G1 E1.30 F600.00
G1 F4800 Y-10 E0.31930
G1 E-1.40 F600.00
G0 F9000 X-10
G0 F9000 X10
G1 E1.40 F600.00
G1 F4800 Y-10 E0.31930
G1 E-1.50 F600.00
G0 F9000 X-10
G0 F9000 X10
G1 E1.50 F600.00
G1 F4800 Y-10 E0.31930
G1 E-1.60 F600.00
G0 F9000 X-10
G0 F9000 X10
G1 E1.60 F600.00
G1 F4800 Y-10 E0.31930
G1 Z0.2
;Layer 14
G1 F4800 X10 E0.31930
G1 E-0.10 F600.00
G0 F9000 Y-10
G0 F9000 Y10
G1 E0.10 F600.00
G1 F4800 X10 E0.31930
G1 E-0.20 F600.00
G0 F9000 Y-10
G0 F9000 Y10
G1 E0.20 F600.00
G1 F4800 X10 E0.31930
G1 E-0.30 F600.00
G0 F9000 Y-10
G0 F9000 Y10
G1 E0.30 F600.00
G1 F4800 X10 E0.31930
G1 E-0.40 F600.00
G0 F9000 Y-10
G0 F9000 Y10
G1 E0.40 F600.00
G1 F4800 X10 E0.31930
G1 F4800 Y10 E0.31930
G1 E-0.50 F600.00
G0 F9000 X10
G0 F9000 X-10
G1 E0.50 F600.00
G1 F4800 Y10 E0.31930
G1 E-0.60 F600.00
G0 F9000 X10
G0 F9000 X-10
G1 E0.60 F600.00
G1 F4800 Y10 E0.31930
G1 E-0.70 F600.00
G0 F9000 X10
G0 F9000 X-10
G1 E0.70 F600.00
G1 F4800 Y10 E0.31930
G1 E-0.80 F600.00
G0 F9000 X10
G0 F9000 X-10
G1 E0.80 F600.00
G1 F4800 Y10 E0.31930
G1 F4800 X-10 E0.31930
G1 E-0.90 F600.00
G0 F9000 Y10
G0 F9000 Y-10
G1 E0.90 F600.00
G1 F4800 X-10 E0.31930
G1 E-1.00 F600.00
G0 F9000 Y10
G0 F9000 Y-10
G1 E1.00 F600.00
G1 F4800 X-10 E0.31930
G1 E-1.10 F600.00
G0 F9000 Y10
G0 F9000 Y-10
G1 E1.10 F600.00
G1 F4800 X-10 E0.31930
G1 E-1.20 F600.00
G0 F9000 Y10
G0 F9000 Y-10
G1 E1.20 F600.00
G1 F4800 X-10 E0.31930
G1 F4800 Y-10 E0.31930
G1 E-1.30 F600.00
G0 F9000 X-10
G0 F9000 X10
G1 E1.30 F600.00
G1 F4800 Y-10 E0.31930
G1 E-1.40 F600.00
G0 F9000 X-10
G0 F9000 X10
G1 E1.40 F600.00
G1 F4800 Y-10 E0.31930
G1 E-1.50 F600.00
G0 F9000 X-10
G0 F9000 X10
G1 E1.50 F600.00
G1 F4800 Y-10 E0.31930
G1 E-1.60 F600.00
G0 F9000 X-10
G0 F9000 X10
G1 E1.60 F600.00
G1 F4800 Y-10 E0.31930
G1 Z0.2
;Layer 15
G1 F4800 X10 E0.31930
G1 E-0.10 F600.00
G0 F9000 Y-10
G0 F9000 Y10
G1 E0.10 F600.00
G1 F4800 X10 E0.31930
G1 E-0.20 F600.00
G0 F9000 Y-10
G0 F9000 Y10
G1 E0.20 F600.00
G1 F4800 X10 E0.31930
G1 E-0.30 F600.00
G0 F9000 Y-10
G0 F9000 Y10
G1 E0.30 F600.00
G1 F4800 X10 E0.31930
G1 E-0.40 F600.00
G0 F9000 Y-10
G0 F9000 Y10
G1 E0.40 F600.00
G1 F4800 X10 E0.31930
G1 F4800 Y10 E0.31930
G1 E-0.50 F600.00
G0 F9000 X10
G0 F9000 X-10
G1 E0.50 F600.00
G1 F4800 Y10 E0.31930
G1 E-0.60 F600.00
G0 F9000 X10
G0 F9000 X-10
G1 E0.60 F600.00
G1 F4800 Y10 E0.31930
G1 E-0.70 F600.00
G0 F9000 X10
G0 F9000 X-10
G1 E0.70 F600.00
G1 F4800 Y10 E0.31930
G1 E-0.80 F600.00
G0 F9000 X10
G0 F9000 X-10
G1 E0.80 F600.00
G1 F4800 Y10 E0.31930
G1 F4800 X-10 E0.31930
G1 E-0.90 F600.00
G0 F9000 Y10
G0 F9000 Y-10
G1 E0.90 F600.00
G1 F4800 X-10 E0.31930
G1 E-1.00 F600.00
G0 F9000 Y10
G0 F9000 Y-10
G1 E1.00 F600.00
G1 F4800 X-10 E0.31930
G1 E-1.10 F600.00
G0 F9000 Y10
G0 F9000 Y-10
G1 E1.10 F600.00
G1 F4800 X-10 E0.31930
G1 E-1.20 F600.00
G0 F9000 Y10
G0 F9000 Y-10
G1 E1.20 F600.00
G1 F4800 X-10 E0.31930
G1 F4800 Y-10 E0.31930
G1 E-1.30 F600.00
G0 F9000 X-10
G0 F9000 X10
G1 E1.30 F600.00
G1 F4800 Y-10 E0.31930
G1 E-1.40 F600.00
G0 F9000 X-10
G0 F9000 X10
G1 E1.40 F600.00
G1 F4800 Y-10 E0.31930
G1 E-1.50 F600.00
G0 F9000 X-10
G0 F9000 X10
G1 E1.50 F600.00
G1 F4800 Y-10 E0.31930
G1 E-1.60 F600.00
G0 F9000 X-10
G0 F9000 X10
G1 E1.60 F600.00
G1 F4800 Y-10 E0.31930
G1 Z0.2
;Layer 16
G1 F4800 X10 E0.31930
G1 E-0.10 F600.00
G0 F9000 Y-10
G0 F9000 Y10
G1 E0.10 F600.00
G1 F4800 X10 E0.31930
G1 E-0.20 F600.00
G0 F9000 Y-10
G0 F9000 Y10
G1 E0.20 F600.00
G1 F4800 X10 E0.31930
G1 E-0.30 F600.00
G0 F9000 Y-10
G0 F9000 Y10
G1 E0.30 F600.00
G1 F4800 X10 E0.31930
G1 E-0.40 F600.00
G0 F9000 Y-10
G0 F9000 Y10
G1 E0.40 F600.00
G1 F4800 X10 E0.31930
G1 F4800 Y10 E0.31930
G1 E-0.50 F600.00
G0 F9000 X10
G0 F9000 X-10
G1 E0.50 F600.00
G1 F4800 Y10 E0.31930
G1 E-0.60 F600.00
G0 F9000 X10
G0 F9000 X-10
G1 E0.60 F600.00
G1 F4800 Y10 E0.31930
G1 E-0.70 F600.00
G0 F9000 X10
G0 F9000 X-10
G1 E0.70 F600.00
G1 F4800 Y10 E0.31930
G1 E-0.80 F600.00
G0 F9000 X10
G0 F9000 X-10
G1 E0.80 F600.00
G1 F4800 Y10 E0.31930
G1 F4800 X-10 E0.31930
G1 E-0.90 F600.00
G0 F9000 Y10
G0 F9000 Y-10
G1 E0.90 F600.00
G1 F4800 X-10 E0.31930
G1 E-1.00 F600.00
G0 F9000 Y10
G0 F9000 Y-10
G1 E1.00 F600.00
G1 F4800 X-10 E0.31930
G1 E-1.10 F600.00
G0 F9000 Y10
G0 F9000 Y-10
G1 E1.10 F600.00
G1 F4800 X-10 E0.31930
G1 E-1.20 F600.00
G0 F9000 Y10
G0 F9000 Y-10
G1 E1.20 F600.00
G1 F4800 X-10 E0.31930
G1 F4800 Y-10 E0.31930
G1 E-1.30 F600.00
G0 F9000 X-10
G0 F9000 X10
G1 E1.30 F600.00
G1 F4800 Y-10 E0.31930
G1 E-1.40 F600.00
G0 F9000 X-10
G0 F9000 X10
G1 E1.40 F600.00
G1 F4800 Y-10 E0.31930
G1 E-1.50 F600.00
G0 F9000 X-10
G0 F9000 X10
G1 E1.50 F600.00
G1 F4800 Y-10 E0.31930
G1 E-1.60 F600.00
G0 F9000 X-10
G0 F9000 X10
G1 E1.60 F600.00
G1 F4800 Y-10 E0.31930
G1 Z0.2
;Layer 17
G1 F4800 X10 E0.31930
G1 E-0.10 F600.00
G0 F9000 Y-10
G0 F9000 Y10
G1 E0.10 F600.00
G1 F4800 X10 E0.31930
G1 E-0.20 F600.00
G0 F9000 Y-10
G0 F9000 Y10
G1 E0.20 F600.00
G1 F4800 X10 E0.31930
G1 E-0.30 F600.00
G0 F9000 Y-10
G0 F9000 Y10
G1 E0.30 F600.00
G1 F4800 X10 E0.31930
G1 E-0.40 F600.00
G0 F9000 Y-10
G0 F9000 Y10
G1 E0.40 F600.00
G1 F4800 X10 E0.31930
G1 F4800 Y10 E0.31930
G1 E-0.50 F600.00
G0 F9000 X10
G0 F9000 X-10
G1 E0.50 F600.00
G1 F4800 Y10 E0.31930
G1 E-0.60 F600.00
G0 F9000 X10
G0 F9000 X-10
G1 E0.60 F600.00
G1 F4800 Y10 E0.31930
G1 E-0.70 F600.00
G0 F9000 X10
G0 F9000 X-10
G1 E0.70 F600.00
G1 F4800 Y10 E0.31930
G1 E-0.80 F600.00
G0 F9000 X10
G0 F9000 X-10
G1 E0.80 F600.00
G1 F4800 Y10 E0.31930
G1 F4800 X-10 E0.31930
G1 E-0.90 F600.00
G0 F9000 Y10
G0 F9000 Y-10
G1 E0.90 F600.00
G1 F4800 X-10 E0.31930
G1 E-1.00 F600.00
G0 F9000 Y10
G0 F9000 Y-10
G1 E1.00 F600.00
G1 F4800 X-10 E0.31930
G1 E-1.10 F600.00
G0 F9000 Y10
G0 F9000 Y-10
G1 E1.10 F600.00
G1 F4800 X-10 E0.31930
G1 E-1.20 F600.00
G0 F9000 Y10
G0 F9000 Y-10
G1 E1.20 F600.00
G1 F4800 X-10 E0.31930
G1 F4800 Y-10 E0.31930
G1 E-1.30 F600.00
G0 F9000 X-10
G0 F9000 X10
G1 E1.30 F600.00
G1 F4800 Y-10 E0.31930
G1 E-1.40 F600.00
G0 F9000 X-10
G0 F9000 X10
G1 E1.40 F600.00
G1 F4800 Y-10 E0.31930
G1 E-1.50 F600.00
G0 F9000 X-10
G0 F9000 X10
G1 E1.50 F600.00
G1 F4800 Y-10 E0.31930
G1 E-1.60 F600.00
G0 F9000 X-10
G0 F9000 X10
G1 E1.60 F600.00
G1 F4800 Y-10 E0.31930
G1 Z0.2
;Layer 18
G1 F4800 X10 E0.31930
G1 E-0.10 F600.00
G0 F9000 Y-10
G0 F9000 Y10
G1 E0.10 F600.00
G1 F4800 X10 E0.31930
G1 E-0.20 F600.00
G0 F9000 Y-10
G0 F9000 Y10
G1 E0.20 F600.00
G1 F4800 X10 E0.31930
G1 E-0.30 F600.00
G0 F9000 Y-10
G0 F9000 Y10
G1 E0.30 F600.00
G1 F4800 X10 E0.31930
G1 E-0.40 F600.00
G0 F9000 Y-10
G0 F9000 Y10
G1 E0.40 F600.00
G1 F4800 X10 E0.31930
G1 F4800 Y10 E0.31930
G1 E-0.50 F600.00
G0 F9000 X10
G0 F9000 X-10
G1 E0.50 F600.00
G1 F4800 Y10 E0.31930
G1 E-0.60 F600.00
G0 F9000 X10
G0 F9000 X-10
G1 E0.60 F600.00
G1 F4800 Y10 E0.31930
G1 E-0.70 F600.00
G0 F9000 X10
G0 F9000 X-10
G1 E0.70 F600.00
G1 F4800 Y10 E0.31930
G1 E-0.80 F600.00
G0 F9000 X10
G0 F9000 X-10
G1 E0.80 F600.00
G1 F4800 Y10 E0.31930
G1 F4800 X-10 E0.31930
G1 E-0.90 F600.00
G0 F9000 Y10
G0 F9000 Y-10
G1 E0.90 F600.00
G1 F4800 X-10 E0.31930
G1 E-1.00 F600.00
G0 F9000 Y10
G0 F9000 Y-10
G1 E1.00 F600.00
G1 F4800 X-10 E0.31930
G1 E-1.10 F600.00
G0 F9000 Y10
G0 F9000 Y-10
G1 E1.10 F600.00
G1 F4800 X-10 E0.31930
G1 E-1.20 F600.00
G0 F9000 Y10
G0 F9000 Y-10
G1 E1.20 F600.00
G1 F4800 X-10 E0.31930
G1 F4800 Y-10 E0.31930
G1 E-1.30 F600.00
G0 F9000 X-10
G0 F9000 X10
G1 E1.30 F600.00
G1 F4800 Y-10 E0.31930
G1 E-1.40 F600.00
G0 F9000 X-10
G0 F9000 X10
G1 E1.40 F600.00
G1 F4800 Y-10 E0.31930
G1 E-1.50 F600.00
G0 F9000 X-10
G0 F9000 X10
G1 E1.50 F600.00
G1 F4800 Y-10 E0.31930
G1 E-1.60 F600.00
G0 F9000 X-10
G0 F9000 X10
G1 E1.60 F600.00
G1 F4800 Y-10 E0.31930
G1 Z0.2
;Layer 19
G1 F4800 X10 E0.31930
G1 E-0.10 F600.00
G0 F9000 Y-10
G0 F9000 Y10
G1 E0.10 F600.00
G1 F4800 X10 E0.31930
G1 E-0.20 F600.00
G0 F9000 Y-10
G0 F9000 Y10
G1 E0.20 F600.00
G1 F4800 X10 E0.31930
G1 E-0.30 F600.00
G0 F9000 Y-10
G0 F9000 Y10
G1 E0.30 F600.00
G1 F4800 X10 E0.31930
G1 E-0.40 F600.00
G0 F9000 Y-10
G0 F9000 Y10
G1 E0.40 F600.00
G1 F4800 X10 E0.31930
G1 F4800 Y10 E0.31930
G1 E-0.50 F600.00
G0 F9000 X10
G0 F9000 X-10
G1 E0.50 F600.00
G1 F4800 Y10 E0.31930
G1 E-0.60 F600.00
G0 F9000 X10
G0 F9000 X-10
G1 E0.60 F600.00
G1 F4800 Y10 E0.31930
G1 E-0.70 F600.00
G0 F9000 X10
G0 F9000 X-10
G1 E0.70 F600.00
G1 F4800 Y10 E0.31930
G1 E-0.80 F600.00
G0 F9000 X10
G0 F9000 X-10
G1 E0.80 F600.00
G1 F4800 Y10 E0.31930
G1 F4800 X-10 E0.31930
G1 E-0.90 F600.00
G0 F9000 Y10
G0 F9000 Y-10
G1 E0.90 F600.00
G1 F4800 X-10 E0.31930
G1 E-1.00 F600.00
G0 F9000 Y10
G0 F9000 Y-10
G1 E1.00 F600.00
G1 F4800 X-10 E0.31930
G1 E-1.10 F600.00
G0 F9000 Y10
G0 F9000 Y-10
G1 E1.10 F600.00
G1 F4800 X-10 E0.31930
G1 E-1.20 F600.00
G0 F9000 Y10
G0 F9000 Y-10
G1 E1.20 F600.00
G1 F4800 X-10 E0.31930
G1 F4800 Y-10 E0.31930
G1 E-1.30 F600.00
G0 F9000 X-10
G0 F9000 X10
G1 E1.30 F600.00
G1 F4800 Y-10 E0.31930
G1 E-1.40 F600.00
G0 F9000 X-10
G0 F9000 X10
G1 E1.40 F600.00
G1 F4800 Y-10 E0.31930
G1 E-1.50 F600.00
G0 F9000 X-10
G0 F9000 X10
G1 E1.50 F600.00
G1 F4800 Y-10 E0.31930
G1 E-1.60 F600.00
G0 F9000 X-10
G0 F9000 X10
G1 E1.60 F600.00
G1 F4800 Y-10 E0.31930
G1 Z0.2
;Layer 20
G1 F4800 X10 E0.31930
G1 E-0.10 F600.00
G0 F9000 Y-10
G0 F9000 Y10
G1 E0.10 F600.00
G1 F4800 X10 E0.31930
G1 E-0.20 F600.00
G0 F9000 Y-10
G0 F9000 Y10
G1 E0.20 F600.00
G1 F4800 X10 E0.31930
G1 E-0.30 F600.00
G0 F9000 Y-10
G0 F9000 Y10
G1 E0.30 F600.00
G1 F4800 X10 E0.31930
G1 E-0.40 F600.00
G0 F9000 Y-10
G0 F9000 Y10
G1 E0.40 F600.00
G1 F4800 X10 E0.31930
G1 F4800 Y10 E0.31930
G1 E-0.50 F600.00
G0 F9000 X10
G0 F9000 X-10
G1 E0.50 F600.00
G1 F4800 Y10 E0.31930
G1 E-0.60 F600.00
G0 F9000 X10
G0 F9000 X-10
G1 E0.60 F600.00
G1 F4800 Y10 E0.31930
G1 E-0.70 F600.00
G0 F9000 X10
G0 F9000 X-10
G1 E0.70 F600.00
G1 F4800 Y10 E0.31930
G1 E-0.80 F600.00
G0 F9000 X10
G0 F9000 X-10
G1 E0.80 F600.00
G1 F4800 Y10 E0.31930
G1 F4800 X-10 E0.31930
G1 E-0.90 F600.00
G0 F9000 Y10
G0 F9000 Y-10
G1 E0.90 F600.00
G1 F4800 X-10 E0.31930
G1 E-1.00 F600.00
G0 F9000 Y10
G0 F9000 Y-10
G1 E1.00 F600.00
G1 F4800 X-10 E0.31930
G1 E-1.10 F600.00
G0 F9000 Y10
G0 F9000 Y-10
G1 E1.10 F600.00
G1 F4800 X-10 E0.31930
G1 E-1.20 F600.00
G0 F9000 Y10
G0 F9000 Y-10
G1 E1.20 F600.00
G1 F4800 X-10 E0.31930
G1 F4800 Y-10 E0.31930
G1 E-1.30 F600.00
G0 F9000 X-10
G0 F9000 X10
G1 E1.30 F600.00
G1 F4800 Y-10 E0.31930
G1 E-1.40 F600.00
G0 F9000 X-10
G0 F9000 X10
G1 E1.40 F600.00
G1 F4800 Y-10 E0.31930
G1 E-1.50 F600.00
G0 F9000 X-10
G0 F9000 X10
G1 E1.50 F600.00
G1 F4800 Y-10 E0.31930
G1 E-1.60 F600.00
G0 F9000 X-10
G0 F9000 X10
G1 E1.60 F600.00
G1 F4800 Y-10 E0.31930
G1 Z0.2
;Layer 21
G1 F4800 X10 E0.31930
G1 E-0.10 F600.00
G0 F9000 Y-10
G0 F9000 Y10
G1 E0.10 F600.00
G1 F4800 X10 E0.31930
G1 E-0.20 F600.00
G0 F9000 Y-10
G0 F9000 Y10
G1 E0.20 F600.00
G1 F4800 X10 E0.31930
G1 E-0.30 F600.00
G0 F9000 Y-10
G0 F9000 Y10
G1 E0.30 F600.00
G1 F4800 X10 E0.31930
G1 E-0.40 F600.00
G0 F9000 Y-10
G0 F9000 Y10
G1 E0.40 F600.00
G1 F4800 X10 E0.31930
G1 F4800 Y10 E0.31930
G1 E-0.50 F600.00
G0 F9000 X10
G0 F9000 X-10
G1 E0.50 F600.00
G1 F4800 Y10 E0.31930
G1 E-0.60 F600.00
G0 F9000 X10
G0 F9000 X-10
G1 E0.60 F600.00
G1 F4800 Y10 E0.31930
G1 E-0.70 F600.00
G0 F9000 X10
G0 F9000 X-10
G1 E0.70 F600.00
G1 F4800 Y10 E0.31930
G1 E-0.80 F600.00
G0 F9000 X10
G0 F9000 X-10
G1 E0.80 F600.00
G1 F4800 Y10 E0.31930
G1 F4800 X-10 E0.31930
G1 E-0.90 F600.00
G0 F9000 Y10
G0 F9000 Y-10
G1 E0.90 F600.00
G1 F4800 X-10 E0.31930
G1 E-1.00 F600.00
G0 F9000 Y10
G0 F9000 Y-10
G1 E1.00 F600.00
G1 F4800 X-10 E0.31930
G1 E-1.10 F600.00
G0 F9000 Y10
G0 F9000 Y-10
G1 E1.10 F600.00
G1 F4800 X-10 E0.31930
G1 E-1.20 F600.00
G0 F9000 Y10
G0 F9000 Y-10
G1 E1.20 F600.00
G1 F4800 X-10 E0.31930
G1 F4800 Y-10 E0.31930
G1 E-1.30 F600.00
G0 F9000 X-10
G0 F9000 X10
G1 E1.30 F600.00
G1 F4800 Y-10 E0.31930
G1 E-1.40 F600.00
G0 F9000 X-10
G0 F9000 X10
G1 E1.40 F600.00
G1 F4800 Y-10 E0.31930
G1 E-1.50 F600.00
G0 F9000 X-10
G0 F9000 X10
G1 E1.50 F600.00
G1 F4800 Y-10 E0.31930
G1 E-1.60 F600.00
G0 F9000 X-10
G0 F9000 X10
G1 E1.60 F600.00
G1 F4800 Y-10 E0.31930
G1 Z0.2
;Layer 22
G1 F4800 X10 E0.31930
G1 E-0.10 F600.00
G0 F9000 Y-10
G0 F9000 Y10
G1 E0.10 F600.00
G1 F4800 X10 E0.31930
G1 E-0.20 F600.00
G0 F9000 Y-10
G0 F9000 Y10
G1 E0.20 F600.00
G1 F4800 X10 E0.31930
G1 E-0.30 F600.00
G0 F9000 Y-10
G0 F9000 Y10
G1 E0.30 F600.00
G1 F4800 X10 E0.31930
G1 E-0.40 F600.00
G0 F9000 Y-10
G0 F9000 Y10
G1 E0.40 F600.00
G1 F4800 X10 E0.31930
G1 F4800 Y10 E0.31930
G1 E-0.50 F600.00
G0 F9000 X10
G0 F9000 X-10
G1 E0.50 F600.00
G1 F4800 Y10 E0.31930
G1 E-0.60 F600.00
G0 F9000 X10
G0 F9000 X-10
G1 E0.60 F600.00
G1 F4800 Y10 E0.31930
G1 E-0.70 F600.00
G0 F9000 X10
G0 F9000 X-10
G1 E0.70 F600.00
G1 F4800 Y10 E0.31930
G1 E-0.80 F600.00
G0 F9000 X10
G0 F9000 X-10
G1 E0.80 F600.00
G1 F4800 Y10 E0.31930
G1 F4800 X-10 E0.31930
G1 E-0.90 F600.00
G0 F9000 Y10
G0 F9000 Y-10
G1 E0.90 F600.00
G1 F4800 X-10 E0.31930
G1 E-1.00 F600.00
G0 F9000 Y10
G0 F9000 Y-10
G1 E1.00 F600.00
G1 F4800 X-10 E0.31930
G1 E-1.10 F600.00
G0 F9000 Y10
G0 F9000 Y-10
G1 E1.10 F600.00
G1 F4800 X-10 E0.31930
G1 E-1.20 F600.00
G0 F9000 Y10
G0 F9000 Y-10
G1 E1.20 F600.00
G1 F4800 X-10 E0.31930
G1 F4800 Y-10 E0.31930
G1 E-1.30 F600.00
G0 F9000 X-10
G0 F9000 X10
G1 E1.30 F600.00
G1 F4800 Y-10 E0.31930
G1 E-1.40 F600.00
G0 F9000 X-10
G0 F9000 X10
G1 E1.40 F600.00
G1 F4800 Y-10 E0.31930
G1 E-1.50 F600.00
G0 F9000 X-10
G0 F9000 X10
G1 E1.50 F600.00
G1 F4800 Y-10 E0.31930
G1 E-1.60 F600.00
G0 F9000 X-10
G0 F9000 X10
G1 E1.60 F600.00
G1 F4800 Y-10 E0.31930
G1 Z0.2
;Layer 23
G1 F4800 X10 E0.31930
G1 E-0.10 F600.00
G0 F9000 Y-10
G0 F9000 Y10
G1 E0.10 F600.00
G1 F4800 X10 E0.31930
G1 E-0.20 F600.00
G0 F9000 Y-10
G0 F9000 Y10
G1 E0.20 F600.00
G1 F4800 X10 E0.31930
G1 E-0.30 F600.00
G0 F9000 Y-10
G0 F9000 Y10
G1 E0.30 F600.00
G1 F4800 X10 E0.31930
G1 E-0.40 F600.00
G0 F9000 Y-10
G0 F9000 Y10
G1 E0.40 F600.00
G1 F4800 X10 E0.31930
G1 F4800 Y10 E0.31930
G1 E-0.50 F600.00
G0 F9000 X10
G0 F9000 X-10
G1 E0.50 F600.00
G1 F4800 Y10 E0.31930
G1 E-0.60 F600.00
G0 F9000 X10
G0 F9000 X-10
G1 E0.60 F600.00
G1 F4800 Y10 E0.31930
G1 E-0.70 F600.00
G0 F9000 X10
G0 F9000 X-10
G1 E0.70 F600.00
G1 F4800 Y10 E0.31930
G1 E-0.80 F600.00
G0 F9000 X10
G0 F9000 X-10
G1 E0.80 F600.00
G1 F4800 Y10 E0.31930
G1 F4800 X-10 E0.31930
G1 E-0.90 F600.00
G0 F9000 Y10
G0 F9000 Y-10
G1 E0.90 F600.00
G1 F4800 X-10 E0.31930
G1 E-1.00 F600.00
G0 F9000 Y10
G0 F9000 Y-10
G1 E1.00 F600.00
G1 F4800 X-10 E0.31930
G1 E-1.10 F600.00
G0 F9000 Y10
G0 F9000 Y-10
G1 E1.10 F600.00
G1 F4800 X-10 E0.31930
G1 E-1.20 F600.00
G0 F9000 Y10
G0 F9000 Y-10
G1 E1.20 F600.00
G1 F4800 X-10 E0.31930
G1 F4800 Y-10 E0.31930
G1 E-1.30 F600.00
G0 F9000 X-10
G0 F9000 X10
G1 E1.30 F600.00
G1 F4800 Y-10 E0.31930
G1 E-1.40 F600.00
G0 F9000 X-10
G0 F9000 X10
G1 E1.40 F600.00
G1 F4800 Y-10 E0.31930
G1 E-1.50 F600.00
G0 F9000 X-10
G0 F9000 X10
G1 E1.50 F600.00
G1 F4800 Y-10 E0.31930
G1 E-1.60 F600.00
G0 F9000 X-10
G0 F9000 X10
G1 E1.60 F600.00
G1 F4800 Y-10 E0.31930
G1 Z0.2
;Layer 24
G1 F4800 X10 E0.31930
G1 E-0.10 F600.00
G0 F9000 Y-10
G0 F9000 Y10
G1 E0.10 F600.00
G1 F4800 X10 E0.31930
G1 E-0.20 F600.00
G0 F9000 Y-10
G0 F9000 Y10
G1 E0.20 F600.00
G1 F4800 X10 E0.31930
G1 E-0.30 F600.00
G0 F9000 Y-10
G0 F9000 Y10
G1 E0.30 F600.00
G1 F4800 X10 E0.31930
G1 E-0.40 F600.00
G0 F9000 Y-10
G0 F9000 Y10
G1 E0.40 F600.00
G1 F4800 X10 E0.31930
G1 F4800 Y10 E0.31930
G1 E-0.50 F600.00
G0 F9000 X10
G0 F9000 X-10
G1 E0.50 F600.00
G1 F4800 Y10 E0.31930
G1 E-0.60 F600.00
G0 F9000 X10
G0 F9000 X-10
G1 E0.60 F600.00
G1 F4800 Y10 E0.31930
G1 E-0.70 F600.00
G0 F9000 X10
G0 F9000 X-10
G1 E0.70 F600.00
G1 F4800 Y10 E0.31930
G1 E-0.80 F600.00
G0 F9000 X10
G0 F9000 X-10
G1 E0.80 F600.00
G1 F4800 Y10 E0.31930
G1 F4800 X-10 E0.31930
G1 E-0.90 F600.00
G0 F9000 Y10
G0 F9000 Y-10
G1 E0.90 F600.00
G1 F4800 X-10 E0.31930
G1 E-1.00 F600.00
G0 F9000 Y10
G0 F9000 Y-10
G1 E1.00 F600.00
G1 F4800 X-10 E0.31930
G1 E-1.10 F600.00
G0 F9000 Y10
G0 F9000 Y-10
G1 E1.10 F600.00
G1 F4800 X-10 E0.31930
G1 E-1.20 F600.00
G0 F9000 Y10
G0 F9000 Y-10
G1 E1.20 F600.00
G1 F4800 X-10 E0.31930
G1 F4800 Y-10 E0.31930
G1 E-1.30 F600.00
G0 F9000 X-10
G0 F9000 X10
G1 E1.30 F600.00
G1 F4800 Y-10 E0.31930
G1 E-1.40 F600.00
G0 F9000 X-10
G0 F9000 X10
G1 E1.40 F600.00
G1 F4800 Y-10 E0.31930
G1 E-1.50 F600.00
G0 F9000 X-10
G0 F9000 X10
G1 E1.50 F600.00
G1 F4800 Y-10 E0.31930
G1 E-1.60 F600.00
G0 F9000 X-10
G0 F9000 X10
G1 E1.60 F600.00
G1 F4800 Y-10 E0.31930
G1 Z0.2
;Layer 25
G1 F4800 X10 E0.31930
G1 E-0.10 F600.00
G0 F9000 Y-10
G0 F9000 Y10
G1 E0.10 F600.00
G1 F4800 X10 E0.31930
G1 E-0.20 F600.00
G0 F9000 Y-10
G0 F9000 Y10
G1 E0.20 F600.00
G1 F4800 X10 E0.31930
G1 E-0.30 F600.00
G0 F9000 Y-10
G0 F9000 Y10
G1 E0.30 F600.00
G1 F4800 X10 E0.31930
G1 E-0.40 F600.00
G0 F9000 Y-10
G0 F9000 Y10
G1 E0.40 F600.00
G1 F4800 X10 E0.31930
G1 F4800 Y10 E0.31930
G1 E-0.50 F600.00
G0 F9000 X10
G0 F9000 X-10
G1 E0.50 F600.00
G1 F4800 Y10 E0.31930
G1 E-0.60 F600.00
G0 F9000 X10
G0 F9000 X-10
G1 E0.60 F600.00
G1 F4800 Y10 E0.31930
G1 E-0.70 F600.00
G0 F9000 X10
G0 F9000 X-10
G1 E0.70 F600.00
G1 F4800 Y10 E0.31930
G1 E-0.80 F600.00
G0 F9000 X10
G0 F9000 X-10
G1 E0.80 F600.00
G1 F4800 Y10 E0.31930
G1 F4800 X-10 E0.31930
G1 E-0.90 F600.00
G0 F9000 Y10
G0 F9000 Y-10
G1 E0.90 F600.00
G1 F4800 X-10 E0.31930
G1 E-1.00 F600.00
G0 F9000 Y10
G0 F9000 Y-10
G1 E1.00 F600.00
G1 F4800 X-10 E0.31930
G1 E-1.10 F600.00
G0 F9000 Y10
G0 F9000 Y-10
G1 E1.10 F600.00
G1 F4800 X-10 E0.31930
G1 E-1.20 F600.00
G0 F9000 Y10
G0 F9000 Y-10
G1 E1.20 F600.00
G1 F4800 X-10 E0.31930
G1 F4800 Y-10 E0.31930
G1 E-1.30 F600.00
G0 F9000 X-10
G0 F9000 X10
G1 E1.30 F600.00
G1 F4800 Y-10 E0.31930
G1 E-1.40 F600.00
G0 F9000 X-10
G0 F9000 X10
G1 E1.40 F600.00
G1 F4800 Y-10 E0.31930
G1 E-1.50 F600.00
G0 F9000 X-10
G0 F9000 X10
G1 E1.50 F600.00
G1 F4800 Y-10 E0.31930
G1 E-1.60 F600.00
G0 F9000 X-10
G0 F9000 X10
G1 E1.60 F600.00
G1 F4800 Y-10 E0.31930
G1 Z0.2
;Layer 26
G1 F4800 X10 E0.31930
G1 E-0.10 F600.00
G0 F9000 Y-10
G0 F9000 Y10
G1 E0.10 F600.00
G1 F4800 X10 E0.31930
G1 E-0.20 F600.00
G0 F9000 Y-10
G0 F9000 Y10
G1 E0.20 F600.00
G1 F4800 X10 E0.31930
G1 E-0.30 F600.00
G0 F9000 Y-10
G0 F9000 Y10
G1 E0.30 F600.00
G1 F4800 X10 E0.31930
G1 E-0.40 F600.00
G0 F9000 Y-10
G0 F9000 Y10
G1 E0.40 F600.00
G1 F4800 X10 E0.31930
G1 F4800 Y10 E0.31930
G1 E-0.50 F600.00
G0 F9000 X10
G0 F9000 X-10
G1 E0.50 F600.00
G1 F4800 Y10 E0.31930
G1 E-0.60 F600.00
G0 F9000 X10
G0 F9000 X-10
G1 E0.60 F600.00
G1 F4800 Y10 E0.31930
G1 E-0.70 F600.00
G0 F9000 X10
G0 F9000 X-10
G1 E0.70 F600.00
G1 F4800 Y10 E0.31930
G1 E-0.80 F600.00
G0 F9000 X10
G0 F9000 X-10
G1 E0.80 F600.00
G1 F4800 Y10 E0.31930
G1 F4800 X-10 E0.31930
G1 E-0.90 F600.00
G0 F9000 Y10
G0 F9000 Y-10
G1 E0.90 F600.00
G1 F4800 X-10 E0.31930
G1 E-1.00 F600.00
G0 F9000 Y10
G0 F9000 Y-10
G1 E1.00 F600.00
G1 F4800 X-10 E0.31930
G1 E-1.10 F600.00
G0 F9000 Y10
G0 F9000 Y-10
G1 E1.10 F600.00
G1 F4800 X-10 E0.31930
G1 E-1.20 F600.00
G0 F9000 Y10
G0 F9000 Y-10
G1 E1.20 F600.00
G1 F4800 X-10 E0.31930
G1 F4800 Y-10 E0.31930
G1 E-1.30 F600.00
G0 F9000 X-10
G0 F9000 X10
G1 E1.30 F600.00
G1 F4800 Y-10 E0.31930
G1 E-1.40 F600.00
G0 F9000 X-10
G0 F9000 X10
G1 E1.40 F600.00
G1 F4800 Y-10 E0.31930
G1 E-1.50 F600.00
G0 F9000 X-10
G0 F9000 X10
G1 E1.50 F600.00
G1 F4800 Y-10 E0.31930
G1 E-1.60 F600.00
G0 F9000 X-10
G0 F9000 X10
G1 E1.60 F600.00
G1 F4800 Y-10 E0.31930
G1 Z0.2
;Layer 27
G1 F4800 X10 E0.31930
G1 E-0.10 F600.00
G0 F9000 Y-10
G0 F9000 Y10
G1 E0.10 F600.00
G1 F4800 X10 E0.31930
G1 E-0.20 F600.00
G0 F9000 Y-10
G0 F9000 Y10
G1 E0.20 F600.00
G1 F4800 X10 E0.31930
G1 E-0.30 F600.00
G0 F9000 Y-10
G0 F9000 Y10
G1 E0.30 F600.00
G1 F4800 X10 E0.31930
G1 E-0.40 F600.00
G0 F9000 Y-10
G0 F9000 Y10
G1 E0.40 F600.00
G1 F4800 X10 E0.31930
G1 F4800 Y10 E0.31930
G1 E-0.50 F600.00
G0 F9000 X10
G0 F9000 X-10
G1 E0.50 F600.00
G1 F4800 Y10 E0.31930
G1 E-0.60 F600.00
G0 F9000 X10
G0 F9000 X-10
G1 E0.60 F600.00
G1 F4800 Y10 E0.31930
G1 E-0.70 F600.00
G0 F9000 X10
G0 F9000 X-10
G1 E0.70 F600.00
G1 F4800 Y10 E0.31930
G1 E-0.80 F600.00
G0 F9000 X10
G0 F9000 X-10
G1 E0.80 F600.00
G1 F4800 Y10 E0.31930
G1 F4800 X-10 E0.31930
G1 E-0.90 F600.00
G0 F9000 Y10
G0 F9000 Y-10
G1 E0.90 F600.00
G1 F4800 X-10 E0.31930
G1 E-1.00 F600.00
G0 F9000 Y10
G0 F9000 Y-10
G1 E1.00 F600.00
G1 F4800 X-10 E0.31930
G1 E-1.10 F600.00
G0 F9000 Y10
G0 F9000 Y-10
G1 E1.10 F600.00
G1 F4800 X-10 E0.31930
G1 E-1.20 F600.00
G0 F9000 Y10
G0 F9000 Y-10
G1 E1.20 F600.00
G1 F4800 X-10 E0.31930
G1 F4800 Y-10 E0.31930
G1 E-1.30 F600.00
G0 F9000 X-10
G0 F9000 X10
G1 E1.30 F600.00
G1 F4800 Y-10 E0.31930
G1 E-1.40 F600.00
G0 F9000 X-10
G0 F9000 X10
G1 E1.40 F600.00
G1 F4800 Y-10 E0.31930
G1 E-1.50 F600.00
G0 F9000 X-10
G0 F9000 X10
G1 E1.50 F600.00
G1 F4800 Y-10 E0.31930
G1 E-1.60 F600.00
G0 F9000 X-10
G0 F9000 X10
G1 E1.60 F600.00
G1 F4800 Y-10 E0.31930
G1 Z0.2
M106 S64
M104 S240
;Layer 28
G1 F4800 X-2 E0.03193
G1 F4800 Y-2 E0.03193
G1 F4800 X2 E0.03193
G1 F4800 Y2 E0.03193
G1 F4800 X10 E0.31930
G1 E-0.10 F1200.00
G0 F9000 Y-10
G0 F9000 Y10
G1 E0.10 F1200.00
G1 F4800 X10 E0.31930
G1 E-0.20 F1200.00
G0 F9000 Y-10
G0 F9000 Y10
G1 E0.20 F1200.00
G1 F4800 X10 E0.31930
G1 E-0.30 F1200.00
G0 F9000 Y-10
G0 F9000 Y10
G1 E0.30 F1200.00
G1 F4800 X10 E0.31930
G1 E-0.40 F1200.00
G0 F9000 Y-10
G0 F9000 Y10
G1 E0.40 F1200.00
G1 F4800 X10 E0.31930
G1 F4800 X1 E0.03193
G1 F4800 Y-1 E0.03193
G1 F4800 X-1 E0.03193
G1 F4800 Y1 E0.03193
G1 F4800 Y10 E0.31930
G1 E-0.50 F1200.00
G0 F9000 X10
G0 F9000 X-10
G1 E0.50 F1200.00
G1 F4800 Y10 E0.31930
G1 E-0.60 F1200.00
G0 F9000 X10
G0 F9000 X-10
G1 E0.60 F1200.00
G1 F4800 Y10 E0.31930
G1 E-0.70 F1200.00
G0 F9000 X10
G0 F9000 X-10
G1 E0.70 F1200.00
G1 F4800 Y10 E0.31930
G1 E-0.80 F1200.00
G0 F9000 X10
G0 F9000 X-10
G1 E0.80 F1200.00
G1 F4800 Y10 E0.31930
G1 F4800 X1 E0.03193
G1 F4800 Y1 E0.03193
G1 F4800 X-1 E0.03193
G1 F4800 Y-1 E0.03193
G1 F4800 X-10 E0.31930
G1 E-0.90 F1200.00
G0 F9000 Y10
G0 F9000 Y-10
G1 E0.90 F1200.00
G1 F4800 X-10 E0.31930
G1 E-1.00 F1200.00
G0 F9000 Y10
G0 F9000 Y-10
G1 E1.00 F1200.00
G1 F4800 X-10 E0.31930
G1 E-1.10 F1200.00
G0 F9000 Y10
G0 F9000 Y-10
G1 E1.10 F1200.00
G1 F4800 X-10 E0.31930
G1 E-1.20 F1200.00
G0 F9000 Y10
G0 F9000 Y-10
G1 E1.20 F1200.00
G1 F4800 X-10 E0.31930
G1 F4800 X-1 E0.03193
G1 F4800 Y1 E0.03193
G1 F4800 X1 E0.03193
G1 F4800 Y-1 E0.03193
G1 F4800 Y-10 E0.31930
G1 E-1.30 F1200.00
G0 F9000 X-10
G0 F9000 X10
G1 E1.30 F1200.00
G1 F4800 Y-10 E0.31930
G1 E-1.40 F1200.00
G0 F9000 X-10
G0 F9000 X10
G1 E1.40 F1200.00
G1 F4800 Y-10 E0.31930
G1 E-1.50 F1200.00
G0 F9000 X-10
G0 F9000 X10
G1 E1.50 F1200.00
G1 F4800 Y-10 E0.31930
G1 E-1.60 F1200.00
G0 F9000 X-10
G0 F9000 X10
G1 E1.60 F1200.00
G1 F4800 Y-10 E0.31930
G1 Z0.2
;Layer 29
G1 F4800 X10 E0.31930
G1 E-0.10 F1200.00
G0 F9000 Y-10
G0 F9000 Y10
G1 E0.10 F1200.00
G1 F4800 X10 E0.31930
G1 E-0.20 F1200.00
G0 F9000 Y-10
G0 F9000 Y10
G1 E0.20 F1200.00
G1 F4800 X10 E0.31930
G1 E-0.30 F1200.00
G0 F9000 Y-10
G0 F9000 Y10
G1 E0.30 F1200.00
G1 F4800 X10 E0.31930
G1 E-0.40 F1200.00
G0 F9000 Y-10
G0 F9000 Y10
G1 E0.40 F1200.00
G1 F4800 X10 E0.31930
G1 F4800 Y10 E0.31930
G1 E-0.50 F1200.00
G0 F9000 X10
G0 F9000 X-10
G1 E0.50 F1200.00
G1 F4800 Y10 E0.31930
G1 E-0.60 F1200.00
G0 F9000 X10
G0 F9000 X-10
G1 E0.60 F1200.00
G1 F4800 Y10 E0.31930
G1 E-0.70 F1200.00
G0 F9000 X10
G0 F9000 X-10
G1 E0.70 F1200.00
G1 F4800 Y10 E0.31930
G1 E-0.80 F1200.00
G0 F9000 X10
G0 F9000 X-10
G1 E0.80 F1200.00
G1 F4800 Y10 E0.31930
G1 F4800 X-10 E0.31930
G1 E-0.90 F1200.00
G0 F9000 Y10
G0 F9000 Y-10
G1 E0.90 F1200.00
G1 F4800 X-10 E0.31930
G1 E-1.00 F1200.00
G0 F9000 Y10
G0 F9000 Y-10
G1 E1.00 F1200.00
G1 F4800 X-10 E0.31930
G1 E-1.10 F1200.00
G0 F9000 Y10
G0 F9000 Y-10
G1 E1.10 F1200.00
G1 F4800 X-10 E0.31930
G1 E-1.20 F1200.00
G0 F9000 Y10
G0 F9000 Y-10
G1 E1.20 F1200.00
G1 F4800 X-10 E0.31930
G1 F4800 Y-10 E0.31930
G1 E-1.30 F1200.00
G0 F9000 X-10
G0 F9000 X10
G1 E1.30 F1200.00
G1 F4800 Y-10 E0.31930
G1 E-1.40 F1200.00
G0 F9000 X-10
G0 F9000 X10
G1 E1.40 F1200.00
G1 F4800 Y-10 E0.31930
G1 E-1.50 F1200.00
G0 F9000 X-10
G0 F9000 X10
G1 E1.50 F1200.00
G1 F4800 Y-10 E0.31930
G1 E-1.60 F1200.00
G0 F9000 X-10
G0 F9000 X10
G1 E1.60 F1200.00
G1 F4800 Y-10 E0.31930
G1 Z0.2
;Layer 30
G1 F4800 X10 E0.31930
G1 E-0.10 F1200.00
G0 F9000 Y-10
G0 F9000 Y10
G1 E0.10 F1200.00
G1 F4800 X10 E0.31930
G1 E-0.20 F1200.00
G0 F9000 Y-10
G0 F9000 Y10
G1 E0.20 F1200.00
G1 F4800 X10 E0.31930
G1 E-0.30 F1200.00
G0 F9000 Y-10
G0 F9000 Y10
G1 E0.30 F1200.00
G1 F4800 X10 E0.31930
G1 E-0.40 F1200.00
G0 F9000 Y-10
G0 F9000 Y10
G1 E0.40 F1200.00
G1 F4800 X10 E0.31930
G1 F4800 Y10 E0.31930
G1 E-0.50 F1200.00
G0 F9000 X10
G0 F9000 X-10
G1 E0.50 F1200.00
G1 F4800 Y10 E0.31930
G1 E-0.60 F1200.00
G0 F9000 X10
G0 F9000 X-10
G1 E0.60 F1200.00
G1 F4800 Y10 E0.31930
G1 E-0.70 F1200.00
G0 F9000 X10
G0 F9000 X-10
G1 E0.70 F1200.00
G1 F4800 Y10 E0.31930
G1 E-0.80 F1200.00
G0 F9000 X10
G0 F9000 X-10
G1 E0.80 F1200.00
G1 F4800 Y10 E0.31930
G1 F4800 X-10 E0.31930
G1 E-0.90 F1200.00
G0 F9000 Y10
G0 F9000 Y-10
G1 E0.90 F1200.00
G1 F4800 X-10 E0.31930
G1 E-1.00 F1200.00
G0 F9000 Y10
G0 F9000 Y-10
G1 E1.00 F1200.00
G1 F4800 X-10 E0.31930
G1 E-1.10 F1200.00
G0 F9000 Y10
G0 F9000 Y-10
G1 E1.10 F1200.00
G1 F4800 X-10 E0.31930
G1 E-1.20 F1200.00
G0 F9000 Y10
G0 F9000 Y-10
G1 E1.20 F1200.00
G1 F4800 X-10 E0.31930
G1 F4800 Y-10 E0.31930
G1 E-1.30 F1200.00
G0 F9000 X-10
G0 F9000 X10
G1 E1.30 F1200.00
G1 F4800 Y-10 E0.31930
G1 E-1.40 F1200.00
G0 F9000 X-10
G0 F9000 X10
G1 E1.40 F1200.00
G1 F4800 Y-10 E0.31930
G1 E-1.50 F1200.00
G0 F9000 X-10
G0 F9000 X10
G1 E1.50 F1200.00
G1 F4800 Y-10 E0.31930
G1 E-1.60 F1200.00
G0 F9000 X-10
G0 F9000 X10
G1 E1.60 F1200.00
G1 F4800 Y-10 E0.31930
G1 Z0.2
;Layer 31
G1 F4800 X10 E0.31930
G1 E-0.10 F1200.00
G0 F9000 Y-10
G0 F9000 Y10
G1 E0.10 F1200.00
G1 F4800 X10 E0.31930
G1 E-0.20 F1200.00
G0 F9000 Y-10
G0 F9000 Y10
G1 E0.20 F1200.00
G1 F4800 X10 E0.31930
G1 E-0.30 F1200.00
G0 F9000 Y-10
G0 F9000 Y10
G1 E0.30 F1200.00
G1 F4800 X10 E0.31930
G1 E-0.40 F1200.00
G0 F9000 Y-10
G0 F9000 Y10
G1 E0.40 F1200.00
G1 F4800 X10 E0.31930
G1 F4800 Y10 E0.31930
G1 E-0.50 F1200.00
G0 F9000 X10
G0 F9000 X-10
G1 E0.50 F1200.00
G1 F4800 Y10 E0.31930
G1 E-0.60 F1200.00
G0 F9000 X10
G0 F9000 X-10
G1 E0.60 F1200.00
G1 F4800 Y10 E0.31930
G1 E-0.70 F1200.00
G0 F9000 X10
G0 F9000 X-10
G1 E0.70 F1200.00
G1 F4800 Y10 E0.31930
G1 E-0.80 F1200.00
G0 F9000 X10
G0 F9000 X-10
G1 E0.80 F1200.00
G1 F4800 Y10 E0.31930
G1 F4800 X-10 E0.31930
G1 E-0.90 F1200.00
G0 F9000 Y10
G0 F9000 Y-10
G1 E0.90 F1200.00
G1 F4800 X-10 E0.31930
G1 E-1.00 F1200.00
G0 F9000 Y10
G0 F9000 Y-10
G1 E1.00 F1200.00
G1 F4800 X-10 E0.31930
G1 E-1.10 F1200.00
G0 F9000 Y10
G0 F9000 Y-10
G1 E1.10 F1200.00
G1 F4800 X-10 E0.31930
G1 E-1.20 F1200.00
G0 F9000 Y10
G0 F9000 Y-10
G1 E1.20 F1200.00
G1 F4800 X-10 E0.31930
G1 F4800 Y-10 E0.31930
G1 E-1.30 F1200.00
G0 F9000 X-10
G0 F9000 X10
G1 E1.30 F1200.00
G1 F4800 Y-10 E0.31930
G1 E-1.40 F1200.00
G0 F9000 X-10
G0 F9000 X10
G1 E1.40 F1200.00
G1 F4800 Y-10 E0.31930
G1 E-1.50 F1200.00
G0 F9000 X-10
G0 F9000 X10
G1 E1.50 F1200.00
G1 F4800 Y-10 E0.31930
G1 E-1.60 F1200.00
G0 F9000 X-10
G0 F9000 X10
G1 E1.60 F1200.00
G1 F4800 Y-10 E0.31930
G1 Z0.2
;Layer 32
G1 F4800 X10 E0.31930
G1 E-0.10 F1200.00
G0 F9000 Y-10
G0 F9000 Y10
G1 E0.10 F1200.00
G1 F4800 X10 E0.31930
G1 E-0.20 F1200.00
G0 F9000 Y-10
G0 F9000 Y10
G1 E0.20 F1200.00
G1 F4800 X10 E0.31930
G1 E-0.30 F1200.00
G0 F9000 Y-10
G0 F9000 Y10
G1 E0.30 F1200.00
G1 F4800 X10 E0.31930
G1 E-0.40 F1200.00
G0 F9000 Y-10
G0 F9000 Y10
G1 E0.40 F1200.00
G1 F4800 X10 E0.31930
G1 F4800 Y10 E0.31930
G1 E-0.50 F1200.00
G0 F9000 X10
G0 F9000 X-10
G1 E0.50 F1200.00
G1 F4800 Y10 E0.31930
G1 E-0.60 F1200.00
G0 F9000 X10
G0 F9000 X-10
G1 E0.60 F1200.00
G1 F4800 Y10 E0.31930
G1 E-0.70 F1200.00
G0 F9000 X10
G0 F9000 X-10
G1 E0.70 F1200.00
G1 F4800 Y10 E0.31930
G1 E-0.80 F1200.00
G0 F9000 X10
G0 F9000 X-10
G1 E0.80 F1200.00
G1 F4800 Y10 E0.31930
G1 F4800 X-10 E0.31930
G1 E-0.90 F1200.00
G0 F9000 Y10
G0 F9000 Y-10
G1 E0.90 F1200.00
G1 F4800 X-10 E0.31930
G1 E-1.00 F1200.00
G0 F9000 Y10
G0 F9000 Y-10
G1 E1.00 F1200.00
G1 F4800 X-10 E0.31930
G1 E-1.10 F1200.00
G0 F9000 Y10
G0 F9000 Y-10
G1 E1.10 F1200.00
G1 F4800 X-10 E0.31930
G1 E-1.20 F1200.00
G0 F9000 Y10
G0 F9000 Y-10
G1 E1.20 F1200.00
G1 F4800 X-10 E0.31930
G1 F4800 Y-10 E0.31930
G1 E-1.30 F1200.00
G0 F9000 X-10
G0 F9000 X10
G1 E1.30 F1200.00
G1 F4800 Y-10 E0.31930
G1 E-1.40 F1200.00
G0 F9000 X-10
G0 F9000 X10
G1 E1.40 F1200.00
G1 F4800 Y-10 E0.31930
G1 E-1.50 F1200.00
G0 F9000 X-10
G0 F9000 X10
G1 E1.50 F1200.00
G1 F4800 Y-10 E0.31930
G1 E-1.60 F1200.00
G0 F9000 X-10
G0 F9000 X10
G1 E1.60 F1200.00
G1 F4800 Y-10 E0.31930
G1 Z0.2
;Layer 33
G1 F4800 X10 E0.31930
G1 E-0.10 F1200.00
G0 F9000 Y-10
G0 F9000 Y10
G1 E0.10 F1200.00
G1 F4800 X10 E0.31930
G1 E-0.20 F1200.00
G0 F9000 Y-10
G0 F9000 Y10
G1 E0.20 F1200.00
G1 F4800 X10 E0.31930
G1 E-0.30 F1200.00
G0 F9000 Y-10
G0 F9000 Y10
G1 E0.30 F1200.00
G1 F4800 X10 E0.31930
G1 E-0.40 F1200.00
G0 F9000 Y-10
G0 F9000 Y10
G1 E0.40 F1200.00
G1 F4800 X10 E0.31930
G1 F4800 Y10 E0.31930
G1 E-0.50 F1200.00
G0 F9000 X10
G0 F9000 X-10
G1 E0.50 F1200.00
G1 F4800 Y10 E0.31930
G1 E-0.60 F1200.00
G0 F9000 X10
G0 F9000 X-10
G1 E0.60 F1200.00
G1 F4800 Y10 E0.31930
G1 E-0.70 F1200.00
G0 F9000 X10
G0 F9000 X-10
G1 E0.70 F1200.00
G1 F4800 Y10 E0.31930
G1 E-0.80 F1200.00
G0 F9000 X10
G0 F9000 X-10
G1 E0.80 F1200.00
G1 F4800 Y10 E0.31930
G1 F4800 X-10 E0.31930
G1 E-0.90 F1200.00
G0 F9000 Y10
G0 F9000 Y-10
G1 E0.90 F1200.00
G1 F4800 X-10 E0.31930
G1 E-1.00 F1200.00
G0 F9000 Y10
G0 F9000 Y-10
G1 E1.00 F1200.00
G1 F4800 X-10 E0.31930
G1 E-1.10 F1200.00
G0 F9000 Y10
G0 F9000 Y-10
G1 E1.10 F1200.00
G1 F4800 X-10 E0.31930
G1 E-1.20 F1200.00
G0 F9000 Y10
G0 F9000 Y-10
G1 E1.20 F1200.00
G1 F4800 X-10 E0.31930
G1 F4800 Y-10 E0.31930
G1 E-1.30 F1200.00
G0 F9000 X-10
G0 F9000 X10
G1 E1.30 F1200.00
G1 F4800 Y-10 E0.31930
G1 E-1.40 F1200.00
G0 F9000 X-10
G0 F9000 X10
G1 E1.40 F1200.00
G1 F4800 Y-10 E0.31930
G1 E-1.50 F1200.00
G0 F9000 X-10
G0 F9000 X10
G1 E1.50 F1200.00
G1 F4800 Y-10 E0.31930
G1 E-1.60 F1200.00
G0 F9000 X-10
G0 F9000 X10
G1 E1.60 F1200.00
G1 F4800 Y-10 E0.31930
G1 Z0.2
;Layer 34
G1 F4800 X10 E0.31930
G1 E-0.10 F1200.00
G0 F9000 Y-10
G0 F9000 Y10
G1 E0.10 F1200.00
G1 F4800 X10 E0.31930
G1 E-0.20 F1200.00
G0 F9000 Y-10
G0 F9000 Y10
G1 E0.20 F1200.00
G1 F4800 X10 E0.31930
G1 E-0.30 F1200.00
G0 F9000 Y-10
G0 F9000 Y10
G1 E0.30 F1200.00
G1 F4800 X10 E0.31930
G1 E-0.40 F1200.00
G0 F9000 Y-10
G0 F9000 Y10
G1 E0.40 F1200.00
G1 F4800 X10 E0.31930
G1 F4800 Y10 E0.31930
G1 E-0.50 F1200.00
G0 F9000 X10
G0 F9000 X-10
G1 E0.50 F1200.00
G1 F4800 Y10 E0.31930
G1 E-0.60 F1200.00
G0 F9000 X10
G0 F9000 X-10
G1 E0.60 F1200.00
G1 F4800 Y10 E0.31930
G1 E-0.70 F1200.00
G0 F9000 X10
G0 F9000 X-10
G1 E0.70 F1200.00
G1 F4800 Y10 E0.31930
G1 E-0.80 F1200.00
G0 F9000 X10
G0 F9000 X-10
G1 E0.80 F1200.00
G1 F4800 Y10 E0.31930
G1 F4800 X-10 E0.31930
G1 E-0.90 F1200.00
G0 F9000 Y10
G0 F9000 Y-10
G1 E0.90 F1200.00
G1 F4800 X-10 E0.31930
G1 E-1.00 F1200.00
G0 F9000 Y10
G0 F9000 Y-10
G1 E1.00 F1200.00
G1 F4800 X-10 E0.31930
G1 E-1.10 F1200.00
G0 F9000 Y10
G0 F9000 Y-10
G1 E1.10 F1200.00
G1 F4800 X-10 E0.31930
G1 E-1.20 F1200.00
G0 F9000 Y10
G0 F9000 Y-10
G1 E1.20 F1200.00
G1 F4800 X-10 E0.31930
G1 F4800 Y-10 E0.31930
G1 E-1.30 F1200.00
G0 F9000 X-10
G0 F9000 X10
G1 E1.30 F1200.00
G1 F4800 Y-10 E0.31930
G1 E-1.40 F1200.00
G0 F9000 X-10
G0 F9000 X10
G1 E1.40 F1200.00
G1 F4800 Y-10 E0.31930
G1 E-1.50 F1200.00
G0 F9000 X-10
G0 F9000 X10
G1 E1.50 F1200.00
G1 F4800 Y-10 E0.31930
G1 E-1.60 F1200.00
G0 F9000 X-10
G0 F9000 X10
G1 E1.60 F1200.00
G1 F4800 Y-10 E0.31930
G1 Z0.2
;Layer 35
G1 F4800 X10 E0.31930
G1 E-0.10 F1200.00
G0 F9000 Y-10
G0 F9000 Y10
G1 E0.10 F1200.00
G1 F4800 X10 E0.31930
G1 E-0.20 F1200.00
G0 F9000 Y-10
G0 F9000 Y10
G1 E0.20 F1200.00
G1 F4800 X10 E0.31930
G1 E-0.30 F1200.00
G0 F9000 Y-10
G0 F9000 Y10
G1 E0.30 F1200.00
G1 F4800 X10 E0.31930
G1 E-0.40 F1200.00
G0 F9000 Y-10
G0 F9000 Y10
G1 E0.40 F1200.00
G1 F4800 X10 E0.31930
G1 F4800 Y10 E0.31930
G1 E-0.50 F1200.00
G0 F9000 X10
G0 F9000 X-10
G1 E0.50 F1200.00
G1 F4800 Y10 E0.31930
G1 E-0.60 F1200.00
G0 F9000 X10
G0 F9000 X-10
G1 E0.60 F1200.00
G1 F4800 Y10 E0.31930
G1 E-0.70 F1200.00
G0 F9000 X10
G0 F9000 X-10
G1 E0.70 F1200.00
G1 F4800 Y10 E0.31930
G1 E-0.80 F1200.00
G0 F9000 X10
G0 F9000 X-10
G1 E0.80 F1200.00
G1 F4800 Y10 E0.31930
G1 F4800 X-10 E0.31930
G1 E-0.90 F1200.00
G0 F9000 Y10
G0 F9000 Y-10
G1 E0.90 F1200.00
G1 F4800 X-10 E0.31930
G1 E-1.00 F1200.00
G0 F9000 Y10
G0 F9000 Y-10
G1 E1.00 F1200.00
G1 F4800 X-10 E0.31930
G1 E-1.10 F1200.00
G0 F9000 Y10
G0 F9000 Y-10
G1 E1.10 F1200.00
G1 F4800 X-10 E0.31930
G1 E-1.20 F1200.00
G0 F9000 Y10
G0 F9000 Y-10
G1 E1.20 F1200.00
G1 F4800 X-10 E0.31930
G1 F4800 Y-10 E0.31930
G1 E-1.30 F1200.00
G0 F9000 X-10
G0 F9000 X10
G1 E1.30 F1200.00
G1 F4800 Y-10 E0.31930
G1 E-1.40 F1200.00
G0 F9000 X-10
G0 F9000 X10
G1 E1.40 F1200.00
G1 F4800 Y-10 E0.31930
G1 E-1.50 F1200.00
G0 F9000 X-10
G0 F9000 X10
G1 E1.50 F1200.00
G1 F4800 Y-10 E0.31930
G1 E-1.60 F1200.00
G0 F9000 X-10
G0 F9000 X10
G1 E1.60 F1200.00
G1 F4800 Y-10 E0.31930
G1 Z0.2
;Layer 36
G1 F4800 X10 E0.31930
G1 E-0.10 F1200.00
G0 F9000 Y-10
G0 F9000 Y10
G1 E0.10 F1200.00
G1 F4800 X10 E0.31930
G1 E-0.20 F1200.00
G0 F9000 Y-10
G0 F9000 Y10
G1 E0.20 F1200.00
G1 F4800 X10 E0.31930
G1 E-0.30 F1200.00
G0 F9000 Y-10
G0 F9000 Y10
G1 E0.30 F1200.00
G1 F4800 X10 E0.31930
G1 E-0.40 F1200.00
G0 F9000 Y-10
G0 F9000 Y10
G1 E0.40 F1200.00
G1 F4800 X10 E0.31930
G1 F4800 Y10 E0.31930
G1 E-0.50 F1200.00
G0 F9000 X10
G0 F9000 X-10
G1 E0.50 F1200.00
G1 F4800 Y10 E0.31930
G1 E-0.60 F1200.00
G0 F9000 X10
G0 F9000 X-10
G1 E0.60 F1200.00
G1 F4800 Y10 E0.31930
G1 E-0.70 F1200.00
G0 F9000 X10
G0 F9000 X-10
G1 E0.70 F1200.00
G1 F4800 Y10 E0.31930
G1 E-0.80 F1200.00
G0 F9000 X10
G0 F9000 X-10
G1 E0.80 F1200.00
G1 F4800 Y10 E0.31930
G1 F4800 X-10 E0.31930
G1 E-0.90 F1200.00
G0 F9000 Y10
G0 F9000 Y-10
G1 E0.90 F1200.00
G1 F4800 X-10 E0.31930
G1 E-1.00 F1200.00
G0 F9000 Y10
G0 F9000 Y-10
G1 E1.00 F1200.00
G1 F4800 X-10 E0.31930
G1 E-1.10 F1200.00
G0 F9000 Y10
G0 F9000 Y-10
G1 E1.10 F1200.00
G1 F4800 X-10 E0.31930
G1 E-1.20 F1200.00
G0 F9000 Y10
G0 F9000 Y-10
G1 E1.20 F1200.00
G1 F4800 X-10 E0.31930
G1 F4800 Y-10 E0.31930
G1 E-1.30 F1200.00
G0 F9000 X-10
G0 F9000 X10
G1 E1.30 F1200.00
G1 F4800 Y-10 E0.31930
G1 E-1.40 F1200.00
G0 F9000 X-10
G0 F9000 X10
G1 E1.40 F1200.00
G1 F4800 Y-10 E0.31930
G1 E-1.50 F1200.00
G0 F9000 X-10
G0 F9000 X10
G1 E1.50 F1200.00
G1 F4800 Y-10 E0.31930
G1 E-1.60 F1200.00
G0 F9000 X-10
G0 F9000 X10
G1 E1.60 F1200.00
G1 F4800 Y-10 E0.31930
G1 Z0.2
;Layer 37
G1 F4800 X10 E0.31930
G1 E-0.10 F1200.00
G0 F9000 Y-10
G0 F9000 Y10
G1 E0.10 F1200.00
G1 F4800 X10 E0.31930
G1 E-0.20 F1200.00
G0 F9000 Y-10
G0 F9000 Y10
G1 E0.20 F1200.00
G1 F4800 X10 E0.31930
G1 E-0.30 F1200.00
G0 F9000 Y-10
G0 F9000 Y10
G1 E0.30 F1200.00
G1 F4800 X10 E0.31930
G1 E-0.40 F1200.00
G0 F9000 Y-10
G0 F9000 Y10
G1 E0.40 F1200.00
G1 F4800 X10 E0.31930
G1 F4800 Y10 E0.31930
G1 E-0.50 F1200.00
G0 F9000 X10
G0 F9000 X-10
G1 E0.50 F1200.00
G1 F4800 Y10 E0.31930
G1 E-0.60 F1200.00
G0 F9000 X10
G0 F9000 X-10
G1 E0.60 F1200.00
G1 F4800 Y10 E0.31930
G1 E-0.70 F1200.00
G0 F9000 X10
G0 F9000 X-10
G1 E0.70 F1200.00
G1 F4800 Y10 E0.31930
G1 E-0.80 F1200.00
G0 F9000 X10
G0 F9000 X-10
G1 E0.80 F1200.00
G1 F4800 Y10 E0.31930
G1 F4800 X-10 E0.31930
G1 E-0.90 F1200.00
G0 F9000 Y10
G0 F9000 Y-10
G1 E0.90 F1200.00
G1 F4800 X-10 E0.31930
G1 E-1.00 F1200.00
G0 F9000 Y10
G0 F9000 Y-10
G1 E1.00 F1200.00
G1 F4800 X-10 E0.31930
G1 E-1.10 F1200.00
G0 F9000 Y10
G0 F9000 Y-10
G1 E1.10 F1200.00
G1 F4800 X-10 E0.31930
G1 E-1.20 F1200.00
G0 F9000 Y10
G0 F9000 Y-10
G1 E1.20 F1200.00
G1 F4800 X-10 E0.31930
G1 F4800 Y-10 E0.31930
G1 E-1.30 F1200.00
G0 F9000 X-10
G0 F9000 X10
G1 E1.30 F1200.00
G1 F4800 Y-10 E0.31930
G1 E-1.40 F1200.00
G0 F9000 X-10
G0 F9000 X10
G1 E1.40 F1200.00
G1 F4800 Y-10 E0.31930
G1 E-1.50 F1200.00
G0 F9000 X-10
G0 F9000 X10
G1 E1.50 F1200.00
G1 F4800 Y-10 E0.31930
G1 E-1.60 F1200.00
G0 F9000 X-10
G0 F9000 X10
G1 E1.60 F1200.00
G1 F4800 Y-10 E0.31930
G1 Z0.2
;Layer 38
G1 F4800 X10 E0.31930
G1 E-0.10 F1200.00
G0 F9000 Y-10
G0 F9000 Y10
G1 E0.10 F1200.00
G1 F4800 X10 E0.31930
G1 E-0.20 F1200.00
G0 F9000 Y-10
G0 F9000 Y10
G1 E0.20 F1200.00
G1 F4800 X10 E0.31930
G1 E-0.30 F1200.00
G0 F9000 Y-10
G0 F9000 Y10
G1 E0.30 F1200.00
G1 F4800 X10 E0.31930
G1 E-0.40 F1200.00
G0 F9000 Y-10
G0 F9000 Y10
G1 E0.40 F1200.00
G1 F4800 X10 E0.31930
G1 F4800 Y10 E0.31930
G1 E-0.50 F1200.00
G0 F9000 X10
G0 F9000 X-10
G1 E0.50 F1200.00
G1 F4800 Y10 E0.31930
G1 E-0.60 F1200.00
G0 F9000 X10
G0 F9000 X-10
G1 E0.60 F1200.00
G1 F4800 Y10 E0.31930
G1 E-0.70 F1200.00
G0 F9000 X10
G0 F9000 X-10
G1 E0.70 F1200.00
G1 F4800 Y10 E0.31930
G1 E-0.80 F1200.00
G0 F9000 X10
G0 F9000 X-10
G1 E0.80 F1200.00
G1 F4800 Y10 E0.31930
G1 F4800 X-10 E0.31930
G1 E-0.90 F1200.00
G0 F9000 Y10
G0 F9000 Y-10
G1 E0.90 F1200.00
G1 F4800 X-10 E0.31930
G1 E-1.00 F1200.00
G0 F9000 Y10
G0 F9000 Y-10
G1 E1.00 F1200.00
G1 F4800 X-10 E0.31930
G1 E-1.10 F1200.00
G0 F9000 Y10
G0 F9000 Y-10
G1 E1.10 F1200.00
G1 F4800 X-10 E0.31930
G1 E-1.20 F1200.00
G0 F9000 Y10
G0 F9000 Y-10
G1 E1.20 F1200.00
G1 F4800 X-10 E0.31930
G1 F4800 Y-10 E0.31930
G1 E-1.30 F1200.00
G0 F9000 X-10
G0 F9000 X10
G1 E1.30 F1200.00
G1 F4800 Y-10 E0.31930
G1 E-1.40 F1200.00
G0 F9000 X-10
G0 F9000 X10
G1 E1.40 F1200.00
G1 F4800 Y-10 E0.31930
G1 E-1.50 F1200.00
G0 F9000 X-10
G0 F9000 X10
G1 E1.50 F1200.00
G1 F4800 Y-10 E0.31930
G1 E-1.60 F1200.00
G0 F9000 X-10
G0 F9000 X10
G1 E1.60 F1200.00
G1 F4800 Y-10 E0.31930
G1 Z0.2
;Layer 39
G1 F4800 X10 E0.31930
G1 E-0.10 F1200.00
G0 F9000 Y-10
G0 F9000 Y10
G1 E0.10 F1200.00
G1 F4800 X10 E0.31930
G1 E-0.20 F1200.00
G0 F9000 Y-10
G0 F9000 Y10
G1 E0.20 F1200.00
G1 F4800 X10 E0.31930
G1 E-0.30 F1200.00
G0 F9000 Y-10
G0 F9000 Y10
G1 E0.30 F1200.00
G1 F4800 X10 E0.31930
G1 E-0.40 F1200.00
G0 F9000 Y-10
G0 F9000 Y10
G1 E0.40 F1200.00
G1 F4800 X10 E0.31930
G1 F4800 Y10 E0.31930
G1 E-0.50 F1200.00
G0 F9000 X10
G0 F9000 X-10
G1 E0.50 F1200.00
G1 F4800 Y10 E0.31930
G1 E-0.60 F1200.00
G0 F9000 X10
G0 F9000 X-10
G1 E0.60 F1200.00
G1 F4800 Y10 E0.31930
G1 E-0.70 F1200.00
G0 F9000 X10
G0 F9000 X-10
G1 E0.70 F1200.00
G1 F4800 Y10 E0.31930
G1 E-0.80 F1200.00
G0 F9000 X10
G0 F9000 X-10
G1 E0.80 F1200.00
G1 F4800 Y10 E0.31930
G1 F4800 X-10 E0.31930
G1 E-0.90 F1200.00
G0 F9000 Y10
G0 F9000 Y-10
G1 E0.90 F1200.00
G1 F4800 X-10 E0.31930
G1 E-1.00 F1200.00
G0 F9000 Y10
G0 F9000 Y-10
G1 E1.00 F1200.00
G1 F4800 X-10 E0.31930
G1 E-1.10 F1200.00
G0 F9000 Y10
G0 F9000 Y-10
G1 E1.10 F1200.00
G1 F4800 X-10 E0.31930
G1 E-1.20 F1200.00
G0 F9000 Y10
G0 F9000 Y-10
G1 E1.20 F1200.00
G1 F4800 X-10 E0.31930
G1 F4800 Y-10 E0.31930
G1 E-1.30 F1200.00
G0 F9000 X-10
G0 F9000 X10
G1 E1.30 F1200.00
G1 F4800 Y-10 E0.31930
G1 E-1.40 F1200.00
G0 F9000 X-10
G0 F9000 X10
G1 E1.40 F1200.00
G1 F4800 Y-10 E0.31930
G1 E-1.50 F1200.00
G0 F9000 X-10
G0 F9000 X10
G1 E1.50 F1200.00
G1 F4800 Y-10 E0.31930
G1 E-1.60 F1200.00
G0 F9000 X-10
G0 F9000 X10
G1 E1.60 F1200.00
G1 F4800 Y-10 E0.31930
G1 Z0.2
;Layer 40
G1 F4800 X10 E0.31930
G1 E-0.10 F1200.00
G0 F9000 Y-10
G0 F9000 Y10
G1 E0.10 F1200.00
G1 F4800 X10 E0.31930
G1 E-0.20 F1200.00
G0 F9000 Y-10
G0 F9000 Y10
G1 E0.20 F1200.00
G1 F4800 X10 E0.31930
G1 E-0.30 F1200.00
G0 F9000 Y-10
G0 F9000 Y10
G1 E0.30 F1200.00
G1 F4800 X10 E0.31930
G1 E-0.40 F1200.00
G0 F9000 Y-10
G0 F9000 Y10
G1 E0.40 F1200.00
G1 F4800 X10 E0.31930
G1 F4800 Y10 E0.31930
G1 E-0.50 F1200.00
G0 F9000 X10
G0 F9000 X-10
G1 E0.50 F1200.00
G1 F4800 Y10 E0.31930
G1 E-0.60 F1200.00
G0 F9000 X10
G0 F9000 X-10
G1 E0.60 F1200.00
G1 F4800 Y10 E0.31930
G1 E-0.70 F1200.00
G0 F9000 X10
G0 F9000 X-10
G1 E0.70 F1200.00
G1 F4800 Y10 E0.31930
G1 E-0.80 F1200.00
G0 F9000 X10
G0 F9000 X-10
G1 E0.80 F1200.00
G1 F4800 Y10 E0.31930
G1 F4800 X-10 E0.31930
G1 E-0.90 F1200.00
G0 F9000 Y10
G0 F9000 Y-10
G1 E0.90 F1200.00
G1 F4800 X-10 E0.31930
G1 E-1.00 F1200.00
G0 F9000 Y10
G0 F9000 Y-10
G1 E1.00 F1200.00
G1 F4800 X-10 E0.31930
G1 E-1.10 F1200.00
G0 F9000 Y10
G0 F9000 Y-10
G1 E1.10 F1200.00
G1 F4800 X-10 E0.31930
G1 E-1.20 F1200.00
G0 F9000 Y10
G0 F9000 Y-10
G1 E1.20 F1200.00
G1 F4800 X-10 E0.31930
G1 F4800 Y-10 E0.31930
G1 E-1.30 F1200.00
G0 F9000 X-10
G0 F9000 X10
G1 E1.30 F1200.00
G1 F4800 Y-10 E0.31930
G1 E-1.40 F1200.00
G0 F9000 X-10
G0 F9000 X10
G1 E1.40 F1200.00
G1 F4800 Y-10 E0.31930
G1 E-1.50 F1200.00
G0 F9000 X-10
G0 F9000 X10
G1 E1.50 F1200.00
G1 F4800 Y-10 E0.31930
G1 E-1.60 F1200.00
G0 F9000 X-10
G0 F9000 X10
G1 E1.60 F1200.00
G1 F4800 Y-10 E0.31930
G1 Z0.2
;Layer 41
G1 F4800 X10 E0.31930
G1 E-0.10 F1200.00
G0 F9000 Y-10
G0 F9000 Y10
G1 E0.10 F1200.00
G1 F4800 X10 E0.31930
G1 E-0.20 F1200.00
G0 F9000 Y-10
G0 F9000 Y10
G1 E0.20 F1200.00
G1 F4800 X10 E0.31930
G1 E-0.30 F1200.00
G0 F9000 Y-10
G0 F9000 Y10
G1 E0.30 F1200.00
G1 F4800 X10 E0.31930
G1 E-0.40 F1200.00
G0 F9000 Y-10
G0 F9000 Y10
G1 E0.40 F1200.00
G1 F4800 X10 E0.31930
G1 F4800 Y10 E0.31930
G1 E-0.50 F1200.00
G0 F9000 X10
G0 F9000 X-10
G1 E0.50 F1200.00
G1 F4800 Y10 E0.31930
G1 E-0.60 F1200.00
G0 F9000 X10
G0 F9000 X-10
G1 E0.60 F1200.00
G1 F4800 Y10 E0.31930
G1 E-0.70 F1200.00
G0 F9000 X10
G0 F9000 X-10
G1 E0.70 F1200.00
G1 F4800 Y10 E0.31930
G1 E-0.80 F1200.00
G0 F9000 X10
G0 F9000 X-10
G1 E0.80 F1200.00
G1 F4800 Y10 E0.31930
G1 F4800 X-10 E0.31930
G1 E-0.90 F1200.00
G0 F9000 Y10
G0 F9000 Y-10
G1 E0.90 F1200.00
G1 F4800 X-10 E0.31930
G1 E-1.00 F1200.00
G0 F9000 Y10
G0 F9000 Y-10
G1 E1.00 F1200.00
G1 F4800 X-10 E0.31930
G1 E-1.10 F1200.00
G0 F9000 Y10
G0 F9000 Y-10
G1 E1.10 F1200.00
G1 F4800 X-10 E0.31930
G1 E-1.20 F1200.00
G0 F9000 Y10
G0 F9000 Y-10
G1 E1.20 F1200.00
G1 F4800 X-10 E0.31930
G1 F4800 Y-10 E0.31930
G1 E-1.30 F1200.00
G0 F9000 X-10
G0 F9000 X10
G1 E1.30 F1200.00
G1 F4800 Y-10 E0.31930
G1 E-1.40 F1200.00
G0 F9000 X-10
G0 F9000 X10
G1 E1.40 F1200.00
G1 F4800 Y-10 E0.31930
G1 E-1.50 F1200.00
G0 F9000 X-10
G0 F9000 X10
G1 E1.50 F1200.00
G1 F4800 Y-10 E0.31930
G1 E-1.60 F1200.00
G0 F9000 X-10
G0 F9000 X10
G1 E1.60 F1200.00
G1 F4800 Y-10 E0.31930
G1 Z0.2
;Layer 42
G1 F4800 X10 E0.31930
G1 E-0.10 F1200.00
G0 F9000 Y-10
G0 F9000 Y10
G1 E0.10 F1200.00
G1 F4800 X10 E0.31930
G1 E-0.20 F1200.00
G0 F9000 Y-10
G0 F9000 Y10
G1 E0.20 F1200.00
G1 F4800 X10 E0.31930
G1 E-0.30 F1200.00
G0 F9000 Y-10
G0 F9000 Y10
G1 E0.30 F1200.00
G1 F4800 X10 E0.31930
G1 E-0.40 F1200.00
G0 F9000 Y-10
G0 F9000 Y10
G1 E0.40 F1200.00
G1 F4800 X10 E0.31930
G1 F4800 Y10 E0.31930
G1 E-0.50 F1200.00
G0 F9000 X10
G0 F9000 X-10
G1 E0.50 F1200.00
G1 F4800 Y10 E0.31930
G1 E-0.60 F1200.00
G0 F9000 X10
G0 F9000 X-10
G1 E0.60 F1200.00
G1 F4800 Y10 E0.31930
G1 E-0.70 F1200.00
G0 F9000 X10
G0 F9000 X-10
G1 E0.70 F1200.00
G1 F4800 Y10 E0.31930
G1 E-0.80 F1200.00
G0 F9000 X10
G0 F9000 X-10
G1 E0.80 F1200.00
G1 F4800 Y10 E0.31930
G1 F4800 X-10 E0.31930
G1 E-0.90 F1200.00
G0 F9000 Y10
G0 F9000 Y-10
G1 E0.90 F1200.00
G1 F4800 X-10 E0.31930
G1 E-1.00 F1200.00
G0 F9000 Y10
G0 F9000 Y-10
G1 E1.00 F1200.00
G1 F4800 X-10 E0.31930
G1 E-1.10 F1200.00
G0 F9000 Y10
G0 F9000 Y-10
G1 E1.10 F1200.00
G1 F4800 X-10 E0.31930
G1 E-1.20 F1200.00
G0 F9000 Y10
G0 F9000 Y-10
G1 E1.20 F1200.00
G1 F4800 X-10 E0.31930
G1 F4800 Y-10 E0.31930
G1 E-1.30 F1200.00
G0 F9000 X-10
G0 F9000 X10
G1 E1.30 F1200.00
G1 F4800 Y-10 E0.31930
G1 E-1.40 F1200.00
G0 F9000 X-10
G0 F9000 X10
G1 E1.40 F1200.00
G1 F4800 Y-10 E0.31930
G1 E-1.50 F1200.00
G0 F9000 X-10
G0 F9000 X10
G1 E1.50 F1200.00
G1 F4800 Y-10 E0.31930
G1 E-1.60 F1200.00
G0 F9000 X-10
G0 F9000 X10
G1 E1.60 F1200.00
G1 F4800 Y-10 E0.31930
G1 Z0.2
;Layer 43
G1 F4800 X10 E0.31930
G1 E-0.10 F1200.00
G0 F9000 Y-10
G0 F9000 Y10
G1 E0.10 F1200.00
G1 F4800 X10 E0.31930
G1 E-0.20 F1200.00
G0 F9000 Y-10
G0 F9000 Y10
G1 E0.20 F1200.00
G1 F4800 X10 E0.31930
G1 E-0.30 F1200.00
G0 F9000 Y-10
G0 F9000 Y10
G1 E0.30 F1200.00
G1 F4800 X10 E0.31930
G1 E-0.40 F1200.00
G0 F9000 Y-10
G0 F9000 Y10
G1 E0.40 F1200.00
G1 F4800 X10 E0.31930
G1 F4800 Y10 E0.31930
G1 E-0.50 F1200.00
G0 F9000 X10
G0 F9000 X-10
G1 E0.50 F1200.00
G1 F4800 Y10 E0.31930
G1 E-0.60 F1200.00
G0 F9000 X10
G0 F9000 X-10
G1 E0.60 F1200.00
G1 F4800 Y10 E0.31930
G1 E-0.70 F1200.00
G0 F9000 X10
G0 F9000 X-10
G1 E0.70 F1200.00
G1 F4800 Y10 E0.31930
G1 E-0.80 F1200.00
G0 F9000 X10
G0 F9000 X-10
G1 E0.80 F1200.00
G1 F4800 Y10 E0.31930
G1 F4800 X-10 E0.31930
G1 E-0.90 F1200.00
G0 F9000 Y10
G0 F9000 Y-10
G1 E0.90 F1200.00
G1 F4800 X-10 E0.31930
G1 E-1.00 F1200.00
G0 F9000 Y10
G0 F9000 Y-10
G1 E1.00 F1200.00
G1 F4800 X-10 E0.31930
G1 E-1.10 F1200.00
G0 F9000 Y10
G0 F9000 Y-10
G1 E1.10 F1200.00
G1 F4800 X-10 E0.31930
G1 E-1.20 F1200.00
G0 F9000 Y10
G0 F9000 Y-10
G1 E1.20 F1200.00
G1 F4800 X-10 E0.31930
G1 F4800 Y-10 E0.31930
G1 E-1.30 F1200.00
G0 F9000 X-10
G0 F9000 X10
G1 E1.30 F1200.00
G1 F4800 Y-10 E0.31930
G1 E-1.40 F1200.00
G0 F9000 X-10
G0 F9000 X10
G1 E1.40 F1200.00
G1 F4800 Y-10 E0.31930
G1 E-1.50 F1200.00
G0 F9000 X-10
G0 F9000 X10
G1 E1.50 F1200.00
G1 F4800 Y-10 E0.31930
G1 E-1.60 F1200.00
G0 F9000 X-10
G0 F9000 X10
G1 E1.60 F1200.00
G1 F4800 Y-10 E0.31930
G1 Z0.2
;Layer 44
G1 F4800 X10 E0.31930
G1 E-0.10 F1200.00
G0 F9000 Y-10
G0 F9000 Y10
G1 E0.10 F1200.00
G1 F4800 X10 E0.31930
G1 E-0.20 F1200.00
G0 F9000 Y-10
G0 F9000 Y10
G1 E0.20 F1200.00
G1 F4800 X10 E0.31930
G1 E-0.30 F1200.00
G0 F9000 Y-10
G0 F9000 Y10
G1 E0.30 F1200.00
G1 F4800 X10 E0.31930
G1 E-0.40 F1200.00
G0 F9000 Y-10
G0 F9000 Y10
G1 E0.40 F1200.00
G1 F4800 X10 E0.31930
G1 F4800 Y10 E0.31930
G1 E-0.50 F1200.00
G0 F9000 X10
G0 F9000 X-10
G1 E0.50 F1200.00
G1 F4800 Y10 E0.31930
G1 E-0.60 F1200.00
G0 F9000 X10
G0 F9000 X-10
G1 E0.60 F1200.00
G1 F4800 Y10 E0.31930
G1 E-0.70 F1200.00
G0 F9000 X10
G0 F9000 X-10
G1 E0.70 F1200.00
G1 F4800 Y10 E0.31930
G1 E-0.80 F1200.00
G0 F9000 X10
G0 F9000 X-10
G1 E0.80 F1200.00
G1 F4800 Y10 E0.31930
G1 F4800 X-10 E0.31930
G1 E-0.90 F1200.00
G0 F9000 Y10
G0 F9000 Y-10
G1 E0.90 F1200.00
G1 F4800 X-10 E0.31930
G1 E-1.00 F1200.00
G0 F9000 Y10
G0 F9000 Y-10
G1 E1.00 F1200.00
G1 F4800 X-10 E0.31930
G1 E-1.10 F1200.00
G0 F9000 Y10
G0 F9000 Y-10
G1 E1.10 F1200.00
G1 F4800 X-10 E0.31930
G1 E-1.20 F1200.00
G0 F9000 Y10
G0 F9000 Y-10
G1 E1.20 F1200.00
G1 F4800 X-10 E0.31930
G1 F4800 Y-10 E0.31930
G1 E-1.30 F1200.00
G0 F9000 X-10
G0 F9000 X10
G1 E1.30 F1200.00
G1 F4800 Y-10 E0.31930
G1 E-1.40 F1200.00
G0 F9000 X-10
G0 F9000 X10
G1 E1.40 F1200.00
G1 F4800 Y-10 E0.31930
G1 E-1.50 F1200.00
G0 F9000 X-10
G0 F9000 X10
G1 E1.50 F1200.00
G1 F4800 Y-10 E0.31930
G1 E-1.60 F1200.00
G0 F9000 X-10
G0 F9000 X10
G1 E1.60 F1200.00
G1 F4800 Y-10 E0.31930
G1 Z0.2
;Layer 45
G1 F4800 X10 E0.31930
G1 E-0.10 F1200.00
G0 F9000 Y-10
G0 F9000 Y10
G1 E0.10 F1200.00
G1 F4800 X10 E0.31930
G1 E-0.20 F1200.00
G0 F9000 Y-10
G0 F9000 Y10
G1 E0.20 F1200.00
G1 F4800 X10 E0.31930
G1 E-0.30 F1200.00
G0 F9000 Y-10
G0 F9000 Y10
G1 E0.30 F1200.00
G1 F4800 X10 E0.31930
G1 E-0.40 F1200.00
G0 F9000 Y-10
G0 F9000 Y10
G1 E0.40 F1200.00
G1 F4800 X10 E0.31930
G1 F4800 Y10 E0.31930
G1 E-0.50 F1200.00
G0 F9000 X10
G0 F9000 X-10
G1 E0.50 F1200.00
G1 F4800 Y10 E0.31930
G1 E-0.60 F1200.00
G0 F9000 X10
G0 F9000 X-10
G1 E0.60 F1200.00
G1 F4800 Y10 E0.31930
G1 E-0.70 F1200.00
G0 F9000 X10
G0 F9000 X-10
G1 E0.70 F1200.00
G1 F4800 Y10 E0.31930
G1 E-0.80 F1200.00
G0 F9000 X10
G0 F9000 X-10
G1 E0.80 F1200.00
G1 F4800 Y10 E0.31930
G1 F4800 X-10 E0.31930
G1 E-0.90 F1200.00
G0 F9000 Y10
G0 F9000 Y-10
G1 E0.90 F1200.00
G1 F4800 X-10 E0.31930
G1 E-1.00 F1200.00
G0 F9000 Y10
G0 F9000 Y-10
G1 E1.00 F1200.00
G1 F4800 X-10 E0.31930
G1 E-1.10 F1200.00
G0 F9000 Y10
G0 F9000 Y-10
G1 E1.10 F1200.00
G1 F4800 X-10 E0.31930
G1 E-1.20 F1200.00
G0 F9000 Y10
G0 F9000 Y-10
G1 E1.20 F1200.00
G1 F4800 X-10 E0.31930
G1 F4800 Y-10 E0.31930
G1 E-1.30 F1200.00
G0 F9000 X-10
G0 F9000 X10
G1 E1.30 F1200.00
G1 F4800 Y-10 E0.31930
G1 E-1.40 F1200.00
G0 F9000 X-10
G0 F9000 X10
G1 E1.40 F1200.00
G1 F4800 Y-10 E0.31930
G1 E-1.50 F1200.00
G0 F9000 X-10
G0 F9000 X10
G1 E1.50 F1200.00
G1 F4800 Y-10 E0.31930
G1 E-1.60 F1200.00
G0 F9000 X-10
G0 F9000 X10
G1 E1.60 F1200.00
G1 F4800 Y-10 E0.31930
G1 Z0.2
;Layer 46
G1 F4800 X10 E0.31930
G1 E-0.10 F1200.00
G0 F9000 Y-10
G0 F9000 Y10
G1 E0.10 F1200.00
G1 F4800 X10 E0.31930
G1 E-0.20 F1200.00
G0 F9000 Y-10
G0 F9000 Y10
G1 E0.20 F1200.00
G1 F4800 X10 E0.31930
G1 E-0.30 F1200.00
G0 F9000 Y-10
G0 F9000 Y10
G1 E0.30 F1200.00
G1 F4800 X10 E0.31930
G1 E-0.40 F1200.00
G0 F9000 Y-10
G0 F9000 Y10
G1 E0.40 F1200.00
G1 F4800 X10 E0.31930
G1 F4800 Y10 E0.31930
G1 E-0.50 F1200.00
G0 F9000 X10
G0 F9000 X-10
G1 E0.50 F1200.00
G1 F4800 Y10 E0.31930
G1 E-0.60 F1200.00
G0 F9000 X10
G0 F9000 X-10
G1 E0.60 F1200.00
G1 F4800 Y10 E0.31930
G1 E-0.70 F1200.00
G0 F9000 X10
G0 F9000 X-10
G1 E0.70 F1200.00
G1 F4800 Y10 E0.31930
G1 E-0.80 F1200.00
G0 F9000 X10
G0 F9000 X-10
G1 E0.80 F1200.00
G1 F4800 Y10 E0.31930
G1 F4800 X-10 E0.31930
G1 E-0.90 F1200.00
G0 F9000 Y10
G0 F9000 Y-10
G1 E0.90 F1200.00
G1 F4800 X-10 E0.31930
G1 E-1.00 F1200.00
G0 F9000 Y10
G0 F9000 Y-10
G1 E1.00 F1200.00
G1 F4800 X-10 E0.31930
G1 E-1.10 F1200.00
G0 F9000 Y10
G0 F9000 Y-10
G1 E1.10 F1200.00
G1 F4800 X-10 E0.31930
G1 E-1.20 F1200.00
G0 F9000 Y10
G0 F9000 Y-10
G1 E1.20 F1200.00
G1 F4800 X-10 E0.31930
G1 F4800 Y-10 E0.31930
G1 E-1.30 F1200.00
G0 F9000 X-10
G0 F9000 X10
G1 E1.30 F1200.00
G1 F4800 Y-10 E0.31930
G1 E-1.40 F1200.00
G0 F9000 X-10
G0 F9000 X10
G1 E1.40 F1200.00
G1 F4800 Y-10 E0.31930
G1 E-1.50 F1200.00
G0 F9000 X-10
G0 F9000 X10
G1 E1.50 F1200.00
G1 F4800 Y-10 E0.31930
G1 E-1.60 F1200.00
G0 F9000 X-10
G0 F9000 X10
G1 E1.60 F1200.00
G1 F4800 Y-10 E0.31930
G1 Z0.2
;Layer 47
G1 F4800 X10 E0.31930
G1 E-0.10 F1200.00
G0 F9000 Y-10
G0 F9000 Y10
G1 E0.10 F1200.00
G1 F4800 X10 E0.31930
G1 E-0.20 F1200.00
G0 F9000 Y-10
G0 F9000 Y10
G1 E0.20 F1200.00
G1 F4800 X10 E0.31930
G1 E-0.30 F1200.00
G0 F9000 Y-10
G0 F9000 Y10
G1 E0.30 F1200.00
G1 F4800 X10 E0.31930
G1 E-0.40 F1200.00
G0 F9000 Y-10
G0 F9000 Y10
G1 E0.40 F1200.00
G1 F4800 X10 E0.31930
G1 F4800 Y10 E0.31930
G1 E-0.50 F1200.00
G0 F9000 X10
G0 F9000 X-10
G1 E0.50 F1200.00
G1 F4800 Y10 E0.31930
G1 E-0.60 F1200.00
G0 F9000 X10
G0 F9000 X-10
G1 E0.60 F1200.00
G1 F4800 Y10 E0.31930
G1 E-0.70 F1200.00
G0 F9000 X10
G0 F9000 X-10
G1 E0.70 F1200.00
G1 F4800 Y10 E0.31930
G1 E-0.80 F1200.00
G0 F9000 X10
G0 F9000 X-10
G1 E0.80 F1200.00
G1 F4800 Y10 E0.31930
G1 F4800 X-10 E0.31930
G1 E-0.90 F1200.00
G0 F9000 Y10
G0 F9000 Y-10
G1 E0.90 F1200.00
G1 F4800 X-10 E0.31930
G1 E-1.00 F1200.00
G0 F9000 Y10
G0 F9000 Y-10
G1 E1.00 F1200.00
G1 F4800 X-10 E0.31930
G1 E-1.10 F1200.00
G0 F9000 Y10
G0 F9000 Y-10
G1 E1.10 F1200.00
G1 F4800 X-10 E0.31930
G1 E-1.20 F1200.00
G0 F9000 Y10
G0 F9000 Y-10
G1 E1.20 F1200.00
G1 F4800 X-10 E0.31930
G1 F4800 Y-10 E0.31930
G1 E-1.30 F1200.00
G0 F9000 X-10
G0 F9000 X10
G1 E1.30 F1200.00
G1 F4800 Y-10 E0.31930
G1 E-1.40 F1200.00
G0 F9000 X-10
G0 F9000 X10
G1 E1.40 F1200.00
G1 F4800 Y-10 E0.31930
G1 E-1.50 F1200.00
G0 F9000 X-10
G0 F9000 X10
G1 E1.50 F1200.00
G1 F4800 Y-10 E0.31930
G1 E-1.60 F1200.00
G0 F9000 X-10
G0 F9000 X10
G1 E1.60 F1200.00
G1 F4800 Y-10 E0.31930
G1 Z0.2
;Layer 48
G1 F4800 X10 E0.31930
G1 E-0.10 F1200.00
G0 F9000 Y-10
G0 F9000 Y10
G1 E0.10 F1200.00
G1 F4800 X10 E0.31930
G1 E-0.20 F1200.00
G0 F9000 Y-10
G0 F9000 Y10
G1 E0.20 F1200.00
G1 F4800 X10 E0.31930
G1 E-0.30 F1200.00
G0 F9000 Y-10
G0 F9000 Y10
G1 E0.30 F1200.00
G1 F4800 X10 E0.31930
G1 E-0.40 F1200.00
G0 F9000 Y-10
G0 F9000 Y10
G1 E0.40 F1200.00
G1 F4800 X10 E0.31930
G1 F4800 Y10 E0.31930
G1 E-0.50 F1200.00
G0 F9000 X10
G0 F9000 X-10
G1 E0.50 F1200.00
G1 F4800 Y10 E0.31930
G1 E-0.60 F1200.00
G0 F9000 X10
G0 F9000 X-10
G1 E0.60 F1200.00
G1 F4800 Y10 E0.31930
G1 E-0.70 F1200.00
G0 F9000 X10
G0 F9000 X-10
G1 E0.70 F1200.00
G1 F4800 Y10 E0.31930
G1 E-0.80 F1200.00
G0 F9000 X10
G0 F9000 X-10
G1 E0.80 F1200.00
G1 F4800 Y10 E0.31930
G1 F4800 X-10 E0.31930
G1 E-0.90 F1200.00
G0 F9000 Y10
G0 F9000 Y-10
G1 E0.90 F1200.00
G1 F4800 X-10 E0.31930
G1 E-1.00 F1200.00
G0 F9000 Y10
G0 F9000 Y-10
G1 E1.00 F1200.00
G1 F4800 X-10 E0.31930
G1 E-1.10 F1200.00
G0 F9000 Y10
G0 F9000 Y-10
G1 E1.10 F1200.00
G1 F4800 X-10 E0.31930
G1 E-1.20 F1200.00
G0 F9000 Y10
G0 F9000 Y-10
G1 E1.20 F1200.00
G1 F4800 X-10 E0.31930
G1 F4800 Y-10 E0.31930
G1 E-1.30 F1200.00
G0 F9000 X-10
G0 F9000 X10
G1 E1.30 F1200.00
G1 F4800 Y-10 E0.31930
G1 E-1.40 F1200.00
G0 F9000 X-10
G0 F9000 X10
G1 E1.40 F1200.00
G1 F4800 Y-10 E0.31930
G1 E-1.50 F1200.00
G0 F9000 X-10
G0 F9000 X10
G1 E1.50 F1200.00
G1 F4800 Y-10 E0.31930
G1 E-1.60 F1200.00
G0 F9000 X-10
G0 F9000 X10
G1 E1.60 F1200.00
G1 F4800 Y-10 E0.31930
G1 Z0.2
;Layer 49
G1 F4800 X10 E0.31930
G1 E-0.10 F1200.00
G0 F9000 Y-10
G0 F9000 Y10
G1 E0.10 F1200.00
G1 F4800 X10 E0.31930
G1 E-0.20 F1200.00
G0 F9000 Y-10
G0 F9000 Y10
G1 E0.20 F1200.00
G1 F4800 X10 E0.31930
G1 E-0.30 F1200.00
G0 F9000 Y-10
G0 F9000 Y10
G1 E0.30 F1200.00
G1 F4800 X10 E0.31930
G1 E-0.40 F1200.00
G0 F9000 Y-10
G0 F9000 Y10
G1 E0.40 F1200.00
G1 F4800 X10 E0.31930
G1 F4800 Y10 E0.31930
G1 E-0.50 F1200.00
G0 F9000 X10
G0 F9000 X-10
G1 E0.50 F1200.00
G1 F4800 Y10 E0.31930
G1 E-0.60 F1200.00
G0 F9000 X10
G0 F9000 X-10
G1 E0.60 F1200.00
G1 F4800 Y10 E0.31930
G1 E-0.70 F1200.00
G0 F9000 X10
G0 F9000 X-10
G1 E0.70 F1200.00
G1 F4800 Y10 E0.31930
G1 E-0.80 F1200.00
G0 F9000 X10
G0 F9000 X-10
G1 E0.80 F1200.00
G1 F4800 Y10 E0.31930
G1 F4800 X-10 E0.31930
G1 E-0.90 F1200.00
G0 F9000 Y10
G0 F9000 Y-10
G1 E0.90 F1200.00
G1 F4800 X-10 E0.31930
G1 E-1.00 F1200.00
G0 F9000 Y10
G0 F9000 Y-10
G1 E1.00 F1200.00
G1 F4800 X-10 E0.31930
G1 E-1.10 F1200.00
G0 F9000 Y10
G0 F9000 Y-10
G1 E1.10 F1200.00
G1 F4800 X-10 E0.31930
G1 E-1.20 F1200.00
G0 F9000 Y10
G0 F9000 Y-10
G1 E1.20 F1200.00
G1 F4800 X-10 E0.31930
G1 F4800 Y-10 E0.31930
G1 E-1.30 F1200.00
G0 F9000 X-10
G0 F9000 X10
G1 E1.30 F1200.00
G1 F4800 Y-10 E0.31930
G1 E-1.40 F1200.00
G0 F9000 X-10
G0 F9000 X10
G1 E1.40 F1200.00
G1 F4800 Y-10 E0.31930
G1 E-1.50 F1200.00
G0 F9000 X-10
G0 F9000 X10
G1 E1.50 F1200.00
G1 F4800 Y-10 E0.31930
G1 E-1.60 F1200.00
G0 F9000 X-10
G0 F9000 X10
G1 E1.60 F1200.00
G1 F4800 Y-10 E0.31930
G1 Z0.2
;Layer 50
G1 F4800 X10 E0.31930
G1 E-0.10 F1200.00
G0 F9000 Y-10
G0 F9000 Y10
G1 E0.10 F1200.00
G1 F4800 X10 E0.31930
G1 E-0.20 F1200.00
G0 F9000 Y-10
G0 F9000 Y10
G1 E0.20 F1200.00
G1 F4800 X10 E0.31930
G1 E-0.30 F1200.00
G0 F9000 Y-10
G0 F9000 Y10
G1 E0.30 F1200.00
G1 F4800 X10 E0.31930
G1 E-0.40 F1200.00
G0 F9000 Y-10
G0 F9000 Y10
G1 E0.40 F1200.00
G1 F4800 X10 E0.31930
G1 F4800 Y10 E0.31930
G1 E-0.50 F1200.00
G0 F9000 X10
G0 F9000 X-10
G1 E0.50 F1200.00
G1 F4800 Y10 E0.31930
G1 E-0.60 F1200.00
G0 F9000 X10
G0 F9000 X-10
G1 E0.60 F1200.00
G1 F4800 Y10 E0.31930
G1 E-0.70 F1200.00
G0 F9000 X10
G0 F9000 X-10
G1 E0.70 F1200.00
G1 F4800 Y10 E0.31930
G1 E-0.80 F1200.00
G0 F9000 X10
G0 F9000 X-10
G1 E0.80 F1200.00
G1 F4800 Y10 E0.31930
G1 F4800 X-10 E0.31930
G1 E-0.90 F1200.00
G0 F9000 Y10
G0 F9000 Y-10
G1 E0.90 F1200.00
G1 F4800 X-10 E0.31930
G1 E-1.00 F1200.00
G0 F9000 Y10
G0 F9000 Y-10
G1 E1.00 F1200.00
G1 F4800 X-10 E0.31930
G1 E-1.10 F1200.00
G0 F9000 Y10
G0 F9000 Y-10
G1 E1.10 F1200.00
G1 F4800 X-10 E0.31930
G1 E-1.20 F1200.00
G0 F9000 Y10
G0 F9000 Y-10
G1 E1.20 F1200.00
G1 F4800 X-10 E0.31930
G1 F4800 Y-10 E0.31930
G1 E-1.30 F1200.00
G0 F9000 X-10
G0 F9000 X10
G1 E1.30 F1200.00
G1 F4800 Y-10 E0.31930
G1 E-1.40 F1200.00
G0 F9000 X-10
G0 F9000 X10
G1 E1.40 F1200.00
G1 F4800 Y-10 E0.31930
G1 E-1.50 F1200.00
G0 F9000 X-10
G0 F9000 X10
G1 E1.50 F1200.00
G1 F4800 Y-10 E0.31930
G1 E-1.60 F1200.00
G0 F9000 X-10
G0 F9000 X10
G1 E1.60 F1200.00
G1 F4800 Y-10 E0.31930
G1 Z0.2
;Layer 51
G1 F4800 X10 E0.31930
G1 E-0.10 F1200.00
G0 F9000 Y-10
G0 F9000 Y10
G1 E0.10 F1200.00
G1 F4800 X10 E0.31930
G1 E-0.20 F1200.00
G0 F9000 Y-10
G0 F9000 Y10
G1 E0.20 F1200.00
G1 F4800 X10 E0.31930
G1 E-0.30 F1200.00
G0 F9000 Y-10
G0 F9000 Y10
G1 E0.30 F1200.00
G1 F4800 X10 E0.31930
G1 E-0.40 F1200.00
G0 F9000 Y-10
G0 F9000 Y10
G1 E0.40 F1200.00
G1 F4800 X10 E0.31930
G1 F4800 Y10 E0.31930
G1 E-0.50 F1200.00
G0 F9000 X10
G0 F9000 X-10
G1 E0.50 F1200.00
G1 F4800 Y10 E0.31930
G1 E-0.60 F1200.00
G0 F9000 X10
G0 F9000 X-10
G1 E0.60 F1200.00
G1 F4800 Y10 E0.31930
G1 E-0.70 F1200.00
G0 F9000 X10
G0 F9000 X-10
G1 E0.70 F1200.00
G1 F4800 Y10 E0.31930
G1 E-0.80 F1200.00
G0 F9000 X10
G0 F9000 X-10
G1 E0.80 F1200.00
G1 F4800 Y10 E0.31930
G1 F4800 X-10 E0.31930
G1 E-0.90 F1200.00
G0 F9000 Y10
G0 F9000 Y-10
G1 E0.90 F1200.00
G1 F4800 X-10 E0.31930
G1 E-1.00 F1200.00
G0 F9000 Y10
G0 F9000 Y-10
G1 E1.00 F1200.00
G1 F4800 X-10 E0.31930
G1 E-1.10 F1200.00
G0 F9000 Y10
G0 F9000 Y-10
G1 E1.10 F1200.00
G1 F4800 X-10 E0.31930
G1 E-1.20 F1200.00
G0 F9000 Y10
G0 F9000 Y-10
G1 E1.20 F1200.00
G1 F4800 X-10 E0.31930
G1 F4800 Y-10 E0.31930
G1 E-1.30 F1200.00
G0 F9000 X-10
G0 F9000 X10
G1 E1.30 F1200.00
G1 F4800 Y-10 E0.31930
G1 E-1.40 F1200.00
G0 F9000 X-10
G0 F9000 X10
G1 E1.40 F1200.00
G1 F4800 Y-10 E0.31930
G1 E-1.50 F1200.00
G0 F9000 X-10
G0 F9000 X10
G1 E1.50 F1200.00
G1 F4800 Y-10 E0.31930
G1 E-1.60 F1200.00
G0 F9000 X-10
G0 F9000 X10
G1 E1.60 F1200.00
G1 F4800 Y-10 E0.31930
G1 Z0.2
;Layer 52
G1 F4800 X10 E0.31930
G1 E-0.10 F1200.00
G0 F9000 Y-10
G0 F9000 Y10
G1 E0.10 F1200.00
G1 F4800 X10 E0.31930
G1 E-0.20 F1200.00
G0 F9000 Y-10
G0 F9000 Y10
G1 E0.20 F1200.00
G1 F4800 X10 E0.31930
G1 E-0.30 F1200.00
G0 F9000 Y-10
G0 F9000 Y10
G1 E0.30 F1200.00
G1 F4800 X10 E0.31930
G1 E-0.40 F1200.00
G0 F9000 Y-10
G0 F9000 Y10
G1 E0.40 F1200.00
G1 F4800 X10 E0.31930
G1 F4800 Y10 E0.31930
G1 E-0.50 F1200.00
G0 F9000 X10
G0 F9000 X-10
G1 E0.50 F1200.00
G1 F4800 Y10 E0.31930
G1 E-0.60 F1200.00
G0 F9000 X10
G0 F9000 X-10
G1 E0.60 F1200.00
G1 F4800 Y10 E0.31930
G1 E-0.70 F1200.00
G0 F9000 X10
G0 F9000 X-10
G1 E0.70 F1200.00
G1 F4800 Y10 E0.31930
G1 E-0.80 F1200.00
G0 F9000 X10
G0 F9000 X-10
G1 E0.80 F1200.00
G1 F4800 Y10 E0.31930
G1 F4800 X-10 E0.31930
G1 E-0.90 F1200.00
G0 F9000 Y10
G0 F9000 Y-10
G1 E0.90 F1200.00
G1 F4800 X-10 E0.31930
G1 E-1.00 F1200.00
G0 F9000 Y10
G0 F9000 Y-10
G1 E1.00 F1200.00
G1 F4800 X-10 E0.31930
G1 E-1.10 F1200.00
G0 F9000 Y10
G0 F9000 Y-10
G1 E1.10 F1200.00
G1 F4800 X-10 E0.31930
G1 E-1.20 F1200.00
G0 F9000 Y10
G0 F9000 Y-10
G1 E1.20 F1200.00
G1 F4800 X-10 E0.31930
G1 F4800 Y-10 E0.31930
G1 E-1.30 F1200.00
G0 F9000 X-10
G0 F9000 X10
G1 E1.30 F1200.00
G1 F4800 Y-10 E0.31930
G1 E-1.40 F1200.00
G0 F9000 X-10
G0 F9000 X10
G1 E1.40 F1200.00
G1 F4800 Y-10 E0.31930
G1 E-1.50 F1200.00
G0 F9000 X-10
G0 F9000 X10
G1 E1.50 F1200.00
G1 F4800 Y-10 E0.31930
G1 E-1.60 F1200.00
G0 F9000 X-10
G0 F9000 X10
G1 E1.60 F1200.00
G1 F4800 Y-10 E0.31930
G1 Z0.2
M106 S64
M104 S240
;Layer 53
G1 F4800 X-2 E0.03193
G1 F4800 Y-2 E0.03193
G1 F4800 X2 E0.03193
G1 F4800 Y2 E0.03193
G1 F4800 X10 E0.31930
G1 E-0.10 F1800.00
G0 F9000 Y-10
G0 F9000 Y10
G1 E0.10 F1800.00
G1 F4800 X10 E0.31930
G1 E-0.20 F1800.00
G0 F9000 Y-10
G0 F9000 Y10
G1 E0.20 F1800.00
G1 F4800 X10 E0.31930
G1 E-0.30 F1800.00
G0 F9000 Y-10
G0 F9000 Y10
G1 E0.30 F1800.00
G1 F4800 X10 E0.31930
G1 E-0.40 F1800.00
G0 F9000 Y-10
G0 F9000 Y10
G1 E0.40 F1800.00
G1 F4800 X10 E0.31930
G1 F4800 X1 E0.03193
G1 F4800 Y-1 E0.03193
G1 F4800 X-1 E0.03193
G1 F4800 Y1 E0.03193
G1 F4800 Y10 E0.31930
G1 E-0.50 F1800.00
G0 F9000 X10
G0 F9000 X-10
G1 E0.50 F1800.00
G1 F4800 Y10 E0.31930
G1 E-0.60 F1800.00
G0 F9000 X10
G0 F9000 X-10
G1 E0.60 F1800.00
G1 F4800 Y10 E0.31930
G1 E-0.70 F1800.00
G0 F9000 X10
G0 F9000 X-10
G1 E0.70 F1800.00
G1 F4800 Y10 E0.31930
G1 E-0.80 F1800.00
G0 F9000 X10
G0 F9000 X-10
G1 E0.80 F1800.00
G1 F4800 Y10 E0.31930
G1 F4800 X1 E0.03193
G1 F4800 Y1 E0.03193
G1 F4800 X-1 E0.03193
G1 F4800 Y-1 E0.03193
G1 F4800 X-10 E0.31930
G1 E-0.90 F1800.00
G0 F9000 Y10
G0 F9000 Y-10
G1 E0.90 F1800.00
G1 F4800 X-10 E0.31930
G1 E-1.00 F1800.00
G0 F9000 Y10
G0 F9000 Y-10
G1 E1.00 F1800.00
G1 F4800 X-10 E0.31930
G1 E-1.10 F1800.00
G0 F9000 Y10
G0 F9000 Y-10
G1 E1.10 F1800.00
G1 F4800 X-10 E0.31930
G1 E-1.20 F1800.00
G0 F9000 Y10
G0 F9000 Y-10
G1 E1.20 F1800.00
G1 F4800 X-10 E0.31930
G1 F4800 X-1 E0.03193
G1 F4800 Y1 E0.03193
G1 F4800 X1 E0.03193
G1 F4800 Y-1 E0.03193
G1 F4800 Y-10 E0.31930
G1 E-1.30 F1800.00
G0 F9000 X-10
G0 F9000 X10
G1 E1.30 F1800.00
G1 F4800 Y-10 E0.31930
G1 E-1.40 F1800.00
G0 F9000 X-10
G0 F9000 X10
G1 E1.40 F1800.00
G1 F4800 Y-10 E0.31930
G1 E-1.50 F1800.00
G0 F9000 X-10
G0 F9000 X10
G1 E1.50 F1800.00
G1 F4800 Y-10 E0.31930
G1 E-1.60 F1800.00
G0 F9000 X-10
G0 F9000 X10
G1 E1.60 F1800.00
G1 F4800 Y-10 E0.31930
G1 Z0.2
;Layer 54
G1 F4800 X10 E0.31930
G1 E-0.10 F1800.00
G0 F9000 Y-10
G0 F9000 Y10
G1 E0.10 F1800.00
G1 F4800 X10 E0.31930
G1 E-0.20 F1800.00
G0 F9000 Y-10
G0 F9000 Y10
G1 E0.20 F1800.00
G1 F4800 X10 E0.31930
G1 E-0.30 F1800.00
G0 F9000 Y-10
G0 F9000 Y10
G1 E0.30 F1800.00
G1 F4800 X10 E0.31930
G1 E-0.40 F1800.00
G0 F9000 Y-10
G0 F9000 Y10
G1 E0.40 F1800.00
G1 F4800 X10 E0.31930
G1 F4800 Y10 E0.31930
G1 E-0.50 F1800.00
G0 F9000 X10
G0 F9000 X-10
G1 E0.50 F1800.00
G1 F4800 Y10 E0.31930
G1 E-0.60 F1800.00
G0 F9000 X10
G0 F9000 X-10
G1 E0.60 F1800.00
G1 F4800 Y10 E0.31930
G1 E-0.70 F1800.00
G0 F9000 X10
G0 F9000 X-10
G1 E0.70 F1800.00
G1 F4800 Y10 E0.31930
G1 E-0.80 F1800.00
G0 F9000 X10
G0 F9000 X-10
G1 E0.80 F1800.00
G1 F4800 Y10 E0.31930
G1 F4800 X-10 E0.31930
G1 E-0.90 F1800.00
G0 F9000 Y10
G0 F9000 Y-10
G1 E0.90 F1800.00
G1 F4800 X-10 E0.31930
G1 E-1.00 F1800.00
G0 F9000 Y10
G0 F9000 Y-10
G1 E1.00 F1800.00
G1 F4800 X-10 E0.31930
G1 E-1.10 F1800.00
G0 F9000 Y10
G0 F9000 Y-10
G1 E1.10 F1800.00
G1 F4800 X-10 E0.31930
G1 E-1.20 F1800.00
G0 F9000 Y10
G0 F9000 Y-10
G1 E1.20 F1800.00
G1 F4800 X-10 E0.31930
G1 F4800 Y-10 E0.31930
G1 E-1.30 F1800.00
G0 F9000 X-10
G0 F9000 X10
G1 E1.30 F1800.00
G1 F4800 Y-10 E0.31930
G1 E-1.40 F1800.00
G0 F9000 X-10
G0 F9000 X10
G1 E1.40 F1800.00
G1 F4800 Y-10 E0.31930
G1 E-1.50 F1800.00
G0 F9000 X-10
G0 F9000 X10
G1 E1.50 F1800.00
G1 F4800 Y-10 E0.31930
G1 E-1.60 F1800.00
G0 F9000 X-10
G0 F9000 X10
G1 E1.60 F1800.00
G1 F4800 Y-10 E0.31930
G1 Z0.2
;Layer 55
G1 F4800 X10 E0.31930
G1 E-0.10 F1800.00
G0 F9000 Y-10
G0 F9000 Y10
G1 E0.10 F1800.00
G1 F4800 X10 E0.31930
G1 E-0.20 F1800.00
G0 F9000 Y-10
G0 F9000 Y10
G1 E0.20 F1800.00
G1 F4800 X10 E0.31930
G1 E-0.30 F1800.00
G0 F9000 Y-10
G0 F9000 Y10
G1 E0.30 F1800.00
G1 F4800 X10 E0.31930
G1 E-0.40 F1800.00
G0 F9000 Y-10
G0 F9000 Y10
G1 E0.40 F1800.00
G1 F4800 X10 E0.31930
G1 F4800 Y10 E0.31930
G1 E-0.50 F1800.00
G0 F9000 X10
G0 F9000 X-10
G1 E0.50 F1800.00
G1 F4800 Y10 E0.31930
G1 E-0.60 F1800.00
G0 F9000 X10
G0 F9000 X-10
G1 E0.60 F1800.00
G1 F4800 Y10 E0.31930
G1 E-0.70 F1800.00
G0 F9000 X10
G0 F9000 X-10
G1 E0.70 F1800.00
G1 F4800 Y10 E0.31930
G1 E-0.80 F1800.00
G0 F9000 X10
G0 F9000 X-10
G1 E0.80 F1800.00
G1 F4800 Y10 E0.31930
G1 F4800 X-10 E0.31930
G1 E-0.90 F1800.00
G0 F9000 Y10
G0 F9000 Y-10
G1 E0.90 F1800.00
G1 F4800 X-10 E0.31930
G1 E-1.00 F1800.00
G0 F9000 Y10
G0 F9000 Y-10
G1 E1.00 F1800.00
G1 F4800 X-10 E0.31930
G1 E-1.10 F1800.00
G0 F9000 Y10
G0 F9000 Y-10
G1 E1.10 F1800.00
G1 F4800 X-10 E0.31930
G1 E-1.20 F1800.00
G0 F9000 Y10
G0 F9000 Y-10
G1 E1.20 F1800.00
G1 F4800 X-10 E0.31930
G1 F4800 Y-10 E0.31930
G1 E-1.30 F1800.00
G0 F9000 X-10
G0 F9000 X10
G1 E1.30 F1800.00
G1 F4800 Y-10 E0.31930
G1 E-1.40 F1800.00
G0 F9000 X-10
G0 F9000 X10
G1 E1.40 F1800.00
G1 F4800 Y-10 E0.31930
G1 E-1.50 F1800.00
G0 F9000 X-10
G0 F9000 X10
G1 E1.50 F1800.00
G1 F4800 Y-10 E0.31930
G1 E-1.60 F1800.00
G0 F9000 X-10
G0 F9000 X10
G1 E1.60 F1800.00
G1 F4800 Y-10 E0.31930
G1 Z0.2
;Layer 56
G1 F4800 X10 E0.31930
G1 E-0.10 F1800.00
G0 F9000 Y-10
G0 F9000 Y10
G1 E0.10 F1800.00
G1 F4800 X10 E0.31930
G1 E-0.20 F1800.00
G0 F9000 Y-10
G0 F9000 Y10
G1 E0.20 F1800.00
G1 F4800 X10 E0.31930
G1 E-0.30 F1800.00
G0 F9000 Y-10
G0 F9000 Y10
G1 E0.30 F1800.00
G1 F4800 X10 E0.31930
G1 E-0.40 F1800.00
G0 F9000 Y-10
G0 F9000 Y10
G1 E0.40 F1800.00
G1 F4800 X10 E0.31930
G1 F4800 Y10 E0.31930
G1 E-0.50 F1800.00
G0 F9000 X10
G0 F9000 X-10
G1 E0.50 F1800.00
G1 F4800 Y10 E0.31930
G1 E-0.60 F1800.00
G0 F9000 X10
G0 F9000 X-10
G1 E0.60 F1800.00
G1 F4800 Y10 E0.31930
G1 E-0.70 F1800.00
G0 F9000 X10
G0 F9000 X-10
G1 E0.70 F1800.00
G1 F4800 Y10 E0.31930
G1 E-0.80 F1800.00
G0 F9000 X10
G0 F9000 X-10
G1 E0.80 F1800.00
G1 F4800 Y10 E0.31930
G1 F4800 X-10 E0.31930
G1 E-0.90 F1800.00
G0 F9000 Y10
G0 F9000 Y-10
G1 E0.90 F1800.00
G1 F4800 X-10 E0.31930
G1 E-1.00 F1800.00
G0 F9000 Y10
G0 F9000 Y-10
G1 E1.00 F1800.00
G1 F4800 X-10 E0.31930
G1 E-1.10 F1800.00
G0 F9000 Y10
G0 F9000 Y-10
G1 E1.10 F1800.00
G1 F4800 X-10 E0.31930
G1 E-1.20 F1800.00
G0 F9000 Y10
G0 F9000 Y-10
G1 E1.20 F1800.00
G1 F4800 X-10 E0.31930
G1 F4800 Y-10 E0.31930
G1 E-1.30 F1800.00
G0 F9000 X-10
G0 F9000 X10
G1 E1.30 F1800.00
G1 F4800 Y-10 E0.31930
G1 E-1.40 F1800.00
G0 F9000 X-10
G0 F9000 X10
G1 E1.40 F1800.00
G1 F4800 Y-10 E0.31930
G1 E-1.50 F1800.00
G0 F9000 X-10
G0 F9000 X10
G1 E1.50 F1800.00
G1 F4800 Y-10 E0.31930
G1 E-1.60 F1800.00
G0 F9000 X-10
G0 F9000 X10
G1 E1.60 F1800.00
G1 F4800 Y-10 E0.31930
G1 Z0.2
;Layer 57
G1 F4800 X10 E0.31930
G1 E-0.10 F1800.00
G0 F9000 Y-10
G0 F9000 Y10
G1 E0.10 F1800.00
G1 F4800 X10 E0.31930
G1 E-0.20 F1800.00
G0 F9000 Y-10
G0 F9000 Y10
G1 E0.20 F1800.00
G1 F4800 X10 E0.31930
G1 E-0.30 F1800.00
G0 F9000 Y-10
G0 F9000 Y10
G1 E0.30 F1800.00
G1 F4800 X10 E0.31930
G1 E-0.40 F1800.00
G0 F9000 Y-10
G0 F9000 Y10
G1 E0.40 F1800.00
G1 F4800 X10 E0.31930
G1 F4800 Y10 E0.31930
G1 E-0.50 F1800.00
G0 F9000 X10
G0 F9000 X-10
G1 E0.50 F1800.00
G1 F4800 Y10 E0.31930
G1 E-0.60 F1800.00
G0 F9000 X10
G0 F9000 X-10
G1 E0.60 F1800.00
G1 F4800 Y10 E0.31930
G1 E-0.70 F1800.00
G0 F9000 X10
G0 F9000 X-10
G1 E0.70 F1800.00
G1 F4800 Y10 E0.31930
G1 E-0.80 F1800.00
G0 F9000 X10
G0 F9000 X-10
G1 E0.80 F1800.00
G1 F4800 Y10 E0.31930
G1 F4800 X-10 E0.31930
G1 E-0.90 F1800.00
G0 F9000 Y10
G0 F9000 Y-10
G1 E0.90 F1800.00
G1 F4800 X-10 E0.31930
G1 E-1.00 F1800.00
G0 F9000 Y10
G0 F9000 Y-10
G1 E1.00 F1800.00
G1 F4800 X-10 E0.31930
G1 E-1.10 F1800.00
G0 F9000 Y10
G0 F9000 Y-10
G1 E1.10 F1800.00
G1 F4800 X-10 E0.31930
G1 E-1.20 F1800.00
G0 F9000 Y10
G0 F9000 Y-10
G1 E1.20 F1800.00
G1 F4800 X-10 E0.31930
G1 F4800 Y-10 E0.31930
G1 E-1.30 F1800.00
G0 F9000 X-10
G0 F9000 X10
G1 E1.30 F1800.00
G1 F4800 Y-10 E0.31930
G1 E-1.40 F1800.00
G0 F9000 X-10
G0 F9000 X10
G1 E1.40 F1800.00
G1 F4800 Y-10 E0.31930
G1 E-1.50 F1800.00
G0 F9000 X-10
G0 F9000 X10
G1 E1.50 F1800.00
G1 F4800 Y-10 E0.31930
G1 E-1.60 F1800.00
G0 F9000 X-10
G0 F9000 X10
G1 E1.60 F1800.00
G1 F4800 Y-10 E0.31930
G1 Z0.2
;Layer 58
G1 F4800 X10 E0.31930
G1 E-0.10 F1800.00
G0 F9000 Y-10
G0 F9000 Y10
G1 E0.10 F1800.00
G1 F4800 X10 E0.31930
G1 E-0.20 F1800.00
G0 F9000 Y-10
G0 F9000 Y10
G1 E0.20 F1800.00
G1 F4800 X10 E0.31930
G1 E-0.30 F1800.00
G0 F9000 Y-10
G0 F9000 Y10
G1 E0.30 F1800.00
G1 F4800 X10 E0.31930
G1 E-0.40 F1800.00
G0 F9000 Y-10
G0 F9000 Y10
G1 E0.40 F1800.00
G1 F4800 X10 E0.31930
G1 F4800 Y10 E0.31930
G1 E-0.50 F1800.00
G0 F9000 X10
G0 F9000 X-10
G1 E0.50 F1800.00
G1 F4800 Y10 E0.31930
G1 E-0.60 F1800.00
G0 F9000 X10
G0 F9000 X-10
G1 E0.60 F1800.00
G1 F4800 Y10 E0.31930
G1 E-0.70 F1800.00
G0 F9000 X10
G0 F9000 X-10
G1 E0.70 F1800.00
G1 F4800 Y10 E0.31930
G1 E-0.80 F1800.00
G0 F9000 X10
G0 F9000 X-10
G1 E0.80 F1800.00
G1 F4800 Y10 E0.31930
G1 F4800 X-10 E0.31930
G1 E-0.90 F1800.00
G0 F9000 Y10
G0 F9000 Y-10
G1 E0.90 F1800.00
G1 F4800 X-10 E0.31930
G1 E-1.00 F1800.00
G0 F9000 Y10
G0 F9000 Y-10
G1 E1.00 F1800.00
G1 F4800 X-10 E0.31930
G1 E-1.10 F1800.00
G0 F9000 Y10
G0 F9000 Y-10
G1 E1.10 F1800.00
G1 F4800 X-10 E0.31930
G1 E-1.20 F1800.00
G0 F9000 Y10
G0 F9000 Y-10
G1 E1.20 F1800.00
G1 F4800 X-10 E0.31930
G1 F4800 Y-10 E0.31930
G1 E-1.30 F1800.00
G0 F9000 X-10
G0 F9000 X10
G1 E1.30 F1800.00
G1 F4800 Y-10 E0.31930
G1 E-1.40 F1800.00
G0 F9000 X-10
G0 F9000 X10
G1 E1.40 F1800.00
G1 F4800 Y-10 E0.31930
G1 E-1.50 F1800.00
G0 F9000 X-10
G0 F9000 X10
G1 E1.50 F1800.00
G1 F4800 Y-10 E0.31930
G1 E-1.60 F1800.00
G0 F9000 X-10
G0 F9000 X10
G1 E1.60 F1800.00
G1 F4800 Y-10 E0.31930
G1 Z0.2
;Layer 59
G1 F4800 X10 E0.31930
G1 E-0.10 F1800.00
G0 F9000 Y-10
G0 F9000 Y10
G1 E0.10 F1800.00
G1 F4800 X10 E0.31930
G1 E-0.20 F1800.00
G0 F9000 Y-10
G0 F9000 Y10
G1 E0.20 F1800.00
G1 F4800 X10 E0.31930
G1 E-0.30 F1800.00
G0 F9000 Y-10
G0 F9000 Y10
G1 E0.30 F1800.00
G1 F4800 X10 E0.31930
G1 E-0.40 F1800.00
G0 F9000 Y-10
G0 F9000 Y10
G1 E0.40 F1800.00
G1 F4800 X10 E0.31930
G1 F4800 Y10 E0.31930
G1 E-0.50 F1800.00
G0 F9000 X10
G0 F9000 X-10
G1 E0.50 F1800.00
G1 F4800 Y10 E0.31930
G1 E-0.60 F1800.00
G0 F9000 X10
G0 F9000 X-10
G1 E0.60 F1800.00
G1 F4800 Y10 E0.31930
G1 E-0.70 F1800.00
G0 F9000 X10
G0 F9000 X-10
G1 E0.70 F1800.00
G1 F4800 Y10 E0.31930
G1 E-0.80 F1800.00
G0 F9000 X10
G0 F9000 X-10
G1 E0.80 F1800.00
G1 F4800 Y10 E0.31930
G1 F4800 X-10 E0.31930
G1 E-0.90 F1800.00
G0 F9000 Y10
G0 F9000 Y-10
G1 E0.90 F1800.00
G1 F4800 X-10 E0.31930
G1 E-1.00 F1800.00
G0 F9000 Y10
G0 F9000 Y-10
G1 E1.00 F1800.00
G1 F4800 X-10 E0.31930
G1 E-1.10 F1800.00
G0 F9000 Y10
G0 F9000 Y-10
G1 E1.10 F1800.00
G1 F4800 X-10 E0.31930
G1 E-1.20 F1800.00
G0 F9000 Y10
G0 F9000 Y-10
G1 E1.20 F1800.00
G1 F4800 X-10 E0.31930
G1 F4800 Y-10 E0.31930
G1 E-1.30 F1800.00
G0 F9000 X-10
G0 F9000 X10
G1 E1.30 F1800.00
G1 F4800 Y-10 E0.31930
G1 E-1.40 F1800.00
G0 F9000 X-10
G0 F9000 X10
G1 E1.40 F1800.00
G1 F4800 Y-10 E0.31930
G1 E-1.50 F1800.00
G0 F9000 X-10
G0 F9000 X10
G1 E1.50 F1800.00
G1 F4800 Y-10 E0.31930
G1 E-1.60 F1800.00
G0 F9000 X-10
G0 F9000 X10
G1 E1.60 F1800.00
G1 F4800 Y-10 E0.31930
G1 Z0.2
;Layer 60
G1 F4800 X10 E0.31930
G1 E-0.10 F1800.00
G0 F9000 Y-10
G0 F9000 Y10
G1 E0.10 F1800.00
G1 F4800 X10 E0.31930
G1 E-0.20 F1800.00
G0 F9000 Y-10
G0 F9000 Y10
G1 E0.20 F1800.00
G1 F4800 X10 E0.31930
G1 E-0.30 F1800.00
G0 F9000 Y-10
G0 F9000 Y10
G1 E0.30 F1800.00
G1 F4800 X10 E0.31930
G1 E-0.40 F1800.00
G0 F9000 Y-10
G0 F9000 Y10
G1 E0.40 F1800.00
G1 F4800 X10 E0.31930
G1 F4800 Y10 E0.31930
G1 E-0.50 F1800.00
G0 F9000 X10
G0 F9000 X-10
G1 E0.50 F1800.00
G1 F4800 Y10 E0.31930
G1 E-0.60 F1800.00
G0 F9000 X10
G0 F9000 X-10
G1 E0.60 F1800.00
G1 F4800 Y10 E0.31930
G1 E-0.70 F1800.00
G0 F9000 X10
G0 F9000 X-10
G1 E0.70 F1800.00
G1 F4800 Y10 E0.31930
G1 E-0.80 F1800.00
G0 F9000 X10
G0 F9000 X-10
G1 E0.80 F1800.00
G1 F4800 Y10 E0.31930
G1 F4800 X-10 E0.31930
G1 E-0.90 F1800.00
G0 F9000 Y10
G0 F9000 Y-10
G1 E0.90 F1800.00
G1 F4800 X-10 E0.31930
G1 E-1.00 F1800.00
G0 F9000 Y10
G0 F9000 Y-10
G1 E1.00 F1800.00
G1 F4800 X-10 E0.31930
G1 E-1.10 F1800.00
G0 F9000 Y10
G0 F9000 Y-10
G1 E1.10 F1800.00
G1 F4800 X-10 E0.31930
G1 E-1.20 F1800.00
G0 F9000 Y10
G0 F9000 Y-10
G1 E1.20 F1800.00
G1 F4800 X-10 E0.31930
G1 F4800 Y-10 E0.31930
G1 E-1.30 F1800.00
G0 F9000 X-10
G0 F9000 X10
G1 E1.30 F1800.00
G1 F4800 Y-10 E0.31930
G1 E-1.40 F1800.00
G0 F9000 X-10
G0 F9000 X10
G1 E1.40 F1800.00
G1 F4800 Y-10 E0.31930
G1 E-1.50 F1800.00
G0 F9000 X-10
G0 F9000 X10
G1 E1.50 F1800.00
G1 F4800 Y-10 E0.31930
G1 E-1.60 F1800.00
G0 F9000 X-10
G0 F9000 X10
G1 E1.60 F1800.00
G1 F4800 Y-10 E0.31930
G1 Z0.2
;Layer 61
G1 F4800 X10 E0.31930
G1 E-0.10 F1800.00
G0 F9000 Y-10
G0 F9000 Y10
G1 E0.10 F1800.00
G1 F4800 X10 E0.31930
G1 E-0.20 F1800.00
G0 F9000 Y-10
G0 F9000 Y10
G1 E0.20 F1800.00
G1 F4800 X10 E0.31930
G1 E-0.30 F1800.00
G0 F9000 Y-10
G0 F9000 Y10
G1 E0.30 F1800.00
G1 F4800 X10 E0.31930
G1 E-0.40 F1800.00
G0 F9000 Y-10
G0 F9000 Y10
G1 E0.40 F1800.00
G1 F4800 X10 E0.31930
G1 F4800 Y10 E0.31930
G1 E-0.50 F1800.00
G0 F9000 X10
G0 F9000 X-10
G1 E0.50 F1800.00
G1 F4800 Y10 E0.31930
G1 E-0.60 F1800.00
G0 F9000 X10
G0 F9000 X-10
G1 E0.60 F1800.00
G1 F4800 Y10 E0.31930
G1 E-0.70 F1800.00
G0 F9000 X10
G0 F9000 X-10
G1 E0.70 F1800.00
G1 F4800 Y10 E0.31930
G1 E-0.80 F1800.00
G0 F9000 X10
G0 F9000 X-10
G1 E0.80 F1800.00
G1 F4800 Y10 E0.31930
G1 F4800 X-10 E0.31930
G1 E-0.90 F1800.00
G0 F9000 Y10
G0 F9000 Y-10
G1 E0.90 F1800.00
G1 F4800 X-10 E0.31930
G1 E-1.00 F1800.00
G0 F9000 Y10
G0 F9000 Y-10
G1 E1.00 F1800.00
G1 F4800 X-10 E0.31930
G1 E-1.10 F1800.00
G0 F9000 Y10
G0 F9000 Y-10
G1 E1.10 F1800.00
G1 F4800 X-10 E0.31930
G1 E-1.20 F1800.00
G0 F9000 Y10
G0 F9000 Y-10
G1 E1.20 F1800.00
G1 F4800 X-10 E0.31930
G1 F4800 Y-10 E0.31930
G1 E-1.30 F1800.00
G0 F9000 X-10
G0 F9000 X10
G1 E1.30 F1800.00
G1 F4800 Y-10 E0.31930
G1 E-1.40 F1800.00
G0 F9000 X-10
G0 F9000 X10
G1 E1.40 F1800.00
G1 F4800 Y-10 E0.31930
G1 E-1.50 F1800.00
G0 F9000 X-10
G0 F9000 X10
G1 E1.50 F1800.00
G1 F4800 Y-10 E0.31930
G1 E-1.60 F1800.00
G0 F9000 X-10
G0 F9000 X10
G1 E1.60 F1800.00
G1 F4800 Y-10 E0.31930
G1 Z0.2
;Layer 62
G1 F4800 X10 E0.31930
G1 E-0.10 F1800.00
G0 F9000 Y-10
G0 F9000 Y10
G1 E0.10 F1800.00
G1 F4800 X10 E0.31930
G1 E-0.20 F1800.00
G0 F9000 Y-10
G0 F9000 Y10
G1 E0.20 F1800.00
G1 F4800 X10 E0.31930
G1 E-0.30 F1800.00
G0 F9000 Y-10
G0 F9000 Y10
G1 E0.30 F1800.00
G1 F4800 X10 E0.31930
G1 E-0.40 F1800.00
G0 F9000 Y-10
G0 F9000 Y10
G1 E0.40 F1800.00
G1 F4800 X10 E0.31930
G1 F4800 Y10 E0.31930
G1 E-0.50 F1800.00
G0 F9000 X10
G0 F9000 X-10
G1 E0.50 F1800.00
G1 F4800 Y10 E0.31930
G1 E-0.60 F1800.00
G0 F9000 X10
G0 F9000 X-10
G1 E0.60 F1800.00
G1 F4800 Y10 E0.31930
G1 E-0.70 F1800.00
G0 F9000 X10
G0 F9000 X-10
G1 E0.70 F1800.00
G1 F4800 Y10 E0.31930
G1 E-0.80 F1800.00
G0 F9000 X10
G0 F9000 X-10
G1 E0.80 F1800.00
G1 F4800 Y10 E0.31930
G1 F4800 X-10 E0.31930
G1 E-0.90 F1800.00
G0 F9000 Y10
G0 F9000 Y-10
G1 E0.90 F1800.00
G1 F4800 X-10 E0.31930
G1 E-1.00 F1800.00
G0 F9000 Y10
G0 F9000 Y-10
G1 E1.00 F1800.00
G1 F4800 X-10 E0.31930
G1 E-1.10 F1800.00
G0 F9000 Y10
G0 F9000 Y-10
G1 E1.10 F1800.00
G1 F4800 X-10 E0.31930
G1 E-1.20 F1800.00
G0 F9000 Y10
G0 F9000 Y-10
G1 E1.20 F1800.00
G1 F4800 X-10 E0.31930
G1 F4800 Y-10 E0.31930
G1 E-1.30 F1800.00
G0 F9000 X-10
G0 F9000 X10
G1 E1.30 F1800.00
G1 F4800 Y-10 E0.31930
G1 E-1.40 F1800.00
G0 F9000 X-10
G0 F9000 X10
G1 E1.40 F1800.00
G1 F4800 Y-10 E0.31930
G1 E-1.50 F1800.00
G0 F9000 X-10
G0 F9000 X10
G1 E1.50 F1800.00
G1 F4800 Y-10 E0.31930
G1 E-1.60 F1800.00
G0 F9000 X-10
G0 F9000 X10
G1 E1.60 F1800.00
G1 F4800 Y-10 E0.31930
G1 Z0.2
;Layer 63
G1 F4800 X10 E0.31930
G1 E-0.10 F1800.00
G0 F9000 Y-10
G0 F9000 Y10
G1 E0.10 F1800.00
G1 F4800 X10 E0.31930
G1 E-0.20 F1800.00
G0 F9000 Y-10
G0 F9000 Y10
G1 E0.20 F1800.00
G1 F4800 X10 E0.31930
G1 E-0.30 F1800.00
G0 F9000 Y-10
G0 F9000 Y10
G1 E0.30 F1800.00
G1 F4800 X10 E0.31930
G1 E-0.40 F1800.00
G0 F9000 Y-10
G0 F9000 Y10
G1 E0.40 F1800.00
G1 F4800 X10 E0.31930
G1 F4800 Y10 E0.31930
G1 E-0.50 F1800.00
G0 F9000 X10
G0 F9000 X-10
G1 E0.50 F1800.00
G1 F4800 Y10 E0.31930
G1 E-0.60 F1800.00
G0 F9000 X10
G0 F9000 X-10
G1 E0.60 F1800.00
G1 F4800 Y10 E0.31930
G1 E-0.70 F1800.00
G0 F9000 X10
G0 F9000 X-10
G1 E0.70 F1800.00
G1 F4800 Y10 E0.31930
G1 E-0.80 F1800.00
G0 F9000 X10
G0 F9000 X-10
G1 E0.80 F1800.00
G1 F4800 Y10 E0.31930
G1 F4800 X-10 E0.31930
G1 E-0.90 F1800.00
G0 F9000 Y10
G0 F9000 Y-10
G1 E0.90 F1800.00
G1 F4800 X-10 E0.31930
G1 E-1.00 F1800.00
G0 F9000 Y10
G0 F9000 Y-10
G1 E1.00 F1800.00
G1 F4800 X-10 E0.31930
G1 E-1.10 F1800.00
G0 F9000 Y10
G0 F9000 Y-10
G1 E1.10 F1800.00
G1 F4800 X-10 E0.31930
G1 E-1.20 F1800.00
G0 F9000 Y10
G0 F9000 Y-10
G1 E1.20 F1800.00
G1 F4800 X-10 E0.31930
G1 F4800 Y-10 E0.31930
G1 E-1.30 F1800.00
G0 F9000 X-10
G0 F9000 X10
G1 E1.30 F1800.00
G1 F4800 Y-10 E0.31930
G1 E-1.40 F1800.00
G0 F9000 X-10
G0 F9000 X10
G1 E1.40 F1800.00
G1 F4800 Y-10 E0.31930
G1 E-1.50 F1800.00
G0 F9000 X-10
G0 F9000 X10
G1 E1.50 F1800.00
G1 F4800 Y-10 E0.31930
G1 E-1.60 F1800.00
G0 F9000 X-10
G0 F9000 X10
G1 E1.60 F1800.00
G1 F4800 Y-10 E0.31930
G1 Z0.2
;Layer 64
G1 F4800 X10 E0.31930
G1 E-0.10 F1800.00
G0 F9000 Y-10
G0 F9000 Y10
G1 E0.10 F1800.00
G1 F4800 X10 E0.31930
G1 E-0.20 F1800.00
G0 F9000 Y-10
G0 F9000 Y10
G1 E0.20 F1800.00
G1 F4800 X10 E0.31930
G1 E-0.30 F1800.00
G0 F9000 Y-10
G0 F9000 Y10
G1 E0.30 F1800.00
G1 F4800 X10 E0.31930
G1 E-0.40 F1800.00
G0 F9000 Y-10
G0 F9000 Y10
G1 E0.40 F1800.00
G1 F4800 X10 E0.31930
G1 F4800 Y10 E0.31930
G1 E-0.50 F1800.00
G0 F9000 X10
G0 F9000 X-10
G1 E0.50 F1800.00
G1 F4800 Y10 E0.31930
G1 E-0.60 F1800.00
G0 F9000 X10
G0 F9000 X-10
G1 E0.60 F1800.00
G1 F4800 Y10 E0.31930
G1 E-0.70 F1800.00
G0 F9000 X10
G0 F9000 X-10
G1 E0.70 F1800.00
G1 F4800 Y10 E0.31930
G1 E-0.80 F1800.00
G0 F9000 X10
G0 F9000 X-10
G1 E0.80 F1800.00
G1 F4800 Y10 E0.31930
G1 F4800 X-10 E0.31930
G1 E-0.90 F1800.00
G0 F9000 Y10
G0 F9000 Y-10
G1 E0.90 F1800.00
G1 F4800 X-10 E0.31930
G1 E-1.00 F1800.00
G0 F9000 Y10
G0 F9000 Y-10
G1 E1.00 F1800.00
G1 F4800 X-10 E0.31930
G1 E-1.10 F1800.00
G0 F9000 Y10
G0 F9000 Y-10
G1 E1.10 F1800.00
G1 F4800 X-10 E0.31930
G1 E-1.20 F1800.00
G0 F9000 Y10
G0 F9000 Y-10
G1 E1.20 F1800.00
G1 F4800 X-10 E0.31930
G1 F4800 Y-10 E0.31930
G1 E-1.30 F1800.00
G0 F9000 X-10
G0 F9000 X10
G1 E1.30 F1800.00
G1 F4800 Y-10 E0.31930
G1 E-1.40 F1800.00
G0 F9000 X-10
G0 F9000 X10
G1 E1.40 F1800.00
G1 F4800 Y-10 E0.31930
G1 E-1.50 F1800.00
G0 F9000 X-10
G0 F9000 X10
G1 E1.50 F1800.00
G1 F4800 Y-10 E0.31930
G1 E-1.60 F1800.00
G0 F9000 X-10
G0 F9000 X10
G1 E1.60 F1800.00
G1 F4800 Y-10 E0.31930
G1 Z0.2
;Layer 65
G1 F4800 X10 E0.31930
G1 E-0.10 F1800.00
G0 F9000 Y-10
G0 F9000 Y10
G1 E0.10 F1800.00
G1 F4800 X10 E0.31930
G1 E-0.20 F1800.00
G0 F9000 Y-10
G0 F9000 Y10
G1 E0.20 F1800.00
G1 F4800 X10 E0.31930
G1 E-0.30 F1800.00
G0 F9000 Y-10
G0 F9000 Y10
G1 E0.30 F1800.00
G1 F4800 X10 E0.31930
G1 E-0.40 F1800.00
G0 F9000 Y-10
G0 F9000 Y10
G1 E0.40 F1800.00
G1 F4800 X10 E0.31930
G1 F4800 Y10 E0.31930
G1 E-0.50 F1800.00
G0 F9000 X10
G0 F9000 X-10
G1 E0.50 F1800.00
G1 F4800 Y10 E0.31930
G1 E-0.60 F1800.00
G0 F9000 X10
G0 F9000 X-10
G1 E0.60 F1800.00
G1 F4800 Y10 E0.31930
G1 E-0.70 F1800.00
G0 F9000 X10
G0 F9000 X-10
G1 E0.70 F1800.00
G1 F4800 Y10 E0.31930
G1 E-0.80 F1800.00
G0 F9000 X10
G0 F9000 X-10
G1 E0.80 F1800.00
G1 F4800 Y10 E0.31930
G1 F4800 X-10 E0.31930
G1 E-0.90 F1800.00
G0 F9000 Y10
G0 F9000 Y-10
G1 E0.90 F1800.00
G1 F4800 X-10 E0.31930
G1 E-1.00 F1800.00
G0 F9000 Y10
G0 F9000 Y-10
G1 E1.00 F1800.00
G1 F4800 X-10 E0.31930
G1 E-1.10 F1800.00
G0 F9000 Y10
G0 F9000 Y-10
G1 E1.10 F1800.00
G1 F4800 X-10 E0.31930
G1 E-1.20 F1800.00
G0 F9000 Y10
G0 F9000 Y-10
G1 E1.20 F1800.00
G1 F4800 X-10 E0.31930
G1 F4800 Y-10 E0.31930
G1 E-1.30 F1800.00
G0 F9000 X-10
G0 F9000 X10
G1 E1.30 F1800.00
G1 F4800 Y-10 E0.31930
G1 E-1.40 F1800.00
G0 F9000 X-10
G0 F9000 X10
G1 E1.40 F1800.00
G1 F4800 Y-10 E0.31930
G1 E-1.50 F1800.00
G0 F9000 X-10
G0 F9000 X10
G1 E1.50 F1800.00
G1 F4800 Y-10 E0.31930
G1 E-1.60 F1800.00
G0 F9000 X-10
G0 F9000 X10
G1 E1.60 F1800.00
G1 F4800 Y-10 E0.31930
G1 Z0.2
;Layer 66
G1 F4800 X10 E0.31930
G1 E-0.10 F1800.00
G0 F9000 Y-10
G0 F9000 Y10
G1 E0.10 F1800.00
G1 F4800 X10 E0.31930
G1 E-0.20 F1800.00
G0 F9000 Y-10
G0 F9000 Y10
G1 E0.20 F1800.00
G1 F4800 X10 E0.31930
G1 E-0.30 F1800.00
G0 F9000 Y-10
G0 F9000 Y10
G1 E0.30 F1800.00
G1 F4800 X10 E0.31930
G1 E-0.40 F1800.00
G0 F9000 Y-10
G0 F9000 Y10
G1 E0.40 F1800.00
G1 F4800 X10 E0.31930
G1 F4800 Y10 E0.31930
G1 E-0.50 F1800.00
G0 F9000 X10
G0 F9000 X-10
G1 E0.50 F1800.00
G1 F4800 Y10 E0.31930
G1 E-0.60 F1800.00
G0 F9000 X10
G0 F9000 X-10
G1 E0.60 F1800.00
G1 F4800 Y10 E0.31930
G1 E-0.70 F1800.00
G0 F9000 X10
G0 F9000 X-10
G1 E0.70 F1800.00
G1 F4800 Y10 E0.31930
G1 E-0.80 F1800.00
G0 F9000 X10
G0 F9000 X-10
G1 E0.80 F1800.00
G1 F4800 Y10 E0.31930
G1 F4800 X-10 E0.31930
G1 E-0.90 F1800.00
G0 F9000 Y10
G0 F9000 Y-10
G1 E0.90 F1800.00
G1 F4800 X-10 E0.31930
G1 E-1.00 F1800.00
G0 F9000 Y10
G0 F9000 Y-10
G1 E1.00 F1800.00
G1 F4800 X-10 E0.31930
G1 E-1.10 F1800.00
G0 F9000 Y10
G0 F9000 Y-10
G1 E1.10 F1800.00
G1 F4800 X-10 E0.31930
G1 E-1.20 F1800.00
G0 F9000 Y10
G0 F9000 Y-10
G1 E1.20 F1800.00
G1 F4800 X-10 E0.31930
G1 F4800 Y-10 E0.31930
G1 E-1.30 F1800.00
G0 F9000 X-10
G0 F9000 X10
G1 E1.30 F1800.00
G1 F4800 Y-10 E0.31930
G1 E-1.40 F1800.00
G0 F9000 X-10
G0 F9000 X10
G1 E1.40 F1800.00
G1 F4800 Y-10 E0.31930
G1 E-1.50 F1800.00
G0 F9000 X-10
G0 F9000 X10
G1 E1.50 F1800.00
G1 F4800 Y-10 E0.31930
G1 E-1.60 F1800.00
G0 F9000 X-10
G0 F9000 X10
G1 E1.60 F1800.00
G1 F4800 Y-10 E0.31930
G1 Z0.2
;Layer 67
G1 F4800 X10 E0.31930
G1 E-0.10 F1800.00
G0 F9000 Y-10
G0 F9000 Y10
G1 E0.10 F1800.00
G1 F4800 X10 E0.31930
G1 E-0.20 F1800.00
G0 F9000 Y-10
G0 F9000 Y10
G1 E0.20 F1800.00
G1 F4800 X10 E0.31930
G1 E-0.30 F1800.00
G0 F9000 Y-10
G0 F9000 Y10
G1 E0.30 F1800.00
G1 F4800 X10 E0.31930
G1 E-0.40 F1800.00
G0 F9000 Y-10
G0 F9000 Y10
G1 E0.40 F1800.00
G1 F4800 X10 E0.31930
G1 F4800 Y10 E0.31930
G1 E-0.50 F1800.00
G0 F9000 X10
G0 F9000 X-10
G1 E0.50 F1800.00
G1 F4800 Y10 E0.31930
G1 E-0.60 F1800.00
G0 F9000 X10
G0 F9000 X-10
G1 E0.60 F1800.00
G1 F4800 Y10 E0.31930
G1 E-0.70 F1800.00
G0 F9000 X10
G0 F9000 X-10
G1 E0.70 F1800.00
G1 F4800 Y10 E0.31930
G1 E-0.80 F1800.00
G0 F9000 X10
G0 F9000 X-10
G1 E0.80 F1800.00
G1 F4800 Y10 E0.31930
G1 F4800 X-10 E0.31930
G1 E-0.90 F1800.00
G0 F9000 Y10
G0 F9000 Y-10
G1 E0.90 F1800.00
G1 F4800 X-10 E0.31930
G1 E-1.00 F1800.00
G0 F9000 Y10
G0 F9000 Y-10
G1 E1.00 F1800.00
G1 F4800 X-10 E0.31930
G1 E-1.10 F1800.00
G0 F9000 Y10
G0 F9000 Y-10
G1 E1.10 F1800.00
G1 F4800 X-10 E0.31930
G1 E-1.20 F1800.00
G0 F9000 Y10
G0 F9000 Y-10
G1 E1.20 F1800.00
G1 F4800 X-10 E0.31930
G1 F4800 Y-10 E0.31930
G1 E-1.30 F1800.00
G0 F9000 X-10
G0 F9000 X10
G1 E1.30 F1800.00
G1 F4800 Y-10 E0.31930
G1 E-1.40 F1800.00
G0 F9000 X-10
G0 F9000 X10
G1 E1.40 F1800.00
G1 F4800 Y-10 E0.31930
G1 E-1.50 F1800.00
G0 F9000 X-10
G0 F9000 X10
G1 E1.50 F1800.00
G1 F4800 Y-10 E0.31930
G1 E-1.60 F1800.00
G0 F9000 X-10
G0 F9000 X10
G1 E1.60 F1800.00
G1 F4800 Y-10 E0.31930
G1 Z0.2
;Layer 68
G1 F4800 X10 E0.31930
G1 E-0.10 F1800.00
G0 F9000 Y-10
G0 F9000 Y10
G1 E0.10 F1800.00
G1 F4800 X10 E0.31930
G1 E-0.20 F1800.00
G0 F9000 Y-10
G0 F9000 Y10
G1 E0.20 F1800.00
G1 F4800 X10 E0.31930
G1 E-0.30 F1800.00
G0 F9000 Y-10
G0 F9000 Y10
G1 E0.30 F1800.00
G1 F4800 X10 E0.31930
G1 E-0.40 F1800.00
G0 F9000 Y-10
G0 F9000 Y10
G1 E0.40 F1800.00
G1 F4800 X10 E0.31930
G1 F4800 Y10 E0.31930
G1 E-0.50 F1800.00
G0 F9000 X10
G0 F9000 X-10
G1 E0.50 F1800.00
G1 F4800 Y10 E0.31930
G1 E-0.60 F1800.00
G0 F9000 X10
G0 F9000 X-10
G1 E0.60 F1800.00
G1 F4800 Y10 E0.31930
G1 E-0.70 F1800.00
G0 F9000 X10
G0 F9000 X-10
G1 E0.70 F1800.00
G1 F4800 Y10 E0.31930
G1 E-0.80 F1800.00
G0 F9000 X10
G0 F9000 X-10
G1 E0.80 F1800.00
G1 F4800 Y10 E0.31930
G1 F4800 X-10 E0.31930
G1 E-0.90 F1800.00
G0 F9000 Y10
G0 F9000 Y-10
G1 E0.90 F1800.00
G1 F4800 X-10 E0.31930
G1 E-1.00 F1800.00
G0 F9000 Y10
G0 F9000 Y-10
G1 E1.00 F1800.00
G1 F4800 X-10 E0.31930
G1 E-1.10 F1800.00
G0 F9000 Y10
G0 F9000 Y-10
G1 E1.10 F1800.00
G1 F4800 X-10 E0.31930
G1 E-1.20 F1800.00
G0 F9000 Y10
G0 F9000 Y-10
G1 E1.20 F1800.00
G1 F4800 X-10 E0.31930
G1 F4800 Y-10 E0.31930
G1 E-1.30 F1800.00
G0 F9000 X-10
G0 F9000 X10
G1 E1.30 F1800.00
G1 F4800 Y-10 E0.31930
G1 E-1.40 F1800.00
G0 F9000 X-10
G0 F9000 X10
G1 E1.40 F1800.00
G1 F4800 Y-10 E0.31930
G1 E-1.50 F1800.00
G0 F9000 X-10
G0 F9000 X10
G1 E1.50 F1800.00
G1 F4800 Y-10 E0.31930
G1 E-1.60 F1800.00
G0 F9000 X-10
G0 F9000 X10
G1 E1.60 F1800.00
G1 F4800 Y-10 E0.31930
G1 Z0.2
;Layer 69
G1 F4800 X10 E0.31930
G1 E-0.10 F1800.00
G0 F9000 Y-10
G0 F9000 Y10
G1 E0.10 F1800.00
G1 F4800 X10 E0.31930
G1 E-0.20 F1800.00
G0 F9000 Y-10
G0 F9000 Y10
G1 E0.20 F1800.00
G1 F4800 X10 E0.31930
G1 E-0.30 F1800.00
G0 F9000 Y-10
G0 F9000 Y10
G1 E0.30 F1800.00
G1 F4800 X10 E0.31930
G1 E-0.40 F1800.00
G0 F9000 Y-10
G0 F9000 Y10
G1 E0.40 F1800.00
G1 F4800 X10 E0.31930
G1 F4800 Y10 E0.31930
G1 E-0.50 F1800.00
G0 F9000 X10
G0 F9000 X-10
G1 E0.50 F1800.00
G1 F4800 Y10 E0.31930
G1 E-0.60 F1800.00
G0 F9000 X10
G0 F9000 X-10
G1 E0.60 F1800.00
G1 F4800 Y10 E0.31930
G1 E-0.70 F1800.00
G0 F9000 X10
G0 F9000 X-10
G1 E0.70 F1800.00
G1 F4800 Y10 E0.31930
G1 E-0.80 F1800.00
G0 F9000 X10
G0 F9000 X-10
G1 E0.80 F1800.00
G1 F4800 Y10 E0.31930
G1 F4800 X-10 E0.31930
G1 E-0.90 F1800.00
G0 F9000 Y10
G0 F9000 Y-10
G1 E0.90 F1800.00
G1 F4800 X-10 E0.31930
G1 E-1.00 F1800.00
G0 F9000 Y10
G0 F9000 Y-10
G1 E1.00 F1800.00
G1 F4800 X-10 E0.31930
G1 E-1.10 F1800.00
G0 F9000 Y10
G0 F9000 Y-10
G1 E1.10 F1800.00
G1 F4800 X-10 E0.31930
G1 E-1.20 F1800.00
G0 F9000 Y10
G0 F9000 Y-10
G1 E1.20 F1800.00
G1 F4800 X-10 E0.31930
G1 F4800 Y-10 E0.31930
G1 E-1.30 F1800.00
G0 F9000 X-10
G0 F9000 X10
G1 E1.30 F1800.00
G1 F4800 Y-10 E0.31930
G1 E-1.40 F1800.00
G0 F9000 X-10
G0 F9000 X10
G1 E1.40 F1800.00
G1 F4800 Y-10 E0.31930
G1 E-1.50 F1800.00
G0 F9000 X-10
G0 F9000 X10
G1 E1.50 F1800.00
G1 F4800 Y-10 E0.31930
G1 E-1.60 F1800.00
G0 F9000 X-10
G0 F9000 X10
G1 E1.60 F1800.00
G1 F4800 Y-10 E0.31930
G1 Z0.2
;Layer 70
G1 F4800 X10 E0.31930
G1 E-0.10 F1800.00
G0 F9000 Y-10
G0 F9000 Y10
G1 E0.10 F1800.00
G1 F4800 X10 E0.31930
G1 E-0.20 F1800.00
G0 F9000 Y-10
G0 F9000 Y10
G1 E0.20 F1800.00
G1 F4800 X10 E0.31930
G1 E-0.30 F1800.00
G0 F9000 Y-10
G0 F9000 Y10
G1 E0.30 F1800.00
G1 F4800 X10 E0.31930
G1 E-0.40 F1800.00
G0 F9000 Y-10
G0 F9000 Y10
G1 E0.40 F1800.00
G1 F4800 X10 E0.31930
G1 F4800 Y10 E0.31930
G1 E-0.50 F1800.00
G0 F9000 X10
G0 F9000 X-10
G1 E0.50 F1800.00
G1 F4800 Y10 E0.31930
G1 E-0.60 F1800.00
G0 F9000 X10
G0 F9000 X-10
G1 E0.60 F1800.00
G1 F4800 Y10 E0.31930
G1 E-0.70 F1800.00
G0 F9000 X10
G0 F9000 X-10
G1 E0.70 F1800.00
G1 F4800 Y10 E0.31930
G1 E-0.80 F1800.00
G0 F9000 X10
G0 F9000 X-10
G1 E0.80 F1800.00
G1 F4800 Y10 E0.31930
G1 F4800 X-10 E0.31930
G1 E-0.90 F1800.00
G0 F9000 Y10
G0 F9000 Y-10
G1 E0.90 F1800.00
G1 F4800 X-10 E0.31930
G1 E-1.00 F1800.00
G0 F9000 Y10
G0 F9000 Y-10
G1 E1.00 F1800.00
G1 F4800 X-10 E0.31930
G1 E-1.10 F1800.00
G0 F9000 Y10
G0 F9000 Y-10
G1 E1.10 F1800.00
G1 F4800 X-10 E0.31930
G1 E-1.20 F1800.00
G0 F9000 Y10
G0 F9000 Y-10
G1 E1.20 F1800.00
G1 F4800 X-10 E0.31930
G1 F4800 Y-10 E0.31930
G1 E-1.30 F1800.00
G0 F9000 X-10
G0 F9000 X10
G1 E1.30 F1800.00
G1 F4800 Y-10 E0.31930
G1 E-1.40 F1800.00
G0 F9000 X-10
G0 F9000 X10
G1 E1.40 F1800.00
G1 F4800 Y-10 E0.31930
G1 E-1.50 F1800.00
G0 F9000 X-10
G0 F9000 X10
G1 E1.50 F1800.00
G1 F4800 Y-10 E0.31930
G1 E-1.60 F1800.00
G0 F9000 X-10
G0 F9000 X10
G1 E1.60 F1800.00
G1 F4800 Y-10 E0.31930
G1 Z0.2
;Layer 71
G1 F4800 X10 E0.31930
G1 E-0.10 F1800.00
G0 F9000 Y-10
G0 F9000 Y10
G1 E0.10 F1800.00
G1 F4800 X10 E0.31930
G1 E-0.20 F1800.00
G0 F9000 Y-10
G0 F9000 Y10
G1 E0.20 F1800.00
G1 F4800 X10 E0.31930
G1 E-0.30 F1800.00
G0 F9000 Y-10
G0 F9000 Y10
G1 E0.30 F1800.00
G1 F4800 X10 E0.31930
G1 E-0.40 F1800.00
G0 F9000 Y-10
G0 F9000 Y10
G1 E0.40 F1800.00
G1 F4800 X10 E0.31930
G1 F4800 Y10 E0.31930
G1 E-0.50 F1800.00
G0 F9000 X10
G0 F9000 X-10
G1 E0.50 F1800.00
G1 F4800 Y10 E0.31930
G1 E-0.60 F1800.00
G0 F9000 X10
G0 F9000 X-10
G1 E0.60 F1800.00
G1 F4800 Y10 E0.31930
G1 E-0.70 F1800.00
G0 F9000 X10
G0 F9000 X-10
G1 E0.70 F1800.00
G1 F4800 Y10 E0.31930
G1 E-0.80 F1800.00
G0 F9000 X10
G0 F9000 X-10
G1 E0.80 F1800.00
G1 F4800 Y10 E0.31930
G1 F4800 X-10 E0.31930
G1 E-0.90 F1800.00
G0 F9000 Y10
G0 F9000 Y-10
G1 E0.90 F1800.00
G1 F4800 X-10 E0.31930
G1 E-1.00 F1800.00
G0 F9000 Y10
G0 F9000 Y-10
G1 E1.00 F1800.00
G1 F4800 X-10 E0.31930
G1 E-1.10 F1800.00
G0 F9000 Y10
G0 F9000 Y-10
G1 E1.10 F1800.00
G1 F4800 X-10 E0.31930
G1 E-1.20 F1800.00
G0 F9000 Y10
G0 F9000 Y-10
G1 E1.20 F1800.00
G1 F4800 X-10 E0.31930
G1 F4800 Y-10 E0.31930
G1 E-1.30 F1800.00
G0 F9000 X-10
G0 F9000 X10
G1 E1.30 F1800.00
G1 F4800 Y-10 E0.31930
G1 E-1.40 F1800.00
G0 F9000 X-10
G0 F9000 X10
G1 E1.40 F1800.00
G1 F4800 Y-10 E0.31930
G1 E-1.50 F1800.00
G0 F9000 X-10
G0 F9000 X10
G1 E1.50 F1800.00
G1 F4800 Y-10 E0.31930
G1 E-1.60 F1800.00
G0 F9000 X-10
G0 F9000 X10
G1 E1.60 F1800.00
G1 F4800 Y-10 E0.31930
G1 Z0.2
;Layer 72
G1 F4800 X10 E0.31930
G1 E-0.10 F1800.00
G0 F9000 Y-10
G0 F9000 Y10
G1 E0.10 F1800.00
G1 F4800 X10 E0.31930
G1 E-0.20 F1800.00
G0 F9000 Y-10
G0 F9000 Y10
G1 E0.20 F1800.00
G1 F4800 X10 E0.31930
G1 E-0.30 F1800.00
G0 F9000 Y-10
G0 F9000 Y10
G1 E0.30 F1800.00
G1 F4800 X10 E0.31930
G1 E-0.40 F1800.00
G0 F9000 Y-10
G0 F9000 Y10
G1 E0.40 F1800.00
G1 F4800 X10 E0.31930
G1 F4800 Y10 E0.31930
G1 E-0.50 F1800.00
G0 F9000 X10
G0 F9000 X-10
G1 E0.50 F1800.00
G1 F4800 Y10 E0.31930
G1 E-0.60 F1800.00
G0 F9000 X10
G0 F9000 X-10
G1 E0.60 F1800.00
G1 F4800 Y10 E0.31930
G1 E-0.70 F1800.00
G0 F9000 X10
G0 F9000 X-10
G1 E0.70 F1800.00
G1 F4800 Y10 E0.31930
G1 E-0.80 F1800.00
G0 F9000 X10
G0 F9000 X-10
G1 E0.80 F1800.00
G1 F4800 Y10 E0.31930
G1 F4800 X-10 E0.31930
G1 E-0.90 F1800.00
G0 F9000 Y10
G0 F9000 Y-10
G1 E0.90 F1800.00
G1 F4800 X-10 E0.31930
G1 E-1.00 F1800.00
G0 F9000 Y10
G0 F9000 Y-10
G1 E1.00 F1800.00
G1 F4800 X-10 E0.31930
G1 E-1.10 F1800.00
G0 F9000 Y10
G0 F9000 Y-10
G1 E1.10 F1800.00
G1 F4800 X-10 E0.31930
G1 E-1.20 F1800.00
G0 F9000 Y10
G0 F9000 Y-10
G1 E1.20 F1800.00
G1 F4800 X-10 E0.31930
G1 F4800 Y-10 E0.31930
G1 E-1.30 F1800.00
G0 F9000 X-10
G0 F9000 X10
G1 E1.30 F1800.00
G1 F4800 Y-10 E0.31930
G1 E-1.40 F1800.00
G0 F9000 X-10
G0 F9000 X10
G1 E1.40 F1800.00
G1 F4800 Y-10 E0.31930
G1 E-1.50 F1800.00
G0 F9000 X-10
G0 F9000 X10
G1 E1.50 F1800.00
G1 F4800 Y-10 E0.31930
G1 E-1.60 F1800.00
G0 F9000 X-10
G0 F9000 X10
G1 E1.60 F1800.00
G1 F4800 Y-10 E0.31930
G1 Z0.2
;Layer 73
G1 F4800 X10 E0.31930
G1 E-0.10 F1800.00
G0 F9000 Y-10
G0 F9000 Y10
G1 E0.10 F1800.00
G1 F4800 X10 E0.31930
G1 E-0.20 F1800.00
G0 F9000 Y-10
G0 F9000 Y10
G1 E0.20 F1800.00
G1 F4800 X10 E0.31930
G1 E-0.30 F1800.00
G0 F9000 Y-10
G0 F9000 Y10
G1 E0.30 F1800.00
G1 F4800 X10 E0.31930
G1 E-0.40 F1800.00
G0 F9000 Y-10
G0 F9000 Y10
G1 E0.40 F1800.00
G1 F4800 X10 E0.31930
G1 F4800 Y10 E0.31930
G1 E-0.50 F1800.00
G0 F9000 X10
G0 F9000 X-10
G1 E0.50 F1800.00
G1 F4800 Y10 E0.31930
G1 E-0.60 F1800.00
G0 F9000 X10
G0 F9000 X-10
G1 E0.60 F1800.00
G1 F4800 Y10 E0.31930
G1 E-0.70 F1800.00
G0 F9000 X10
G0 F9000 X-10
G1 E0.70 F1800.00
G1 F4800 Y10 E0.31930
G1 E-0.80 F1800.00
G0 F9000 X10
G0 F9000 X-10
G1 E0.80 F1800.00
G1 F4800 Y10 E0.31930
G1 F4800 X-10 E0.31930
G1 E-0.90 F1800.00
G0 F9000 Y10
G0 F9000 Y-10
G1 E0.90 F1800.00
G1 F4800 X-10 E0.31930
G1 E-1.00 F1800.00
G0 F9000 Y10
G0 F9000 Y-10
G1 E1.00 F1800.00
G1 F4800 X-10 E0.31930
G1 E-1.10 F1800.00
G0 F9000 Y10
G0 F9000 Y-10
G1 E1.10 F1800.00
G1 F4800 X-10 E0.31930
G1 E-1.20 F1800.00
G0 F9000 Y10
G0 F9000 Y-10
G1 E1.20 F1800.00
G1 F4800 X-10 E0.31930
G1 F4800 Y-10 E0.31930
G1 E-1.30 F1800.00
G0 F9000 X-10
G0 F9000 X10
G1 E1.30 F1800.00
G1 F4800 Y-10 E0.31930
G1 E-1.40 F1800.00
G0 F9000 X-10
G0 F9000 X10
G1 E1.40 F1800.00
G1 F4800 Y-10 E0.31930
G1 E-1.50 F1800.00
G0 F9000 X-10
G0 F9000 X10
G1 E1.50 F1800.00
G1 F4800 Y-10 E0.31930
G1 E-1.60 F1800.00
G0 F9000 X-10
G0 F9000 X10
G1 E1.60 F1800.00
G1 F4800 Y-10 E0.31930
G1 Z0.2
;Layer 74
G1 F4800 X10 E0.31930
G1 E-0.10 F1800.00
G0 F9000 Y-10
G0 F9000 Y10
G1 E0.10 F1800.00
G1 F4800 X10 E0.31930
G1 E-0.20 F1800.00
G0 F9000 Y-10
G0 F9000 Y10
G1 E0.20 F1800.00
G1 F4800 X10 E0.31930
G1 E-0.30 F1800.00
G0 F9000 Y-10
G0 F9000 Y10
G1 E0.30 F1800.00
G1 F4800 X10 E0.31930
G1 E-0.40 F1800.00
G0 F9000 Y-10
G0 F9000 Y10
G1 E0.40 F1800.00
G1 F4800 X10 E0.31930
G1 F4800 Y10 E0.31930
G1 E-0.50 F1800.00
G0 F9000 X10
G0 F9000 X-10
G1 E0.50 F1800.00
G1 F4800 Y10 E0.31930
G1 E-0.60 F1800.00
G0 F9000 X10
G0 F9000 X-10
G1 E0.60 F1800.00
G1 F4800 Y10 E0.31930
G1 E-0.70 F1800.00
G0 F9000 X10
G0 F9000 X-10
G1 E0.70 F1800.00
G1 F4800 Y10 E0.31930
G1 E-0.80 F1800.00
G0 F9000 X10
G0 F9000 X-10
G1 E0.80 F1800.00
G1 F4800 Y10 E0.31930
G1 F4800 X-10 E0.31930
G1 E-0.90 F1800.00
G0 F9000 Y10
G0 F9000 Y-10
G1 E0.90 F1800.00
G1 F4800 X-10 E0.31930
G1 E-1.00 F1800.00
G0 F9000 Y10
G0 F9000 Y-10
G1 E1.00 F1800.00
G1 F4800 X-10 E0.31930
G1 E-1.10 F1800.00
G0 F9000 Y10
G0 F9000 Y-10
G1 E1.10 F1800.00
G1 F4800 X-10 E0.31930
G1 E-1.20 F1800.00
G0 F9000 Y10
G0 F9000 Y-10
G1 E1.20 F1800.00
G1 F4800 X-10 E0.31930
G1 F4800 Y-10 E0.31930
G1 E-1.30 F1800.00
G0 F9000 X-10
G0 F9000 X10
G1 E1.30 F1800.00
G1 F4800 Y-10 E0.31930
G1 E-1.40 F1800.00
G0 F9000 X-10
G0 F9000 X10
G1 E1.40 F1800.00
G1 F4800 Y-10 E0.31930
G1 E-1.50 F1800.00
G0 F9000 X-10
G0 F9000 X10
G1 E1.50 F1800.00
G1 F4800 Y-10 E0.31930
G1 E-1.60 F1800.00
G0 F9000 X-10
G0 F9000 X10
G1 E1.60 F1800.00
G1 F4800 Y-10 E0.31930
G1 Z0.2
;Layer 75
G1 F4800 X10 E0.31930
G1 E-0.10 F1800.00
G0 F9000 Y-10
G0 F9000 Y10
G1 E0.10 F1800.00
G1 F4800 X10 E0.31930
G1 E-0.20 F1800.00
G0 F9000 Y-10
G0 F9000 Y10
G1 E0.20 F1800.00
G1 F4800 X10 E0.31930
G1 E-0.30 F1800.00
G0 F9000 Y-10
G0 F9000 Y10
G1 E0.30 F1800.00
G1 F4800 X10 E0.31930
G1 E-0.40 F1800.00
G0 F9000 Y-10
G0 F9000 Y10
G1 E0.40 F1800.00
G1 F4800 X10 E0.31930
G1 F4800 Y10 E0.31930
G1 E-0.50 F1800.00
G0 F9000 X10
G0 F9000 X-10
G1 E0.50 F1800.00
G1 F4800 Y10 E0.31930
G1 E-0.60 F1800.00
G0 F9000 X10
G0 F9000 X-10
G1 E0.60 F1800.00
G1 F4800 Y10 E0.31930
G1 E-0.70 F1800.00
G0 F9000 X10
G0 F9000 X-10
G1 E0.70 F1800.00
G1 F4800 Y10 E0.31930
G1 E-0.80 F1800.00
G0 F9000 X10
G0 F9000 X-10
G1 E0.80 F1800.00
G1 F4800 Y10 E0.31930
G1 F4800 X-10 E0.31930
G1 E-0.90 F1800.00
G0 F9000 Y10
G0 F9000 Y-10
G1 E0.90 F1800.00
G1 F4800 X-10 E0.31930
G1 E-1.00 F1800.00
G0 F9000 Y10
G0 F9000 Y-10
G1 E1.00 F1800.00
G1 F4800 X-10 E0.31930
G1 E-1.10 F1800.00
G0 F9000 Y10
G0 F9000 Y-10
G1 E1.10 F1800.00
G1 F4800 X-10 E0.31930
G1 E-1.20 F1800.00
G0 F9000 Y10
G0 F9000 Y-10
G1 E1.20 F1800.00
G1 F4800 X-10 E0.31930
G1 F4800 Y-10 E0.31930
G1 E-1.30 F1800.00
G0 F9000 X-10
G0 F9000 X10
G1 E1.30 F1800.00
G1 F4800 Y-10 E0.31930
G1 E-1.40 F1800.00
G0 F9000 X-10
G0 F9000 X10
G1 E1.40 F1800.00
G1 F4800 Y-10 E0.31930
G1 E-1.50 F1800.00
G0 F9000 X-10
G0 F9000 X10
G1 E1.50 F1800.00
G1 F4800 Y-10 E0.31930
G1 E-1.60 F1800.00
G0 F9000 X-10
G0 F9000 X10
G1 E1.60 F1800.00
G1 F4800 Y-10 E0.31930
G1 Z0.2
;Layer 76
G1 F4800 X10 E0.31930
G1 E-0.10 F1800.00
G0 F9000 Y-10
G0 F9000 Y10
G1 E0.10 F1800.00
G1 F4800 X10 E0.31930
G1 E-0.20 F1800.00
G0 F9000 Y-10
G0 F9000 Y10
G1 E0.20 F1800.00
G1 F4800 X10 E0.31930
G1 E-0.30 F1800.00
G0 F9000 Y-10
G0 F9000 Y10
G1 E0.30 F1800.00
G1 F4800 X10 E0.31930
G1 E-0.40 F1800.00
G0 F9000 Y-10
G0 F9000 Y10
G1 E0.40 F1800.00
G1 F4800 X10 E0.31930
G1 F4800 Y10 E0.31930
G1 E-0.50 F1800.00
G0 F9000 X10
G0 F9000 X-10
G1 E0.50 F1800.00
G1 F4800 Y10 E0.31930
G1 E-0.60 F1800.00
G0 F9000 X10
G0 F9000 X-10
G1 E0.60 F1800.00
G1 F4800 Y10 E0.31930
G1 E-0.70 F1800.00
G0 F9000 X10
G0 F9000 X-10
G1 E0.70 F1800.00
G1 F4800 Y10 E0.31930
G1 E-0.80 F1800.00
G0 F9000 X10
G0 F9000 X-10
G1 E0.80 F1800.00
G1 F4800 Y10 E0.31930
G1 F4800 X-10 E0.31930
G1 E-0.90 F1800.00
G0 F9000 Y10
G0 F9000 Y-10
G1 E0.90 F1800.00
G1 F4800 X-10 E0.31930
G1 E-1.00 F1800.00
G0 F9000 Y10
G0 F9000 Y-10
G1 E1.00 F1800.00
G1 F4800 X-10 E0.31930
G1 E-1.10 F1800.00
G0 F9000 Y10
G0 F9000 Y-10
G1 E1.10 F1800.00
G1 F4800 X-10 E0.31930
G1 E-1.20 F1800.00
G0 F9000 Y10
G0 F9000 Y-10
G1 E1.20 F1800.00
G1 F4800 X-10 E0.31930
G1 F4800 Y-10 E0.31930
G1 E-1.30 F1800.00
G0 F9000 X-10
G0 F9000 X10
G1 E1.30 F1800.00
G1 F4800 Y-10 E0.31930
G1 E-1.40 F1800.00
G0 F9000 X-10
G0 F9000 X10
G1 E1.40 F1800.00
G1 F4800 Y-10 E0.31930
G1 E-1.50 F1800.00
G0 F9000 X-10
G0 F9000 X10
G1 E1.50 F1800.00
G1 F4800 Y-10 E0.31930
G1 E-1.60 F1800.00
G0 F9000 X-10
G0 F9000 X10
G1 E1.60 F1800.00
G1 F4800 Y-10 E0.31930
G1 Z0.2
;Layer 77
G1 F4800 X10 E0.31930
G1 E-0.10 F1800.00
G0 F9000 Y-10
G0 F9000 Y10
G1 E0.10 F1800.00
G1 F4800 X10 E0.31930
G1 E-0.20 F1800.00
G0 F9000 Y-10
G0 F9000 Y10
G1 E0.20 F1800.00
G1 F4800 X10 E0.31930
G1 E-0.30 F1800.00
G0 F9000 Y-10
G0 F9000 Y10
G1 E0.30 F1800.00
G1 F4800 X10 E0.31930
G1 E-0.40 F1800.00
G0 F9000 Y-10
G0 F9000 Y10
G1 E0.40 F1800.00
G1 F4800 X10 E0.31930
G1 F4800 Y10 E0.31930
G1 E-0.50 F1800.00
G0 F9000 X10
G0 F9000 X-10
G1 E0.50 F1800.00
G1 F4800 Y10 E0.31930
G1 E-0.60 F1800.00
G0 F9000 X10
G0 F9000 X-10
G1 E0.60 F1800.00
G1 F4800 Y10 E0.31930
G1 E-0.70 F1800.00
G0 F9000 X10
G0 F9000 X-10
G1 E0.70 F1800.00
G1 F4800 Y10 E0.31930
G1 E-0.80 F1800.00
G0 F9000 X10
G0 F9000 X-10
G1 E0.80 F1800.00
G1 F4800 Y10 E0.31930
G1 F4800 X-10 E0.31930
G1 E-0.90 F1800.00
G0 F9000 Y10
G0 F9000 Y-10
G1 E0.90 F1800.00
G1 F4800 X-10 E0.31930
G1 E-1.00 F1800.00
G0 F9000 Y10
G0 F9000 Y-10
G1 E1.00 F1800.00
G1 F4800 X-10 E0.31930
G1 E-1.10 F1800.00
G0 F9000 Y10
G0 F9000 Y-10
G1 E1.10 F1800.00
G1 F4800 X-10 E0.31930
G1 E-1.20 F1800.00
G0 F9000 Y10
G0 F9000 Y-10
G1 E1.20 F1800.00
G1 F4800 X-10 E0.31930
G1 F4800 Y-10 E0.31930
G1 E-1.30 F1800.00
G0 F9000 X-10
G0 F9000 X10
G1 E1.30 F1800.00
G1 F4800 Y-10 E0.31930
G1 E-1.40 F1800.00
G0 F9000 X-10
G0 F9000 X10
G1 E1.40 F1800.00
G1 F4800 Y-10 E0.31930
G1 E-1.50 F1800.00
G0 F9000 X-10
G0 F9000 X10
G1 E1.50 F1800.00
G1 F4800 Y-10 E0.31930
G1 E-1.60 F1800.00
G0 F9000 X-10
G0 F9000 X10
G1 E1.60 F1800.00
G1 F4800 Y-10 E0.31930
G1 Z0.2
M106 S64
M104 S240
;Layer 78
G1 F4800 X-2 E0.03193
G1 F4800 Y-2 E0.03193
G1 F4800 X2 E0.03193
G1 F4800 Y2 E0.03193
G1 F4800 X10 E0.31930
G1 E-0.10 F2400.00
G0 F9000 Y-10
G0 F9000 Y10
G1 E0.10 F2400.00
G1 F4800 X10 E0.31930
G1 E-0.20 F2400.00
G0 F9000 Y-10
G0 F9000 Y10
G1 E0.20 F2400.00
G1 F4800 X10 E0.31930
G1 E-0.30 F2400.00
G0 F9000 Y-10
G0 F9000 Y10
G1 E0.30 F2400.00
G1 F4800 X10 E0.31930
G1 E-0.40 F2400.00
G0 F9000 Y-10
G0 F9000 Y10
G1 E0.40 F2400.00
G1 F4800 X10 E0.31930
G1 F4800 X1 E0.03193
G1 F4800 Y-1 E0.03193
G1 F4800 X-1 E0.03193
G1 F4800 Y1 E0.03193
G1 F4800 Y10 E0.31930
G1 E-0.50 F2400.00
G0 F9000 X10
G0 F9000 X-10
G1 E0.50 F2400.00
G1 F4800 Y10 E0.31930
G1 E-0.60 F2400.00
G0 F9000 X10
G0 F9000 X-10
G1 E0.60 F2400.00
G1 F4800 Y10 E0.31930
G1 E-0.70 F2400.00
G0 F9000 X10
G0 F9000 X-10
G1 E0.70 F2400.00
G1 F4800 Y10 E0.31930
G1 E-0.80 F2400.00
G0 F9000 X10
G0 F9000 X-10
G1 E0.80 F2400.00
G1 F4800 Y10 E0.31930
G1 F4800 X1 E0.03193
G1 F4800 Y1 E0.03193
G1 F4800 X-1 E0.03193
G1 F4800 Y-1 E0.03193
G1 F4800 X-10 E0.31930
G1 E-0.90 F2400.00
G0 F9000 Y10
G0 F9000 Y-10
G1 E0.90 F2400.00
G1 F4800 X-10 E0.31930
G1 E-1.00 F2400.00
G0 F9000 Y10
G0 F9000 Y-10
G1 E1.00 F2400.00
G1 F4800 X-10 E0.31930
G1 E-1.10 F2400.00
G0 F9000 Y10
G0 F9000 Y-10
G1 E1.10 F2400.00
G1 F4800 X-10 E0.31930
G1 E-1.20 F2400.00
G0 F9000 Y10
G0 F9000 Y-10
G1 E1.20 F2400.00
G1 F4800 X-10 E0.31930
G1 F4800 X-1 E0.03193
G1 F4800 Y1 E0.03193
G1 F4800 X1 E0.03193
G1 F4800 Y-1 E0.03193
G1 F4800 Y-10 E0.31930
G1 E-1.30 F2400.00
G0 F9000 X-10
G0 F9000 X10
G1 E1.30 F2400.00
G1 F4800 Y-10 E0.31930
G1 E-1.40 F2400.00
G0 F9000 X-10
G0 F9000 X10
G1 E1.40 F2400.00
G1 F4800 Y-10 E0.31930
G1 E-1.50 F2400.00
G0 F9000 X-10
G0 F9000 X10
G1 E1.50 F2400.00
G1 F4800 Y-10 E0.31930
G1 E-1.60 F2400.00
G0 F9000 X-10
G0 F9000 X10
G1 E1.60 F2400.00
G1 F4800 Y-10 E0.31930
G1 Z0.2
;Layer 79
G1 F4800 X10 E0.31930
G1 E-0.10 F2400.00
G0 F9000 Y-10
G0 F9000 Y10
G1 E0.10 F2400.00
G1 F4800 X10 E0.31930
G1 E-0.20 F2400.00
G0 F9000 Y-10
G0 F9000 Y10
G1 E0.20 F2400.00
G1 F4800 X10 E0.31930
G1 E-0.30 F2400.00
G0 F9000 Y-10
G0 F9000 Y10
G1 E0.30 F2400.00
G1 F4800 X10 E0.31930
G1 E-0.40 F2400.00
G0 F9000 Y-10
G0 F9000 Y10
G1 E0.40 F2400.00
G1 F4800 X10 E0.31930
G1 F4800 Y10 E0.31930
G1 E-0.50 F2400.00
G0 F9000 X10
G0 F9000 X-10
G1 E0.50 F2400.00
G1 F4800 Y10 E0.31930
G1 E-0.60 F2400.00
G0 F9000 X10
G0 F9000 X-10
G1 E0.60 F2400.00
G1 F4800 Y10 E0.31930
G1 E-0.70 F2400.00
G0 F9000 X10
G0 F9000 X-10
G1 E0.70 F2400.00
G1 F4800 Y10 E0.31930
G1 E-0.80 F2400.00
G0 F9000 X10
G0 F9000 X-10
G1 E0.80 F2400.00
G1 F4800 Y10 E0.31930
G1 F4800 X-10 E0.31930
G1 E-0.90 F2400.00
G0 F9000 Y10
G0 F9000 Y-10
G1 E0.90 F2400.00
G1 F4800 X-10 E0.31930
G1 E-1.00 F2400.00
G0 F9000 Y10
G0 F9000 Y-10
G1 E1.00 F2400.00
G1 F4800 X-10 E0.31930
G1 E-1.10 F2400.00
G0 F9000 Y10
G0 F9000 Y-10
G1 E1.10 F2400.00
G1 F4800 X-10 E0.31930
G1 E-1.20 F2400.00
G0 F9000 Y10
G0 F9000 Y-10
G1 E1.20 F2400.00
G1 F4800 X-10 E0.31930
G1 F4800 Y-10 E0.31930
G1 E-1.30 F2400.00
G0 F9000 X-10
G0 F9000 X10
G1 E1.30 F2400.00
G1 F4800 Y-10 E0.31930
G1 E-1.40 F2400.00
G0 F9000 X-10
G0 F9000 X10
G1 E1.40 F2400.00
G1 F4800 Y-10 E0.31930
G1 E-1.50 F2400.00
G0 F9000 X-10
G0 F9000 X10
G1 E1.50 F2400.00
G1 F4800 Y-10 E0.31930
G1 E-1.60 F2400.00
G0 F9000 X-10
G0 F9000 X10
G1 E1.60 F2400.00
G1 F4800 Y-10 E0.31930
G1 Z0.2
;Layer 80
G1 F4800 X10 E0.31930
G1 E-0.10 F2400.00
G0 F9000 Y-10
G0 F9000 Y10
G1 E0.10 F2400.00
G1 F4800 X10 E0.31930
G1 E-0.20 F2400.00
G0 F9000 Y-10
G0 F9000 Y10
G1 E0.20 F2400.00
G1 F4800 X10 E0.31930
G1 E-0.30 F2400.00
G0 F9000 Y-10
G0 F9000 Y10
G1 E0.30 F2400.00
G1 F4800 X10 E0.31930
G1 E-0.40 F2400.00
G0 F9000 Y-10
G0 F9000 Y10
G1 E0.40 F2400.00
G1 F4800 X10 E0.31930
G1 F4800 Y10 E0.31930
G1 E-0.50 F2400.00
G0 F9000 X10
G0 F9000 X-10
G1 E0.50 F2400.00
G1 F4800 Y10 E0.31930
G1 E-0.60 F2400.00
G0 F9000 X10
G0 F9000 X-10
G1 E0.60 F2400.00
G1 F4800 Y10 E0.31930
G1 E-0.70 F2400.00
G0 F9000 X10
G0 F9000 X-10
G1 E0.70 F2400.00
G1 F4800 Y10 E0.31930
G1 E-0.80 F2400.00
G0 F9000 X10
G0 F9000 X-10
G1 E0.80 F2400.00
G1 F4800 Y10 E0.31930
G1 F4800 X-10 E0.31930
G1 E-0.90 F2400.00
G0 F9000 Y10
G0 F9000 Y-10
G1 E0.90 F2400.00
G1 F4800 X-10 E0.31930
G1 E-1.00 F2400.00
G0 F9000 Y10
G0 F9000 Y-10
G1 E1.00 F2400.00
G1 F4800 X-10 E0.31930
G1 E-1.10 F2400.00
G0 F9000 Y10
G0 F9000 Y-10
G1 E1.10 F2400.00
G1 F4800 X-10 E0.31930
G1 E-1.20 F2400.00
G0 F9000 Y10
G0 F9000 Y-10
G1 E1.20 F2400.00
G1 F4800 X-10 E0.31930
G1 F4800 Y-10 E0.31930
G1 E-1.30 F2400.00
G0 F9000 X-10
G0 F9000 X10
G1 E1.30 F2400.00
G1 F4800 Y-10 E0.31930
G1 E-1.40 F2400.00
G0 F9000 X-10
G0 F9000 X10
G1 E1.40 F2400.00
G1 F4800 Y-10 E0.31930
G1 E-1.50 F2400.00
G0 F9000 X-10
G0 F9000 X10
G1 E1.50 F2400.00
G1 F4800 Y-10 E0.31930
G1 E-1.60 F2400.00
G0 F9000 X-10
G0 F9000 X10
G1 E1.60 F2400.00
G1 F4800 Y-10 E0.31930
G1 Z0.2
;Layer 81
G1 F4800 X10 E0.31930
G1 E-0.10 F2400.00
G0 F9000 Y-10
G0 F9000 Y10
G1 E0.10 F2400.00
G1 F4800 X10 E0.31930
G1 E-0.20 F2400.00
G0 F9000 Y-10
G0 F9000 Y10
G1 E0.20 F2400.00
G1 F4800 X10 E0.31930
G1 E-0.30 F2400.00
G0 F9000 Y-10
G0 F9000 Y10
G1 E0.30 F2400.00
G1 F4800 X10 E0.31930
G1 E-0.40 F2400.00
G0 F9000 Y-10
G0 F9000 Y10
G1 E0.40 F2400.00
G1 F4800 X10 E0.31930
G1 F4800 Y10 E0.31930
G1 E-0.50 F2400.00
G0 F9000 X10
G0 F9000 X-10
G1 E0.50 F2400.00
G1 F4800 Y10 E0.31930
G1 E-0.60 F2400.00
G0 F9000 X10
G0 F9000 X-10
G1 E0.60 F2400.00
G1 F4800 Y10 E0.31930
G1 E-0.70 F2400.00
G0 F9000 X10
G0 F9000 X-10
G1 E0.70 F2400.00
G1 F4800 Y10 E0.31930
G1 E-0.80 F2400.00
G0 F9000 X10
G0 F9000 X-10
G1 E0.80 F2400.00
G1 F4800 Y10 E0.31930
G1 F4800 X-10 E0.31930
G1 E-0.90 F2400.00
G0 F9000 Y10
G0 F9000 Y-10
G1 E0.90 F2400.00
G1 F4800 X-10 E0.31930
G1 E-1.00 F2400.00
G0 F9000 Y10
G0 F9000 Y-10
G1 E1.00 F2400.00
G1 F4800 X-10 E0.31930
G1 E-1.10 F2400.00
G0 F9000 Y10
G0 F9000 Y-10
G1 E1.10 F2400.00
G1 F4800 X-10 E0.31930
G1 E-1.20 F2400.00
G0 F9000 Y10
G0 F9000 Y-10
G1 E1.20 F2400.00
G1 F4800 X-10 E0.31930
G1 F4800 Y-10 E0.31930
G1 E-1.30 F2400.00
G0 F9000 X-10
G0 F9000 X10
G1 E1.30 F2400.00
G1 F4800 Y-10 E0.31930
G1 E-1.40 F2400.00
G0 F9000 X-10
G0 F9000 X10
G1 E1.40 F2400.00
G1 F4800 Y-10 E0.31930
G1 E-1.50 F2400.00
G0 F9000 X-10
G0 F9000 X10
G1 E1.50 F2400.00
G1 F4800 Y-10 E0.31930
G1 E-1.60 F2400.00
G0 F9000 X-10
G0 F9000 X10
G1 E1.60 F2400.00
G1 F4800 Y-10 E0.31930
G1 Z0.2
;Layer 82
G1 F4800 X10 E0.31930
G1 E-0.10 F2400.00
G0 F9000 Y-10
G0 F9000 Y10
G1 E0.10 F2400.00
G1 F4800 X10 E0.31930
G1 E-0.20 F2400.00
G0 F9000 Y-10
G0 F9000 Y10
G1 E0.20 F2400.00
G1 F4800 X10 E0.31930
G1 E-0.30 F2400.00
G0 F9000 Y-10
G0 F9000 Y10
G1 E0.30 F2400.00
G1 F4800 X10 E0.31930
G1 E-0.40 F2400.00
G0 F9000 Y-10
G0 F9000 Y10
G1 E0.40 F2400.00
G1 F4800 X10 E0.31930
G1 F4800 Y10 E0.31930
G1 E-0.50 F2400.00
G0 F9000 X10
G0 F9000 X-10
G1 E0.50 F2400.00
G1 F4800 Y10 E0.31930
G1 E-0.60 F2400.00
G0 F9000 X10
G0 F9000 X-10
G1 E0.60 F2400.00
G1 F4800 Y10 E0.31930
G1 E-0.70 F2400.00
G0 F9000 X10
G0 F9000 X-10
G1 E0.70 F2400.00
G1 F4800 Y10 E0.31930
G1 E-0.80 F2400.00
G0 F9000 X10
G0 F9000 X-10
G1 E0.80 F2400.00
G1 F4800 Y10 E0.31930
G1 F4800 X-10 E0.31930
G1 E-0.90 F2400.00
G0 F9000 Y10
G0 F9000 Y-10
G1 E0.90 F2400.00
G1 F4800 X-10 E0.31930
G1 E-1.00 F2400.00
G0 F9000 Y10
G0 F9000 Y-10
G1 E1.00 F2400.00
G1 F4800 X-10 E0.31930
G1 E-1.10 F2400.00
G0 F9000 Y10
G0 F9000 Y-10
G1 E1.10 F2400.00
G1 F4800 X-10 E0.31930
G1 E-1.20 F2400.00
G0 F9000 Y10
G0 F9000 Y-10
G1 E1.20 F2400.00
G1 F4800 X-10 E0.31930
G1 F4800 Y-10 E0.31930
G1 E-1.30 F2400.00
G0 F9000 X-10
G0 F9000 X10
G1 E1.30 F2400.00
G1 F4800 Y-10 E0.31930
G1 E-1.40 F2400.00
G0 F9000 X-10
G0 F9000 X10
G1 E1.40 F2400.00
G1 F4800 Y-10 E0.31930
G1 E-1.50 F2400.00
G0 F9000 X-10
G0 F9000 X10
G1 E1.50 F2400.00
G1 F4800 Y-10 E0.31930
G1 E-1.60 F2400.00
G0 F9000 X-10
G0 F9000 X10
G1 E1.60 F2400.00
G1 F4800 Y-10 E0.31930
G1 Z0.2
;Layer 83
G1 F4800 X10 E0.31930
G1 E-0.10 F2400.00
G0 F9000 Y-10
G0 F9000 Y10
G1 E0.10 F2400.00
G1 F4800 X10 E0.31930
G1 E-0.20 F2400.00
G0 F9000 Y-10
G0 F9000 Y10
G1 E0.20 F2400.00
G1 F4800 X10 E0.31930
G1 E-0.30 F2400.00
G0 F9000 Y-10
G0 F9000 Y10
G1 E0.30 F2400.00
G1 F4800 X10 E0.31930
G1 E-0.40 F2400.00
G0 F9000 Y-10
G0 F9000 Y10
G1 E0.40 F2400.00
G1 F4800 X10 E0.31930
G1 F4800 Y10 E0.31930
G1 E-0.50 F2400.00
G0 F9000 X10
G0 F9000 X-10
G1 E0.50 F2400.00
G1 F4800 Y10 E0.31930
G1 E-0.60 F2400.00
G0 F9000 X10
G0 F9000 X-10
G1 E0.60 F2400.00
G1 F4800 Y10 E0.31930
G1 E-0.70 F2400.00
G0 F9000 X10
G0 F9000 X-10
G1 E0.70 F2400.00
G1 F4800 Y10 E0.31930
G1 E-0.80 F2400.00
G0 F9000 X10
G0 F9000 X-10
G1 E0.80 F2400.00
G1 F4800 Y10 E0.31930
G1 F4800 X-10 E0.31930
G1 E-0.90 F2400.00
G0 F9000 Y10
G0 F9000 Y-10
G1 E0.90 F2400.00
G1 F4800 X-10 E0.31930
G1 E-1.00 F2400.00
G0 F9000 Y10
G0 F9000 Y-10
G1 E1.00 F2400.00
G1 F4800 X-10 E0.31930
G1 E-1.10 F2400.00
G0 F9000 Y10
G0 F9000 Y-10
G1 E1.10 F2400.00
G1 F4800 X-10 E0.31930
G1 E-1.20 F2400.00
G0 F9000 Y10
G0 F9000 Y-10
G1 E1.20 F2400.00
G1 F4800 X-10 E0.31930
G1 F4800 Y-10 E0.31930
G1 E-1.30 F2400.00
G0 F9000 X-10
G0 F9000 X10
G1 E1.30 F2400.00
G1 F4800 Y-10 E0.31930
G1 E-1.40 F2400.00
G0 F9000 X-10
G0 F9000 X10
G1 E1.40 F2400.00
G1 F4800 Y-10 E0.31930
G1 E-1.50 F2400.00
G0 F9000 X-10
G0 F9000 X10
G1 E1.50 F2400.00
G1 F4800 Y-10 E0.31930
G1 E-1.60 F2400.00
G0 F9000 X-10
G0 F9000 X10
G1 E1.60 F2400.00
G1 F4800 Y-10 E0.31930
G1 Z0.2
;Layer 84
G1 F4800 X10 E0.31930
G1 E-0.10 F2400.00
G0 F9000 Y-10
G0 F9000 Y10
G1 E0.10 F2400.00
G1 F4800 X10 E0.31930
G1 E-0.20 F2400.00
G0 F9000 Y-10
G0 F9000 Y10
G1 E0.20 F2400.00
G1 F4800 X10 E0.31930
G1 E-0.30 F2400.00
G0 F9000 Y-10
G0 F9000 Y10
G1 E0.30 F2400.00
G1 F4800 X10 E0.31930
G1 E-0.40 F2400.00
G0 F9000 Y-10
G0 F9000 Y10
G1 E0.40 F2400.00
G1 F4800 X10 E0.31930
G1 F4800 Y10 E0.31930
G1 E-0.50 F2400.00
G0 F9000 X10
G0 F9000 X-10
G1 E0.50 F2400.00
G1 F4800 Y10 E0.31930
G1 E-0.60 F2400.00
G0 F9000 X10
G0 F9000 X-10
G1 E0.60 F2400.00
G1 F4800 Y10 E0.31930
G1 E-0.70 F2400.00
G0 F9000 X10
G0 F9000 X-10
G1 E0.70 F2400.00
G1 F4800 Y10 E0.31930
G1 E-0.80 F2400.00
G0 F9000 X10
G0 F9000 X-10
G1 E0.80 F2400.00
G1 F4800 Y10 E0.31930
G1 F4800 X-10 E0.31930
G1 E-0.90 F2400.00
G0 F9000 Y10
G0 F9000 Y-10
G1 E0.90 F2400.00
G1 F4800 X-10 E0.31930
G1 E-1.00 F2400.00
G0 F9000 Y10
G0 F9000 Y-10
G1 E1.00 F2400.00
G1 F4800 X-10 E0.31930
G1 E-1.10 F2400.00
G0 F9000 Y10
G0 F9000 Y-10
G1 E1.10 F2400.00
G1 F4800 X-10 E0.31930
G1 E-1.20 F2400.00
G0 F9000 Y10
G0 F9000 Y-10
G1 E1.20 F2400.00
G1 F4800 X-10 E0.31930
G1 F4800 Y-10 E0.31930
G1 E-1.30 F2400.00
G0 F9000 X-10
G0 F9000 X10
G1 E1.30 F2400.00
G1 F4800 Y-10 E0.31930
G1 E-1.40 F2400.00
G0 F9000 X-10
G0 F9000 X10
G1 E1.40 F2400.00
G1 F4800 Y-10 E0.31930
G1 E-1.50 F2400.00
G0 F9000 X-10
G0 F9000 X10
G1 E1.50 F2400.00
G1 F4800 Y-10 E0.31930
G1 E-1.60 F2400.00
G0 F9000 X-10
G0 F9000 X10
G1 E1.60 F2400.00
G1 F4800 Y-10 E0.31930
G1 Z0.2
;Layer 85
G1 F4800 X10 E0.31930
G1 E-0.10 F2400.00
G0 F9000 Y-10
G0 F9000 Y10
G1 E0.10 F2400.00
G1 F4800 X10 E0.31930
G1 E-0.20 F2400.00
G0 F9000 Y-10
G0 F9000 Y10
G1 E0.20 F2400.00
G1 F4800 X10 E0.31930
G1 E-0.30 F2400.00
G0 F9000 Y-10
G0 F9000 Y10
G1 E0.30 F2400.00
G1 F4800 X10 E0.31930
G1 E-0.40 F2400.00
G0 F9000 Y-10
G0 F9000 Y10
G1 E0.40 F2400.00
G1 F4800 X10 E0.31930
G1 F4800 Y10 E0.31930
G1 E-0.50 F2400.00
G0 F9000 X10
G0 F9000 X-10
G1 E0.50 F2400.00
G1 F4800 Y10 E0.31930
G1 E-0.60 F2400.00
G0 F9000 X10
G0 F9000 X-10
G1 E0.60 F2400.00
G1 F4800 Y10 E0.31930
G1 E-0.70 F2400.00
G0 F9000 X10
G0 F9000 X-10
G1 E0.70 F2400.00
G1 F4800 Y10 E0.31930
G1 E-0.80 F2400.00
G0 F9000 X10
G0 F9000 X-10
G1 E0.80 F2400.00
G1 F4800 Y10 E0.31930
G1 F4800 X-10 E0.31930
G1 E-0.90 F2400.00
G0 F9000 Y10
G0 F9000 Y-10
G1 E0.90 F2400.00
G1 F4800 X-10 E0.31930
G1 E-1.00 F2400.00
G0 F9000 Y10
G0 F9000 Y-10
G1 E1.00 F2400.00
G1 F4800 X-10 E0.31930
G1 E-1.10 F2400.00
G0 F9000 Y10
G0 F9000 Y-10
G1 E1.10 F2400.00
G1 F4800 X-10 E0.31930
G1 E-1.20 F2400.00
G0 F9000 Y10
G0 F9000 Y-10
G1 E1.20 F2400.00
G1 F4800 X-10 E0.31930
G1 F4800 Y-10 E0.31930
G1 E-1.30 F2400.00
G0 F9000 X-10
G0 F9000 X10
G1 E1.30 F2400.00
G1 F4800 Y-10 E0.31930
G1 E-1.40 F2400.00
G0 F9000 X-10
G0 F9000 X10
G1 E1.40 F2400.00
G1 F4800 Y-10 E0.31930
G1 E-1.50 F2400.00
G0 F9000 X-10
G0 F9000 X10
G1 E1.50 F2400.00
G1 F4800 Y-10 E0.31930
G1 E-1.60 F2400.00
G0 F9000 X-10
G0 F9000 X10
G1 E1.60 F2400.00
G1 F4800 Y-10 E0.31930
G1 Z0.2
;Layer 86
G1 F4800 X10 E0.31930
G1 E-0.10 F2400.00
G0 F9000 Y-10
G0 F9000 Y10
G1 E0.10 F2400.00
G1 F4800 X10 E0.31930
G1 E-0.20 F2400.00
G0 F9000 Y-10
G0 F9000 Y10
G1 E0.20 F2400.00
G1 F4800 X10 E0.31930
G1 E-0.30 F2400.00
G0 F9000 Y-10
G0 F9000 Y10
G1 E0.30 F2400.00
G1 F4800 X10 E0.31930
G1 E-0.40 F2400.00
G0 F9000 Y-10
G0 F9000 Y10
G1 E0.40 F2400.00
G1 F4800 X10 E0.31930
G1 F4800 Y10 E0.31930
G1 E-0.50 F2400.00
G0 F9000 X10
G0 F9000 X-10
G1 E0.50 F2400.00
G1 F4800 Y10 E0.31930
G1 E-0.60 F2400.00
G0 F9000 X10
G0 F9000 X-10
G1 E0.60 F2400.00
G1 F4800 Y10 E0.31930
G1 E-0.70 F2400.00
G0 F9000 X10
G0 F9000 X-10
G1 E0.70 F2400.00
G1 F4800 Y10 E0.31930
G1 E-0.80 F2400.00
G0 F9000 X10
G0 F9000 X-10
G1 E0.80 F2400.00
G1 F4800 Y10 E0.31930
G1 F4800 X-10 E0.31930
G1 E-0.90 F2400.00
G0 F9000 Y10
G0 F9000 Y-10
G1 E0.90 F2400.00
G1 F4800 X-10 E0.31930
G1 E-1.00 F2400.00
G0 F9000 Y10
G0 F9000 Y-10
G1 E1.00 F2400.00
G1 F4800 X-10 E0.31930
G1 E-1.10 F2400.00
G0 F9000 Y10
G0 F9000 Y-10
G1 E1.10 F2400.00
G1 F4800 X-10 E0.31930
G1 E-1.20 F2400.00
G0 F9000 Y10
G0 F9000 Y-10
G1 E1.20 F2400.00
G1 F4800 X-10 E0.31930
G1 F4800 Y-10 E0.31930
G1 E-1.30 F2400.00
G0 F9000 X-10
G0 F9000 X10
G1 E1.30 F2400.00
G1 F4800 Y-10 E0.31930
G1 E-1.40 F2400.00
G0 F9000 X-10
G0 F9000 X10
G1 E1.40 F2400.00
G1 F4800 Y-10 E0.31930
G1 E-1.50 F2400.00
G0 F9000 X-10
G0 F9000 X10
G1 E1.50 F2400.00
G1 F4800 Y-10 E0.31930
G1 E-1.60 F2400.00
G0 F9000 X-10
G0 F9000 X10
G1 E1.60 F2400.00
G1 F4800 Y-10 E0.31930
G1 Z0.2
;Layer 87
G1 F4800 X10 E0.31930
G1 E-0.10 F2400.00
G0 F9000 Y-10
G0 F9000 Y10
G1 E0.10 F2400.00
G1 F4800 X10 E0.31930
G1 E-0.20 F2400.00
G0 F9000 Y-10
G0 F9000 Y10
G1 E0.20 F2400.00
G1 F4800 X10 E0.31930
G1 E-0.30 F2400.00
G0 F9000 Y-10
G0 F9000 Y10
G1 E0.30 F2400.00
G1 F4800 X10 E0.31930
G1 E-0.40 F2400.00
G0 F9000 Y-10
G0 F9000 Y10
G1 E0.40 F2400.00
G1 F4800 X10 E0.31930
G1 F4800 Y10 E0.31930
G1 E-0.50 F2400.00
G0 F9000 X10
G0 F9000 X-10
G1 E0.50 F2400.00
G1 F4800 Y10 E0.31930
G1 E-0.60 F2400.00
G0 F9000 X10
G0 F9000 X-10
G1 E0.60 F2400.00
G1 F4800 Y10 E0.31930
G1 E-0.70 F2400.00
G0 F9000 X10
G0 F9000 X-10
G1 E0.70 F2400.00
G1 F4800 Y10 E0.31930
G1 E-0.80 F2400.00
G0 F9000 X10
G0 F9000 X-10
G1 E0.80 F2400.00
G1 F4800 Y10 E0.31930
G1 F4800 X-10 E0.31930
G1 E-0.90 F2400.00
G0 F9000 Y10
G0 F9000 Y-10
G1 E0.90 F2400.00
G1 F4800 X-10 E0.31930
G1 E-1.00 F2400.00
G0 F9000 Y10
G0 F9000 Y-10
G1 E1.00 F2400.00
G1 F4800 X-10 E0.31930
G1 E-1.10 F2400.00
G0 F9000 Y10
G0 F9000 Y-10
G1 E1.10 F2400.00
G1 F4800 X-10 E0.31930
G1 E-1.20 F2400.00
G0 F9000 Y10
G0 F9000 Y-10
G1 E1.20 F2400.00
G1 F4800 X-10 E0.31930
G1 F4800 Y-10 E0.31930
G1 E-1.30 F2400.00
G0 F9000 X-10
G0 F9000 X10
G1 E1.30 F2400.00
G1 F4800 Y-10 E0.31930
G1 E-1.40 F2400.00
G0 F9000 X-10
G0 F9000 X10
G1 E1.40 F2400.00
G1 F4800 Y-10 E0.31930
G1 E-1.50 F2400.00
G0 F9000 X-10
G0 F9000 X10
G1 E1.50 F2400.00
G1 F4800 Y-10 E0.31930
G1 E-1.60 F2400.00
G0 F9000 X-10
G0 F9000 X10
G1 E1.60 F2400.00
G1 F4800 Y-10 E0.31930
G1 Z0.2
;Layer 88
G1 F4800 X10 E0.31930
G1 E-0.10 F2400.00
G0 F9000 Y-10
G0 F9000 Y10
G1 E0.10 F2400.00
G1 F4800 X10 E0.31930
G1 E-0.20 F2400.00
G0 F9000 Y-10
G0 F9000 Y10
G1 E0.20 F2400.00
G1 F4800 X10 E0.31930
G1 E-0.30 F2400.00
G0 F9000 Y-10
G0 F9000 Y10
G1 E0.30 F2400.00
G1 F4800 X10 E0.31930
G1 E-0.40 F2400.00
G0 F9000 Y-10
G0 F9000 Y10
G1 E0.40 F2400.00
G1 F4800 X10 E0.31930
G1 F4800 Y10 E0.31930
G1 E-0.50 F2400.00
G0 F9000 X10
G0 F9000 X-10
G1 E0.50 F2400.00
G1 F4800 Y10 E0.31930
G1 E-0.60 F2400.00
G0 F9000 X10
G0 F9000 X-10
G1 E0.60 F2400.00
G1 F4800 Y10 E0.31930
G1 E-0.70 F2400.00
G0 F9000 X10
G0 F9000 X-10
G1 E0.70 F2400.00
G1 F4800 Y10 E0.31930
G1 E-0.80 F2400.00
G0 F9000 X10
G0 F9000 X-10
G1 E0.80 F2400.00
G1 F4800 Y10 E0.31930
G1 F4800 X-10 E0.31930
G1 E-0.90 F2400.00
G0 F9000 Y10
G0 F9000 Y-10
G1 E0.90 F2400.00
G1 F4800 X-10 E0.31930
G1 E-1.00 F2400.00
G0 F9000 Y10
G0 F9000 Y-10
G1 E1.00 F2400.00
G1 F4800 X-10 E0.31930
G1 E-1.10 F2400.00
G0 F9000 Y10
G0 F9000 Y-10
G1 E1.10 F2400.00
G1 F4800 X-10 E0.31930
G1 E-1.20 F2400.00
G0 F9000 Y10
G0 F9000 Y-10
G1 E1.20 F2400.00
G1 F4800 X-10 E0.31930
G1 F4800 Y-10 E0.31930
G1 E-1.30 F2400.00
G0 F9000 X-10
G0 F9000 X10
G1 E1.30 F2400.00
G1 F4800 Y-10 E0.31930
G1 E-1.40 F2400.00
G0 F9000 X-10
G0 F9000 X10
G1 E1.40 F2400.00
G1 F4800 Y-10 E0.31930
G1 E-1.50 F2400.00
G0 F9000 X-10
G0 F9000 X10
G1 E1.50 F2400.00
G1 F4800 Y-10 E0.31930
G1 E-1.60 F2400.00
G0 F9000 X-10
G0 F9000 X10
G1 E1.60 F2400.00
G1 F4800 Y-10 E0.31930
G1 Z0.2
;Layer 89
G1 F4800 X10 E0.31930
G1 E-0.10 F2400.00
G0 F9000 Y-10
G0 F9000 Y10
G1 E0.10 F2400.00
G1 F4800 X10 E0.31930
G1 E-0.20 F2400.00
G0 F9000 Y-10
G0 F9000 Y10
G1 E0.20 F2400.00
G1 F4800 X10 E0.31930
G1 E-0.30 F2400.00
G0 F9000 Y-10
G0 F9000 Y10
G1 E0.30 F2400.00
G1 F4800 X10 E0.31930
G1 E-0.40 F2400.00
G0 F9000 Y-10
G0 F9000 Y10
G1 E0.40 F2400.00
G1 F4800 X10 E0.31930
G1 F4800 Y10 E0.31930
G1 E-0.50 F2400.00
G0 F9000 X10
G0 F9000 X-10
G1 E0.50 F2400.00
G1 F4800 Y10 E0.31930
G1 E-0.60 F2400.00
G0 F9000 X10
G0 F9000 X-10
G1 E0.60 F2400.00
G1 F4800 Y10 E0.31930
G1 E-0.70 F2400.00
G0 F9000 X10
G0 F9000 X-10
G1 E0.70 F2400.00
G1 F4800 Y10 E0.31930
G1 E-0.80 F2400.00
G0 F9000 X10
G0 F9000 X-10
G1 E0.80 F2400.00
G1 F4800 Y10 E0.31930
G1 F4800 X-10 E0.31930
G1 E-0.90 F2400.00
G0 F9000 Y10
G0 F9000 Y-10
G1 E0.90 F2400.00
G1 F4800 X-10 E0.31930
G1 E-1.00 F2400.00
G0 F9000 Y10
G0 F9000 Y-10
G1 E1.00 F2400.00
G1 F4800 X-10 E0.31930
G1 E-1.10 F2400.00
G0 F9000 Y10
G0 F9000 Y-10
G1 E1.10 F2400.00
G1 F4800 X-10 E0.31930
G1 E-1.20 F2400.00
G0 F9000 Y10
G0 F9000 Y-10
G1 E1.20 F2400.00
G1 F4800 X-10 E0.31930
G1 F4800 Y-10 E0.31930
G1 E-1.30 F2400.00
G0 F9000 X-10
G0 F9000 X10
G1 E1.30 F2400.00
G1 F4800 Y-10 E0.31930
G1 E-1.40 F2400.00
G0 F9000 X-10
G0 F9000 X10
G1 E1.40 F2400.00
G1 F4800 Y-10 E0.31930
G1 E-1.50 F2400.00
G0 F9000 X-10
G0 F9000 X10
G1 E1.50 F2400.00
G1 F4800 Y-10 E0.31930
G1 E-1.60 F2400.00
G0 F9000 X-10
G0 F9000 X10
G1 E1.60 F2400.00
G1 F4800 Y-10 E0.31930
G1 Z0.2
;Layer 90
G1 F4800 X10 E0.31930
G1 E-0.10 F2400.00
G0 F9000 Y-10
G0 F9000 Y10
G1 E0.10 F2400.00
G1 F4800 X10 E0.31930
G1 E-0.20 F2400.00
G0 F9000 Y-10
G0 F9000 Y10
G1 E0.20 F2400.00
G1 F4800 X10 E0.31930
G1 E-0.30 F2400.00
G0 F9000 Y-10
G0 F9000 Y10
G1 E0.30 F2400.00
G1 F4800 X10 E0.31930
G1 E-0.40 F2400.00
G0 F9000 Y-10
G0 F9000 Y10
G1 E0.40 F2400.00
G1 F4800 X10 E0.31930
G1 F4800 Y10 E0.31930
G1 E-0.50 F2400.00
G0 F9000 X10
G0 F9000 X-10
G1 E0.50 F2400.00
G1 F4800 Y10 E0.31930
G1 E-0.60 F2400.00
G0 F9000 X10
G0 F9000 X-10
G1 E0.60 F2400.00
G1 F4800 Y10 E0.31930
G1 E-0.70 F2400.00
G0 F9000 X10
G0 F9000 X-10
G1 E0.70 F2400.00
G1 F4800 Y10 E0.31930
G1 E-0.80 F2400.00
G0 F9000 X10
G0 F9000 X-10
G1 E0.80 F2400.00
G1 F4800 Y10 E0.31930
G1 F4800 X-10 E0.31930
G1 E-0.90 F2400.00
G0 F9000 Y10
G0 F9000 Y-10
G1 E0.90 F2400.00
G1 F4800 X-10 E0.31930
G1 E-1.00 F2400.00
G0 F9000 Y10
G0 F9000 Y-10
G1 E1.00 F2400.00
G1 F4800 X-10 E0.31930
G1 E-1.10 F2400.00
G0 F9000 Y10
G0 F9000 Y-10
G1 E1.10 F2400.00
G1 F4800 X-10 E0.31930
G1 E-1.20 F2400.00
G0 F9000 Y10
G0 F9000 Y-10
G1 E1.20 F2400.00
G1 F4800 X-10 E0.31930
G1 F4800 Y-10 E0.31930
G1 E-1.30 F2400.00
G0 F9000 X-10
G0 F9000 X10
G1 E1.30 F2400.00
G1 F4800 Y-10 E0.31930
G1 E-1.40 F2400.00
G0 F9000 X-10
G0 F9000 X10
G1 E1.40 F2400.00
G1 F4800 Y-10 E0.31930
G1 E-1.50 F2400.00
G0 F9000 X-10
G0 F9000 X10
G1 E1.50 F2400.00
G1 F4800 Y-10 E0.31930
G1 E-1.60 F2400.00
G0 F9000 X-10
G0 F9000 X10
G1 E1.60 F2400.00
G1 F4800 Y-10 E0.31930
G1 Z0.2
;Layer 91
G1 F4800 X10 E0.31930
G1 E-0.10 F2400.00
G0 F9000 Y-10
G0 F9000 Y10
G1 E0.10 F2400.00
G1 F4800 X10 E0.31930
G1 E-0.20 F2400.00
G0 F9000 Y-10
G0 F9000 Y10
G1 E0.20 F2400.00
G1 F4800 X10 E0.31930
G1 E-0.30 F2400.00
G0 F9000 Y-10
G0 F9000 Y10
G1 E0.30 F2400.00
G1 F4800 X10 E0.31930
G1 E-0.40 F2400.00
G0 F9000 Y-10
G0 F9000 Y10
G1 E0.40 F2400.00
G1 F4800 X10 E0.31930
G1 F4800 Y10 E0.31930
G1 E-0.50 F2400.00
G0 F9000 X10
G0 F9000 X-10
G1 E0.50 F2400.00
G1 F4800 Y10 E0.31930
G1 E-0.60 F2400.00
G0 F9000 X10
G0 F9000 X-10
G1 E0.60 F2400.00
G1 F4800 Y10 E0.31930
G1 E-0.70 F2400.00
G0 F9000 X10
G0 F9000 X-10
G1 E0.70 F2400.00
G1 F4800 Y10 E0.31930
G1 E-0.80 F2400.00
G0 F9000 X10
G0 F9000 X-10
G1 E0.80 F2400.00
G1 F4800 Y10 E0.31930
G1 F4800 X-10 E0.31930
G1 E-0.90 F2400.00
G0 F9000 Y10
G0 F9000 Y-10
G1 E0.90 F2400.00
G1 F4800 X-10 E0.31930
G1 E-1.00 F2400.00
G0 F9000 Y10
G0 F9000 Y-10
G1 E1.00 F2400.00
G1 F4800 X-10 E0.31930
G1 E-1.10 F2400.00
G0 F9000 Y10
G0 F9000 Y-10
G1 E1.10 F2400.00
G1 F4800 X-10 E0.31930
G1 E-1.20 F2400.00
G0 F9000 Y10
G0 F9000 Y-10
G1 E1.20 F2400.00
G1 F4800 X-10 E0.31930
G1 F4800 Y-10 E0.31930
G1 E-1.30 F2400.00
G0 F9000 X-10
G0 F9000 X10
G1 E1.30 F2400.00
G1 F4800 Y-10 E0.31930
G1 E-1.40 F2400.00
G0 F9000 X-10
G0 F9000 X10
G1 E1.40 F2400.00
G1 F4800 Y-10 E0.31930
G1 E-1.50 F2400.00
G0 F9000 X-10
G0 F9000 X10
G1 E1.50 F2400.00
G1 F4800 Y-10 E0.31930
G1 E-1.60 F2400.00
G0 F9000 X-10
G0 F9000 X10
G1 E1.60 F2400.00
G1 F4800 Y-10 E0.31930
G1 Z0.2
;Layer 92
G1 F4800 X10 E0.31930
G1 E-0.10 F2400.00
G0 F9000 Y-10
G0 F9000 Y10
G1 E0.10 F2400.00
G1 F4800 X10 E0.31930
G1 E-0.20 F2400.00
G0 F9000 Y-10
G0 F9000 Y10
G1 E0.20 F2400.00
G1 F4800 X10 E0.31930
G1 E-0.30 F2400.00
G0 F9000 Y-10
G0 F9000 Y10
G1 E0.30 F2400.00
G1 F4800 X10 E0.31930
G1 E-0.40 F2400.00
G0 F9000 Y-10
G0 F9000 Y10
G1 E0.40 F2400.00
G1 F4800 X10 E0.31930
G1 F4800 Y10 E0.31930
G1 E-0.50 F2400.00
G0 F9000 X10
G0 F9000 X-10
G1 E0.50 F2400.00
G1 F4800 Y10 E0.31930
G1 E-0.60 F2400.00
G0 F9000 X10
G0 F9000 X-10
G1 E0.60 F2400.00
G1 F4800 Y10 E0.31930
G1 E-0.70 F2400.00
G0 F9000 X10
G0 F9000 X-10
G1 E0.70 F2400.00
G1 F4800 Y10 E0.31930
G1 E-0.80 F2400.00
G0 F9000 X10
G0 F9000 X-10
G1 E0.80 F2400.00
G1 F4800 Y10 E0.31930
G1 F4800 X-10 E0.31930
G1 E-0.90 F2400.00
G0 F9000 Y10
G0 F9000 Y-10
G1 E0.90 F2400.00
G1 F4800 X-10 E0.31930
G1 E-1.00 F2400.00
G0 F9000 Y10
G0 F9000 Y-10
G1 E1.00 F2400.00
G1 F4800 X-10 E0.31930
G1 E-1.10 F2400.00
G0 F9000 Y10
G0 F9000 Y-10
G1 E1.10 F2400.00
G1 F4800 X-10 E0.31930
G1 E-1.20 F2400.00
G0 F9000 Y10
G0 F9000 Y-10
G1 E1.20 F2400.00
G1 F4800 X-10 E0.31930
G1 F4800 Y-10 E0.31930
G1 E-1.30 F2400.00
G0 F9000 X-10
G0 F9000 X10
G1 E1.30 F2400.00
G1 F4800 Y-10 E0.31930
G1 E-1.40 F2400.00
G0 F9000 X-10
G0 F9000 X10
G1 E1.40 F2400.00
G1 F4800 Y-10 E0.31930
G1 E-1.50 F2400.00
G0 F9000 X-10
G0 F9000 X10
G1 E1.50 F2400.00
G1 F4800 Y-10 E0.31930
G1 E-1.60 F2400.00
G0 F9000 X-10
G0 F9000 X10
G1 E1.60 F2400.00
G1 F4800 Y-10 E0.31930
G1 Z0.2
;Layer 93
G1 F4800 X10 E0.31930
G1 E-0.10 F2400.00
G0 F9000 Y-10
G0 F9000 Y10
G1 E0.10 F2400.00
G1 F4800 X10 E0.31930
G1 E-0.20 F2400.00
G0 F9000 Y-10
G0 F9000 Y10
G1 E0.20 F2400.00
G1 F4800 X10 E0.31930
G1 E-0.30 F2400.00
G0 F9000 Y-10
G0 F9000 Y10
G1 E0.30 F2400.00
G1 F4800 X10 E0.31930
G1 E-0.40 F2400.00
G0 F9000 Y-10
G0 F9000 Y10
G1 E0.40 F2400.00
G1 F4800 X10 E0.31930
G1 F4800 Y10 E0.31930
G1 E-0.50 F2400.00
G0 F9000 X10
G0 F9000 X-10
G1 E0.50 F2400.00
G1 F4800 Y10 E0.31930
G1 E-0.60 F2400.00
G0 F9000 X10
G0 F9000 X-10
G1 E0.60 F2400.00
G1 F4800 Y10 E0.31930
G1 E-0.70 F2400.00
G0 F9000 X10
G0 F9000 X-10
G1 E0.70 F2400.00
G1 F4800 Y10 E0.31930
G1 E-0.80 F2400.00
G0 F9000 X10
G0 F9000 X-10
G1 E0.80 F2400.00
G1 F4800 Y10 E0.31930
G1 F4800 X-10 E0.31930
G1 E-0.90 F2400.00
G0 F9000 Y10
G0 F9000 Y-10
G1 E0.90 F2400.00
G1 F4800 X-10 E0.31930
G1 E-1.00 F2400.00
G0 F9000 Y10
G0 F9000 Y-10
G1 E1.00 F2400.00
G1 F4800 X-10 E0.31930
G1 E-1.10 F2400.00
G0 F9000 Y10
G0 F9000 Y-10
G1 E1.10 F2400.00
G1 F4800 X-10 E0.31930
G1 E-1.20 F2400.00
G0 F9000 Y10
G0 F9000 Y-10
G1 E1.20 F2400.00
G1 F4800 X-10 E0.31930
G1 F4800 Y-10 E0.31930
G1 E-1.30 F2400.00
G0 F9000 X-10
G0 F9000 X10
G1 E1.30 F2400.00
G1 F4800 Y-10 E0.31930
G1 E-1.40 F2400.00
G0 F9000 X-10
G0 F9000 X10
G1 E1.40 F2400.00
G1 F4800 Y-10 E0.31930
G1 E-1.50 F2400.00
G0 F9000 X-10
G0 F9000 X10
G1 E1.50 F2400.00
G1 F4800 Y-10 E0.31930
G1 E-1.60 F2400.00
G0 F9000 X-10
G0 F9000 X10
G1 E1.60 F2400.00
G1 F4800 Y-10 E0.31930
G1 Z0.2
;Layer 94
G1 F4800 X10 E0.31930
G1 E-0.10 F2400.00
G0 F9000 Y-10
G0 F9000 Y10
G1 E0.10 F2400.00
G1 F4800 X10 E0.31930
G1 E-0.20 F2400.00
G0 F9000 Y-10
G0 F9000 Y10
G1 E0.20 F2400.00
G1 F4800 X10 E0.31930
G1 E-0.30 F2400.00
G0 F9000 Y-10
G0 F9000 Y10
G1 E0.30 F2400.00
G1 F4800 X10 E0.31930
G1 E-0.40 F2400.00
G0 F9000 Y-10
G0 F9000 Y10
G1 E0.40 F2400.00
G1 F4800 X10 E0.31930
G1 F4800 Y10 E0.31930
G1 E-0.50 F2400.00
G0 F9000 X10
G0 F9000 X-10
G1 E0.50 F2400.00
G1 F4800 Y10 E0.31930
G1 E-0.60 F2400.00
G0 F9000 X10
G0 F9000 X-10
G1 E0.60 F2400.00
G1 F4800 Y10 E0.31930
G1 E-0.70 F2400.00
G0 F9000 X10
G0 F9000 X-10
G1 E0.70 F2400.00
G1 F4800 Y10 E0.31930
G1 E-0.80 F2400.00
G0 F9000 X10
G0 F9000 X-10
G1 E0.80 F2400.00
G1 F4800 Y10 E0.31930
G1 F4800 X-10 E0.31930
G1 E-0.90 F2400.00
G0 F9000 Y10
G0 F9000 Y-10
G1 E0.90 F2400.00
G1 F4800 X-10 E0.31930
G1 E-1.00 F2400.00
G0 F9000 Y10
G0 F9000 Y-10
G1 E1.00 F2400.00
G1 F4800 X-10 E0.31930
G1 E-1.10 F2400.00
G0 F9000 Y10
G0 F9000 Y-10
G1 E1.10 F2400.00
G1 F4800 X-10 E0.31930
G1 E-1.20 F2400.00
G0 F9000 Y10
G0 F9000 Y-10
G1 E1.20 F2400.00
G1 F4800 X-10 E0.31930
G1 F4800 Y-10 E0.31930
G1 E-1.30 F2400.00
G0 F9000 X-10
G0 F9000 X10
G1 E1.30 F2400.00
G1 F4800 Y-10 E0.31930
G1 E-1.40 F2400.00
G0 F9000 X-10
G0 F9000 X10
G1 E1.40 F2400.00
G1 F4800 Y-10 E0.31930
G1 E-1.50 F2400.00
G0 F9000 X-10
G0 F9000 X10
G1 E1.50 F2400.00
G1 F4800 Y-10 E0.31930
G1 E-1.60 F2400.00
G0 F9000 X-10
G0 F9000 X10
G1 E1.60 F2400.00
G1 F4800 Y-10 E0.31930
G1 Z0.2
;Layer 95
G1 F4800 X10 E0.31930
G1 E-0.10 F2400.00
G0 F9000 Y-10
G0 F9000 Y10
G1 E0.10 F2400.00
G1 F4800 X10 E0.31930
G1 E-0.20 F2400.00
G0 F9000 Y-10
G0 F9000 Y10
G1 E0.20 F2400.00
G1 F4800 X10 E0.31930
G1 E-0.30 F2400.00
G0 F9000 Y-10
G0 F9000 Y10
G1 E0.30 F2400.00
G1 F4800 X10 E0.31930
G1 E-0.40 F2400.00
G0 F9000 Y-10
G0 F9000 Y10
G1 E0.40 F2400.00
G1 F4800 X10 E0.31930
G1 F4800 Y10 E0.31930
G1 E-0.50 F2400.00
G0 F9000 X10
G0 F9000 X-10
G1 E0.50 F2400.00
G1 F4800 Y10 E0.31930
G1 E-0.60 F2400.00
G0 F9000 X10
G0 F9000 X-10
G1 E0.60 F2400.00
G1 F4800 Y10 E0.31930
G1 E-0.70 F2400.00
G0 F9000 X10
G0 F9000 X-10
G1 E0.70 F2400.00
G1 F4800 Y10 E0.31930
G1 E-0.80 F2400.00
G0 F9000 X10
G0 F9000 X-10
G1 E0.80 F2400.00
G1 F4800 Y10 E0.31930
G1 F4800 X-10 E0.31930
G1 E-0.90 F2400.00
G0 F9000 Y10
G0 F9000 Y-10
G1 E0.90 F2400.00
G1 F4800 X-10 E0.31930
G1 E-1.00 F2400.00
G0 F9000 Y10
G0 F9000 Y-10
G1 E1.00 F2400.00
G1 F4800 X-10 E0.31930
G1 E-1.10 F2400.00
G0 F9000 Y10
G0 F9000 Y-10
G1 E1.10 F2400.00
G1 F4800 X-10 E0.31930
G1 E-1.20 F2400.00
G0 F9000 Y10
G0 F9000 Y-10
G1 E1.20 F2400.00
G1 F4800 X-10 E0.31930
G1 F4800 Y-10 E0.31930
G1 E-1.30 F2400.00
G0 F9000 X-10
G0 F9000 X10
G1 E1.30 F2400.00
G1 F4800 Y-10 E0.31930
G1 E-1.40 F2400.00
G0 F9000 X-10
G0 F9000 X10
G1 E1.40 F2400.00
G1 F4800 Y-10 E0.31930
G1 E-1.50 F2400.00
G0 F9000 X-10
G0 F9000 X10
G1 E1.50 F2400.00
G1 F4800 Y-10 E0.31930
G1 E-1.60 F2400.00
G0 F9000 X-10
G0 F9000 X10
G1 E1.60 F2400.00
G1 F4800 Y-10 E0.31930
G1 Z0.2
;Layer 96
G1 F4800 X10 E0.31930
G1 E-0.10 F2400.00
G0 F9000 Y-10
G0 F9000 Y10
G1 E0.10 F2400.00
G1 F4800 X10 E0.31930
G1 E-0.20 F2400.00
G0 F9000 Y-10
G0 F9000 Y10
G1 E0.20 F2400.00
G1 F4800 X10 E0.31930
G1 E-0.30 F2400.00
G0 F9000 Y-10
G0 F9000 Y10
G1 E0.30 F2400.00
G1 F4800 X10 E0.31930
G1 E-0.40 F2400.00
G0 F9000 Y-10
G0 F9000 Y10
G1 E0.40 F2400.00
G1 F4800 X10 E0.31930
G1 F4800 Y10 E0.31930
G1 E-0.50 F2400.00
G0 F9000 X10
G0 F9000 X-10
G1 E0.50 F2400.00
G1 F4800 Y10 E0.31930
G1 E-0.60 F2400.00
G0 F9000 X10
G0 F9000 X-10
G1 E0.60 F2400.00
G1 F4800 Y10 E0.31930
G1 E-0.70 F2400.00
G0 F9000 X10
G0 F9000 X-10
G1 E0.70 F2400.00
G1 F4800 Y10 E0.31930
G1 E-0.80 F2400.00
G0 F9000 X10
G0 F9000 X-10
G1 E0.80 F2400.00
G1 F4800 Y10 E0.31930
G1 F4800 X-10 E0.31930
G1 E-0.90 F2400.00
G0 F9000 Y10
G0 F9000 Y-10
G1 E0.90 F2400.00
G1 F4800 X-10 E0.31930
G1 E-1.00 F2400.00
G0 F9000 Y10
G0 F9000 Y-10
G1 E1.00 F2400.00
G1 F4800 X-10 E0.31930
G1 E-1.10 F2400.00
G0 F9000 Y10
G0 F9000 Y-10
G1 E1.10 F2400.00
G1 F4800 X-10 E0.31930
G1 E-1.20 F2400.00
G0 F9000 Y10
G0 F9000 Y-10
G1 E1.20 F2400.00
G1 F4800 X-10 E0.31930
G1 F4800 Y-10 E0.31930
G1 E-1.30 F2400.00
G0 F9000 X-10
G0 F9000 X10
G1 E1.30 F2400.00
G1 F4800 Y-10 E0.31930
G1 E-1.40 F2400.00
G0 F9000 X-10
G0 F9000 X10
G1 E1.40 F2400.00
G1 F4800 Y-10 E0.31930
G1 E-1.50 F2400.00
G0 F9000 X-10
G0 F9000 X10
G1 E1.50 F2400.00
G1 F4800 Y-10 E0.31930
G1 E-1.60 F2400.00
G0 F9000 X-10
G0 F9000 X10
G1 E1.60 F2400.00
G1 F4800 Y-10 E0.31930
G1 Z0.2
;Layer 97
G1 F4800 X10 E0.31930
G1 E-0.10 F2400.00
G0 F9000 Y-10
G0 F9000 Y10
G1 E0.10 F2400.00
G1 F4800 X10 E0.31930
G1 E-0.20 F2400.00
G0 F9000 Y-10
G0 F9000 Y10
G1 E0.20 F2400.00
G1 F4800 X10 E0.31930
G1 E-0.30 F2400.00
G0 F9000 Y-10
G0 F9000 Y10
G1 E0.30 F2400.00
G1 F4800 X10 E0.31930
G1 E-0.40 F2400.00
G0 F9000 Y-10
G0 F9000 Y10
G1 E0.40 F2400.00
G1 F4800 X10 E0.31930
G1 F4800 Y10 E0.31930
G1 E-0.50 F2400.00
G0 F9000 X10
G0 F9000 X-10
G1 E0.50 F2400.00
G1 F4800 Y10 E0.31930
G1 E-0.60 F2400.00
G0 F9000 X10
G0 F9000 X-10
G1 E0.60 F2400.00
G1 F4800 Y10 E0.31930
G1 E-0.70 F2400.00
G0 F9000 X10
G0 F9000 X-10
G1 E0.70 F2400.00
G1 F4800 Y10 E0.31930
G1 E-0.80 F2400.00
G0 F9000 X10
G0 F9000 X-10
G1 E0.80 F2400.00
G1 F4800 Y10 E0.31930
G1 F4800 X-10 E0.31930
G1 E-0.90 F2400.00
G0 F9000 Y10
G0 F9000 Y-10
G1 E0.90 F2400.00
G1 F4800 X-10 E0.31930
G1 E-1.00 F2400.00
G0 F9000 Y10
G0 F9000 Y-10
G1 E1.00 F2400.00
G1 F4800 X-10 E0.31930
G1 E-1.10 F2400.00
G0 F9000 Y10
G0 F9000 Y-10
G1 E1.10 F2400.00
G1 F4800 X-10 E0.31930
G1 E-1.20 F2400.00
G0 F9000 Y10
G0 F9000 Y-10
G1 E1.20 F2400.00
G1 F4800 X-10 E0.31930
G1 F4800 Y-10 E0.31930
G1 E-1.30 F2400.00
G0 F9000 X-10
G0 F9000 X10
G1 E1.30 F2400.00
G1 F4800 Y-10 E0.31930
G1 E-1.40 F2400.00
G0 F9000 X-10
G0 F9000 X10
G1 E1.40 F2400.00
G1 F4800 Y-10 E0.31930
G1 E-1.50 F2400.00
G0 F9000 X-10
G0 F9000 X10
G1 E1.50 F2400.00
G1 F4800 Y-10 E0.31930
G1 E-1.60 F2400.00
G0 F9000 X-10
G0 F9000 X10
G1 E1.60 F2400.00
G1 F4800 Y-10 E0.31930
G1 Z0.2
;Layer 98
G1 F4800 X10 E0.31930
G1 E-0.10 F2400.00
G0 F9000 Y-10
G0 F9000 Y10
G1 E0.10 F2400.00
G1 F4800 X10 E0.31930
G1 E-0.20 F2400.00
G0 F9000 Y-10
G0 F9000 Y10
G1 E0.20 F2400.00
G1 F4800 X10 E0.31930
G1 E-0.30 F2400.00
G0 F9000 Y-10
G0 F9000 Y10
G1 E0.30 F2400.00
G1 F4800 X10 E0.31930
G1 E-0.40 F2400.00
G0 F9000 Y-10
G0 F9000 Y10
G1 E0.40 F2400.00
G1 F4800 X10 E0.31930
G1 F4800 Y10 E0.31930
G1 E-0.50 F2400.00
G0 F9000 X10
G0 F9000 X-10
G1 E0.50 F2400.00
G1 F4800 Y10 E0.31930
G1 E-0.60 F2400.00
G0 F9000 X10
G0 F9000 X-10
G1 E0.60 F2400.00
G1 F4800 Y10 E0.31930
G1 E-0.70 F2400.00
G0 F9000 X10
G0 F9000 X-10
G1 E0.70 F2400.00
G1 F4800 Y10 E0.31930
G1 E-0.80 F2400.00
G0 F9000 X10
G0 F9000 X-10
G1 E0.80 F2400.00
G1 F4800 Y10 E0.31930
G1 F4800 X-10 E0.31930
G1 E-0.90 F2400.00
G0 F9000 Y10
G0 F9000 Y-10
G1 E0.90 F2400.00
G1 F4800 X-10 E0.31930
G1 E-1.00 F2400.00
G0 F9000 Y10
G0 F9000 Y-10
G1 E1.00 F2400.00
G1 F4800 X-10 E0.31930
G1 E-1.10 F2400.00
G0 F9000 Y10
G0 F9000 Y-10
G1 E1.10 F2400.00
G1 F4800 X-10 E0.31930
G1 E-1.20 F2400.00
G0 F9000 Y10
G0 F9000 Y-10
G1 E1.20 F2400.00
G1 F4800 X-10 E0.31930
G1 F4800 Y-10 E0.31930
G1 E-1.30 F2400.00
G0 F9000 X-10
G0 F9000 X10
G1 E1.30 F2400.00
G1 F4800 Y-10 E0.31930
G1 E-1.40 F2400.00
G0 F9000 X-10
G0 F9000 X10
G1 E1.40 F2400.00
G1 F4800 Y-10 E0.31930
G1 E-1.50 F2400.00
G0 F9000 X-10
G0 F9000 X10
G1 E1.50 F2400.00
G1 F4800 Y-10 E0.31930
G1 E-1.60 F2400.00
G0 F9000 X-10
G0 F9000 X10
G1 E1.60 F2400.00
G1 F4800 Y-10 E0.31930
G1 Z0.2
;Layer 99
G1 F4800 X10 E0.31930
G1 E-0.10 F2400.00
G0 F9000 Y-10
G0 F9000 Y10
G1 E0.10 F2400.00
G1 F4800 X10 E0.31930
G1 E-0.20 F2400.00
G0 F9000 Y-10
G0 F9000 Y10
G1 E0.20 F2400.00
G1 F4800 X10 E0.31930
G1 E-0.30 F2400.00
G0 F9000 Y-10
G0 F9000 Y10
G1 E0.30 F2400.00
G1 F4800 X10 E0.31930
G1 E-0.40 F2400.00
G0 F9000 Y-10
G0 F9000 Y10
G1 E0.40 F2400.00
G1 F4800 X10 E0.31930
G1 F4800 Y10 E0.31930
G1 E-0.50 F2400.00
G0 F9000 X10
G0 F9000 X-10
G1 E0.50 F2400.00
G1 F4800 Y10 E0.31930
G1 E-0.60 F2400.00
G0 F9000 X10
G0 F9000 X-10
G1 E0.60 F2400.00
G1 F4800 Y10 E0.31930
G1 E-0.70 F2400.00
G0 F9000 X10
G0 F9000 X-10
G1 E0.70 F2400.00
G1 F4800 Y10 E0.31930
G1 E-0.80 F2400.00
G0 F9000 X10
G0 F9000 X-10
G1 E0.80 F2400.00
G1 F4800 Y10 E0.31930
G1 F4800 X-10 E0.31930
G1 E-0.90 F2400.00
G0 F9000 Y10
G0 F9000 Y-10
G1 E0.90 F2400.00
G1 F4800 X-10 E0.31930
G1 E-1.00 F2400.00
G0 F9000 Y10
G0 F9000 Y-10
G1 E1.00 F2400.00
G1 F4800 X-10 E0.31930
G1 E-1.10 F2400.00
G0 F9000 Y10
G0 F9000 Y-10
G1 E1.10 F2400.00
G1 F4800 X-10 E0.31930
G1 E-1.20 F2400.00
G0 F9000 Y10
G0 F9000 Y-10
G1 E1.20 F2400.00
G1 F4800 X-10 E0.31930
G1 F4800 Y-10 E0.31930
G1 E-1.30 F2400.00
G0 F9000 X-10
G0 F9000 X10
G1 E1.30 F2400.00
G1 F4800 Y-10 E0.31930
G1 E-1.40 F2400.00
G0 F9000 X-10
G0 F9000 X10
G1 E1.40 F2400.00
G1 F4800 Y-10 E0.31930
G1 E-1.50 F2400.00
G0 F9000 X-10
G0 F9000 X10
G1 E1.50 F2400.00
G1 F4800 Y-10 E0.31930
G1 E-1.60 F2400.00
G0 F9000 X-10
G0 F9000 X10
G1 E1.60 F2400.00
G1 F4800 Y-10 E0.31930
G1 Z0.2
;Layer 100
G1 F4800 X10 E0.31930
G1 E-0.10 F2400.00
G0 F9000 Y-10
G0 F9000 Y10
G1 E0.10 F2400.00
G1 F4800 X10 E0.31930
G1 E-0.20 F2400.00
G0 F9000 Y-10
G0 F9000 Y10
G1 E0.20 F2400.00
G1 F4800 X10 E0.31930
G1 E-0.30 F2400.00
G0 F9000 Y-10
G0 F9000 Y10
G1 E0.30 F2400.00
G1 F4800 X10 E0.31930
G1 E-0.40 F2400.00
G0 F9000 Y-10
G0 F9000 Y10
G1 E0.40 F2400.00
G1 F4800 X10 E0.31930
G1 F4800 Y10 E0.31930
G1 E-0.50 F2400.00
G0 F9000 X10
G0 F9000 X-10
G1 E0.50 F2400.00
G1 F4800 Y10 E0.31930
G1 E-0.60 F2400.00
G0 F9000 X10
G0 F9000 X-10
G1 E0.60 F2400.00
G1 F4800 Y10 E0.31930
G1 E-0.70 F2400.00
G0 F9000 X10
G0 F9000 X-10
G1 E0.70 F2400.00
G1 F4800 Y10 E0.31930
G1 E-0.80 F2400.00
G0 F9000 X10
G0 F9000 X-10
G1 E0.80 F2400.00
G1 F4800 Y10 E0.31930
G1 F4800 X-10 E0.31930
G1 E-0.90 F2400.00
G0 F9000 Y10
G0 F9000 Y-10
G1 E0.90 F2400.00
G1 F4800 X-10 E0.31930
G1 E-1.00 F2400.00
G0 F9000 Y10
G0 F9000 Y-10
G1 E1.00 F2400.00
G1 F4800 X-10 E0.31930
G1 E-1.10 F2400.00
G0 F9000 Y10
G0 F9000 Y-10
G1 E1.10 F2400.00
G1 F4800 X-10 E0.31930
G1 E-1.20 F2400.00
G0 F9000 Y10
G0 F9000 Y-10
G1 E1.20 F2400.00
G1 F4800 X-10 E0.31930
G1 F4800 Y-10 E0.31930
G1 E-1.30 F2400.00
G0 F9000 X-10
G0 F9000 X10
G1 E1.30 F2400.00
G1 F4800 Y-10 E0.31930
G1 E-1.40 F2400.00
G0 F9000 X-10
G0 F9000 X10
G1 E1.40 F2400.00
G1 F4800 Y-10 E0.31930
G1 E-1.50 F2400.00
G0 F9000 X-10
G0 F9000 X10
G1 E1.50 F2400.00
G1 F4800 Y-10 E0.31930
G1 E-1.60 F2400.00
G0 F9000 X-10
G0 F9000 X10
G1 E1.60 F2400.00
G1 F4800 Y-10 E0.31930
G1 Z0.2
;Layer 101
G1 F4800 X10 E0.31930
G1 E-0.10 F2400.00
G0 F9000 Y-10
G0 F9000 Y10
G1 E0.10 F2400.00
G1 F4800 X10 E0.31930
G1 E-0.20 F2400.00
G0 F9000 Y-10
G0 F9000 Y10
G1 E0.20 F2400.00
G1 F4800 X10 E0.31930
G1 E-0.30 F2400.00
G0 F9000 Y-10
G0 F9000 Y10
G1 E0.30 F2400.00
G1 F4800 X10 E0.31930
G1 E-0.40 F2400.00
G0 F9000 Y-10
G0 F9000 Y10
G1 E0.40 F2400.00
G1 F4800 X10 E0.31930
G1 F4800 Y10 E0.31930
G1 E-0.50 F2400.00
G0 F9000 X10
G0 F9000 X-10
G1 E0.50 F2400.00
G1 F4800 Y10 E0.31930
G1 E-0.60 F2400.00
G0 F9000 X10
G0 F9000 X-10
G1 E0.60 F2400.00
G1 F4800 Y10 E0.31930
G1 E-0.70 F2400.00
G0 F9000 X10
G0 F9000 X-10
G1 E0.70 F2400.00
G1 F4800 Y10 E0.31930
G1 E-0.80 F2400.00
G0 F9000 X10
G0 F9000 X-10
G1 E0.80 F2400.00
G1 F4800 Y10 E0.31930
G1 F4800 X-10 E0.31930
G1 E-0.90 F2400.00
G0 F9000 Y10
G0 F9000 Y-10
G1 E0.90 F2400.00
G1 F4800 X-10 E0.31930
G1 E-1.00 F2400.00
G0 F9000 Y10
G0 F9000 Y-10
G1 E1.00 F2400.00
G1 F4800 X-10 E0.31930
G1 E-1.10 F2400.00
G0 F9000 Y10
G0 F9000 Y-10
G1 E1.10 F2400.00
G1 F4800 X-10 E0.31930
G1 E-1.20 F2400.00
G0 F9000 Y10
G0 F9000 Y-10
G1 E1.20 F2400.00
G1 F4800 X-10 E0.31930
G1 F4800 Y-10 E0.31930
G1 E-1.30 F2400.00
G0 F9000 X-10
G0 F9000 X10
G1 E1.30 F2400.00
G1 F4800 Y-10 E0.31930
G1 E-1.40 F2400.00
G0 F9000 X-10
G0 F9000 X10
G1 E1.40 F2400.00
G1 F4800 Y-10 E0.31930
G1 E-1.50 F2400.00
G0 F9000 X-10
G0 F9000 X10
G1 E1.50 F2400.00
G1 F4800 Y-10 E0.31930
G1 E-1.60 F2400.00
G0 F9000 X-10
G0 F9000 X10
G1 E1.60 F2400.00
G1 F4800 Y-10 E0.31930
G1 Z0.2
;Layer 102
G1 F4800 X10 E0.31930
G1 E-0.10 F2400.00
G0 F9000 Y-10
G0 F9000 Y10
G1 E0.10 F2400.00
G1 F4800 X10 E0.31930
G1 E-0.20 F2400.00
G0 F9000 Y-10
G0 F9000 Y10
G1 E0.20 F2400.00
G1 F4800 X10 E0.31930
G1 E-0.30 F2400.00
G0 F9000 Y-10
G0 F9000 Y10
G1 E0.30 F2400.00
G1 F4800 X10 E0.31930
G1 E-0.40 F2400.00
G0 F9000 Y-10
G0 F9000 Y10
G1 E0.40 F2400.00
G1 F4800 X10 E0.31930
G1 F4800 Y10 E0.31930
G1 E-0.50 F2400.00
G0 F9000 X10
G0 F9000 X-10
G1 E0.50 F2400.00
G1 F4800 Y10 E0.31930
G1 E-0.60 F2400.00
G0 F9000 X10
G0 F9000 X-10
G1 E0.60 F2400.00
G1 F4800 Y10 E0.31930
G1 E-0.70 F2400.00
G0 F9000 X10
G0 F9000 X-10
G1 E0.70 F2400.00
G1 F4800 Y10 E0.31930
G1 E-0.80 F2400.00
G0 F9000 X10
G0 F9000 X-10
G1 E0.80 F2400.00
G1 F4800 Y10 E0.31930
G1 F4800 X-10 E0.31930
G1 E-0.90 F2400.00
G0 F9000 Y10
G0 F9000 Y-10
G1 E0.90 F2400.00
G1 F4800 X-10 E0.31930
G1 E-1.00 F2400.00
G0 F9000 Y10
G0 F9000 Y-10
G1 E1.00 F2400.00
G1 F4800 X-10 E0.31930
G1 E-1.10 F2400.00
G0 F9000 Y10
G0 F9000 Y-10
G1 E1.10 F2400.00
G1 F4800 X-10 E0.31930
G1 E-1.20 F2400.00
G0 F9000 Y10
G0 F9000 Y-10
G1 E1.20 F2400.00
G1 F4800 X-10 E0.31930
G1 F4800 Y-10 E0.31930
G1 E-1.30 F2400.00
G0 F9000 X-10
G0 F9000 X10
G1 E1.30 F2400.00
G1 F4800 Y-10 E0.31930
G1 E-1.40 F2400.00
G0 F9000 X-10
G0 F9000 X10
G1 E1.40 F2400.00
G1 F4800 Y-10 E0.31930
G1 E-1.50 F2400.00
G0 F9000 X-10
G0 F9000 X10
G1 E1.50 F2400.00
G1 F4800 Y-10 E0.31930
G1 E-1.60 F2400.00
G0 F9000 X-10
G0 F9000 X10
G1 E1.60 F2400.00
G1 F4800 Y-10 E0.31930
G1 Z0.2
M106 S64
M104 S240
;Layer 103
G1 F4800 X-2 E0.03193
G1 F4800 Y-2 E0.03193
G1 F4800 X2 E0.03193
G1 F4800 Y2 E0.03193
G1 F4800 X10 E0.31930
G1 E-0.10 F3000.00
G0 F9000 Y-10
G0 F9000 Y10
G1 E0.10 F3000.00
G1 F4800 X10 E0.31930
G1 E-0.20 F3000.00
G0 F9000 Y-10
G0 F9000 Y10
G1 E0.20 F3000.00
G1 F4800 X10 E0.31930
G1 E-0.30 F3000.00
G0 F9000 Y-10
G0 F9000 Y10
G1 E0.30 F3000.00
G1 F4800 X10 E0.31930
G1 E-0.40 F3000.00
G0 F9000 Y-10
G0 F9000 Y10
G1 E0.40 F3000.00
G1 F4800 X10 E0.31930
G1 F4800 X1 E0.03193
G1 F4800 Y-1 E0.03193
G1 F4800 X-1 E0.03193
G1 F4800 Y1 E0.03193
G1 F4800 Y10 E0.31930
G1 E-0.50 F3000.00
G0 F9000 X10
G0 F9000 X-10
G1 E0.50 F3000.00
G1 F4800 Y10 E0.31930
G1 E-0.60 F3000.00
G0 F9000 X10
G0 F9000 X-10
G1 E0.60 F3000.00
G1 F4800 Y10 E0.31930
G1 E-0.70 F3000.00
G0 F9000 X10
G0 F9000 X-10
G1 E0.70 F3000.00
G1 F4800 Y10 E0.31930
G1 E-0.80 F3000.00
G0 F9000 X10
G0 F9000 X-10
G1 E0.80 F3000.00
G1 F4800 Y10 E0.31930
G1 F4800 X1 E0.03193
G1 F4800 Y1 E0.03193
G1 F4800 X-1 E0.03193
G1 F4800 Y-1 E0.03193
G1 F4800 X-10 E0.31930
G1 E-0.90 F3000.00
G0 F9000 Y10
G0 F9000 Y-10
G1 E0.90 F3000.00
G1 F4800 X-10 E0.31930
G1 E-1.00 F3000.00
G0 F9000 Y10
G0 F9000 Y-10
G1 E1.00 F3000.00
G1 F4800 X-10 E0.31930
G1 E-1.10 F3000.00
G0 F9000 Y10
G0 F9000 Y-10
G1 E1.10 F3000.00
G1 F4800 X-10 E0.31930
G1 E-1.20 F3000.00
G0 F9000 Y10
G0 F9000 Y-10
G1 E1.20 F3000.00
G1 F4800 X-10 E0.31930
G1 F4800 X-1 E0.03193
G1 F4800 Y1 E0.03193
G1 F4800 X1 E0.03193
G1 F4800 Y-1 E0.03193
G1 F4800 Y-10 E0.31930
G1 E-1.30 F3000.00
G0 F9000 X-10
G0 F9000 X10
G1 E1.30 F3000.00
G1 F4800 Y-10 E0.31930
G1 E-1.40 F3000.00
G0 F9000 X-10
G0 F9000 X10
G1 E1.40 F3000.00
G1 F4800 Y-10 E0.31930
G1 E-1.50 F3000.00
G0 F9000 X-10
G0 F9000 X10
G1 E1.50 F3000.00
G1 F4800 Y-10 E0.31930
G1 E-1.60 F3000.00
G0 F9000 X-10
G0 F9000 X10
G1 E1.60 F3000.00
G1 F4800 Y-10 E0.31930
G1 Z0.2
;Layer 104
G1 F4800 X10 E0.31930
G1 E-0.10 F3000.00
G0 F9000 Y-10
G0 F9000 Y10
G1 E0.10 F3000.00
G1 F4800 X10 E0.31930
G1 E-0.20 F3000.00
G0 F9000 Y-10
G0 F9000 Y10
G1 E0.20 F3000.00
G1 F4800 X10 E0.31930
G1 E-0.30 F3000.00
G0 F9000 Y-10
G0 F9000 Y10
G1 E0.30 F3000.00
G1 F4800 X10 E0.31930
G1 E-0.40 F3000.00
G0 F9000 Y-10
G0 F9000 Y10
G1 E0.40 F3000.00
G1 F4800 X10 E0.31930
G1 F4800 Y10 E0.31930
G1 E-0.50 F3000.00
G0 F9000 X10
G0 F9000 X-10
G1 E0.50 F3000.00
G1 F4800 Y10 E0.31930
G1 E-0.60 F3000.00
G0 F9000 X10
G0 F9000 X-10
G1 E0.60 F3000.00
G1 F4800 Y10 E0.31930
G1 E-0.70 F3000.00
G0 F9000 X10
G0 F9000 X-10
G1 E0.70 F3000.00
G1 F4800 Y10 E0.31930
G1 E-0.80 F3000.00
G0 F9000 X10
G0 F9000 X-10
G1 E0.80 F3000.00
G1 F4800 Y10 E0.31930
G1 F4800 X-10 E0.31930
G1 E-0.90 F3000.00
G0 F9000 Y10
G0 F9000 Y-10
G1 E0.90 F3000.00
G1 F4800 X-10 E0.31930
G1 E-1.00 F3000.00
G0 F9000 Y10
G0 F9000 Y-10
G1 E1.00 F3000.00
G1 F4800 X-10 E0.31930
G1 E-1.10 F3000.00
G0 F9000 Y10
G0 F9000 Y-10
G1 E1.10 F3000.00
G1 F4800 X-10 E0.31930
G1 E-1.20 F3000.00
G0 F9000 Y10
G0 F9000 Y-10
G1 E1.20 F3000.00
G1 F4800 X-10 E0.31930
G1 F4800 Y-10 E0.31930
G1 E-1.30 F3000.00
G0 F9000 X-10
G0 F9000 X10
G1 E1.30 F3000.00
G1 F4800 Y-10 E0.31930
G1 E-1.40 F3000.00
G0 F9000 X-10
G0 F9000 X10
G1 E1.40 F3000.00
G1 F4800 Y-10 E0.31930
G1 E-1.50 F3000.00
G0 F9000 X-10
G0 F9000 X10
G1 E1.50 F3000.00
G1 F4800 Y-10 E0.31930
G1 E-1.60 F3000.00
G0 F9000 X-10
G0 F9000 X10
G1 E1.60 F3000.00
G1 F4800 Y-10 E0.31930
G1 Z0.2
;Layer 105
G1 F4800 X10 E0.31930
G1 E-0.10 F3000.00
G0 F9000 Y-10
G0 F9000 Y10
G1 E0.10 F3000.00
G1 F4800 X10 E0.31930
G1 E-0.20 F3000.00
G0 F9000 Y-10
G0 F9000 Y10
G1 E0.20 F3000.00
G1 F4800 X10 E0.31930
G1 E-0.30 F3000.00
G0 F9000 Y-10
G0 F9000 Y10
G1 E0.30 F3000.00
G1 F4800 X10 E0.31930
G1 E-0.40 F3000.00
G0 F9000 Y-10
G0 F9000 Y10
G1 E0.40 F3000.00
G1 F4800 X10 E0.31930
G1 F4800 Y10 E0.31930
G1 E-0.50 F3000.00
G0 F9000 X10
G0 F9000 X-10
G1 E0.50 F3000.00
G1 F4800 Y10 E0.31930
G1 E-0.60 F3000.00
G0 F9000 X10
G0 F9000 X-10
G1 E0.60 F3000.00
G1 F4800 Y10 E0.31930
G1 E-0.70 F3000.00
G0 F9000 X10
G0 F9000 X-10
G1 E0.70 F3000.00
G1 F4800 Y10 E0.31930
G1 E-0.80 F3000.00
G0 F9000 X10
G0 F9000 X-10
G1 E0.80 F3000.00
G1 F4800 Y10 E0.31930
G1 F4800 X-10 E0.31930
G1 E-0.90 F3000.00
G0 F9000 Y10
G0 F9000 Y-10
G1 E0.90 F3000.00
G1 F4800 X-10 E0.31930
G1 E-1.00 F3000.00
G0 F9000 Y10
G0 F9000 Y-10
G1 E1.00 F3000.00
G1 F4800 X-10 E0.31930
G1 E-1.10 F3000.00
G0 F9000 Y10
G0 F9000 Y-10
G1 E1.10 F3000.00
G1 F4800 X-10 E0.31930
G1 E-1.20 F3000.00
G0 F9000 Y10
G0 F9000 Y-10
G1 E1.20 F3000.00
G1 F4800 X-10 E0.31930
G1 F4800 Y-10 E0.31930
G1 E-1.30 F3000.00
G0 F9000 X-10
G0 F9000 X10
G1 E1.30 F3000.00
G1 F4800 Y-10 E0.31930
G1 E-1.40 F3000.00
G0 F9000 X-10
G0 F9000 X10
G1 E1.40 F3000.00
G1 F4800 Y-10 E0.31930
G1 E-1.50 F3000.00
G0 F9000 X-10
G0 F9000 X10
G1 E1.50 F3000.00
G1 F4800 Y-10 E0.31930
G1 E-1.60 F3000.00
G0 F9000 X-10
G0 F9000 X10
G1 E1.60 F3000.00
G1 F4800 Y-10 E0.31930
G1 Z0.2
;Layer 106
G1 F4800 X10 E0.31930
G1 E-0.10 F3000.00
G0 F9000 Y-10
G0 F9000 Y10
G1 E0.10 F3000.00
G1 F4800 X10 E0.31930
G1 E-0.20 F3000.00
G0 F9000 Y-10
G0 F9000 Y10
G1 E0.20 F3000.00
G1 F4800 X10 E0.31930
G1 E-0.30 F3000.00
G0 F9000 Y-10
G0 F9000 Y10
G1 E0.30 F3000.00
G1 F4800 X10 E0.31930
G1 E-0.40 F3000.00
G0 F9000 Y-10
G0 F9000 Y10
G1 E0.40 F3000.00
G1 F4800 X10 E0.31930
G1 F4800 Y10 E0.31930
G1 E-0.50 F3000.00
G0 F9000 X10
G0 F9000 X-10
G1 E0.50 F3000.00
G1 F4800 Y10 E0.31930
G1 E-0.60 F3000.00
G0 F9000 X10
G0 F9000 X-10
G1 E0.60 F3000.00
G1 F4800 Y10 E0.31930
G1 E-0.70 F3000.00
G0 F9000 X10
G0 F9000 X-10
G1 E0.70 F3000.00
G1 F4800 Y10 E0.31930
G1 E-0.80 F3000.00
G0 F9000 X10
G0 F9000 X-10
G1 E0.80 F3000.00
G1 F4800 Y10 E0.31930
G1 F4800 X-10 E0.31930
G1 E-0.90 F3000.00
G0 F9000 Y10
G0 F9000 Y-10
G1 E0.90 F3000.00
G1 F4800 X-10 E0.31930
G1 E-1.00 F3000.00
G0 F9000 Y10
G0 F9000 Y-10
G1 E1.00 F3000.00
G1 F4800 X-10 E0.31930
G1 E-1.10 F3000.00
G0 F9000 Y10
G0 F9000 Y-10
G1 E1.10 F3000.00
G1 F4800 X-10 E0.31930
G1 E-1.20 F3000.00
G0 F9000 Y10
G0 F9000 Y-10
G1 E1.20 F3000.00
G1 F4800 X-10 E0.31930
G1 F4800 Y-10 E0.31930
G1 E-1.30 F3000.00
G0 F9000 X-10
G0 F9000 X10
G1 E1.30 F3000.00
G1 F4800 Y-10 E0.31930
G1 E-1.40 F3000.00
G0 F9000 X-10
G0 F9000 X10
G1 E1.40 F3000.00
G1 F4800 Y-10 E0.31930
G1 E-1.50 F3000.00
G0 F9000 X-10
G0 F9000 X10
G1 E1.50 F3000.00
G1 F4800 Y-10 E0.31930
G1 E-1.60 F3000.00
G0 F9000 X-10
G0 F9000 X10
G1 E1.60 F3000.00
G1 F4800 Y-10 E0.31930
G1 Z0.2
;Layer 107
G1 F4800 X10 E0.31930
G1 E-0.10 F3000.00
G0 F9000 Y-10
G0 F9000 Y10
G1 E0.10 F3000.00
G1 F4800 X10 E0.31930
G1 E-0.20 F3000.00
G0 F9000 Y-10
G0 F9000 Y10
G1 E0.20 F3000.00
G1 F4800 X10 E0.31930
G1 E-0.30 F3000.00
G0 F9000 Y-10
G0 F9000 Y10
G1 E0.30 F3000.00
G1 F4800 X10 E0.31930
G1 E-0.40 F3000.00
G0 F9000 Y-10
G0 F9000 Y10
G1 E0.40 F3000.00
G1 F4800 X10 E0.31930
G1 F4800 Y10 E0.31930
G1 E-0.50 F3000.00
G0 F9000 X10
G0 F9000 X-10
G1 E0.50 F3000.00
G1 F4800 Y10 E0.31930
G1 E-0.60 F3000.00
G0 F9000 X10
G0 F9000 X-10
G1 E0.60 F3000.00
G1 F4800 Y10 E0.31930
G1 E-0.70 F3000.00
G0 F9000 X10
G0 F9000 X-10
G1 E0.70 F3000.00
G1 F4800 Y10 E0.31930
G1 E-0.80 F3000.00
G0 F9000 X10
G0 F9000 X-10
G1 E0.80 F3000.00
G1 F4800 Y10 E0.31930
G1 F4800 X-10 E0.31930
G1 E-0.90 F3000.00
G0 F9000 Y10
G0 F9000 Y-10
G1 E0.90 F3000.00
G1 F4800 X-10 E0.31930
G1 E-1.00 F3000.00
G0 F9000 Y10
G0 F9000 Y-10
G1 E1.00 F3000.00
G1 F4800 X-10 E0.31930
G1 E-1.10 F3000.00
G0 F9000 Y10
G0 F9000 Y-10
G1 E1.10 F3000.00
G1 F4800 X-10 E0.31930
G1 E-1.20 F3000.00
G0 F9000 Y10
G0 F9000 Y-10
G1 E1.20 F3000.00
G1 F4800 X-10 E0.31930
G1 F4800 Y-10 E0.31930
G1 E-1.30 F3000.00
G0 F9000 X-10
G0 F9000 X10
G1 E1.30 F3000.00
G1 F4800 Y-10 E0.31930
G1 E-1.40 F3000.00
G0 F9000 X-10
G0 F9000 X10
G1 E1.40 F3000.00
G1 F4800 Y-10 E0.31930
G1 E-1.50 F3000.00
G0 F9000 X-10
G0 F9000 X10
G1 E1.50 F3000.00
G1 F4800 Y-10 E0.31930
G1 E-1.60 F3000.00
G0 F9000 X-10
G0 F9000 X10
G1 E1.60 F3000.00
G1 F4800 Y-10 E0.31930
G1 Z0.2
;Layer 108
G1 F4800 X10 E0.31930
G1 E-0.10 F3000.00
G0 F9000 Y-10
G0 F9000 Y10
G1 E0.10 F3000.00
G1 F4800 X10 E0.31930
G1 E-0.20 F3000.00
G0 F9000 Y-10
G0 F9000 Y10
G1 E0.20 F3000.00
G1 F4800 X10 E0.31930
G1 E-0.30 F3000.00
G0 F9000 Y-10
G0 F9000 Y10
G1 E0.30 F3000.00
G1 F4800 X10 E0.31930
G1 E-0.40 F3000.00
G0 F9000 Y-10
G0 F9000 Y10
G1 E0.40 F3000.00
G1 F4800 X10 E0.31930
G1 F4800 Y10 E0.31930
G1 E-0.50 F3000.00
G0 F9000 X10
G0 F9000 X-10
G1 E0.50 F3000.00
G1 F4800 Y10 E0.31930
G1 E-0.60 F3000.00
G0 F9000 X10
G0 F9000 X-10
G1 E0.60 F3000.00
G1 F4800 Y10 E0.31930
G1 E-0.70 F3000.00
G0 F9000 X10
G0 F9000 X-10
G1 E0.70 F3000.00
G1 F4800 Y10 E0.31930
G1 E-0.80 F3000.00
G0 F9000 X10
G0 F9000 X-10
G1 E0.80 F3000.00
G1 F4800 Y10 E0.31930
G1 F4800 X-10 E0.31930
G1 E-0.90 F3000.00
G0 F9000 Y10
G0 F9000 Y-10
G1 E0.90 F3000.00
G1 F4800 X-10 E0.31930
G1 E-1.00 F3000.00
G0 F9000 Y10
G0 F9000 Y-10
G1 E1.00 F3000.00
G1 F4800 X-10 E0.31930
G1 E-1.10 F3000.00
G0 F9000 Y10
G0 F9000 Y-10
G1 E1.10 F3000.00
G1 F4800 X-10 E0.31930
G1 E-1.20 F3000.00
G0 F9000 Y10
G0 F9000 Y-10
G1 E1.20 F3000.00
G1 F4800 X-10 E0.31930
G1 F4800 Y-10 E0.31930
G1 E-1.30 F3000.00
G0 F9000 X-10
G0 F9000 X10
G1 E1.30 F3000.00
G1 F4800 Y-10 E0.31930
G1 E-1.40 F3000.00
G0 F9000 X-10
G0 F9000 X10
G1 E1.40 F3000.00
G1 F4800 Y-10 E0.31930
G1 E-1.50 F3000.00
G0 F9000 X-10
G0 F9000 X10
G1 E1.50 F3000.00
G1 F4800 Y-10 E0.31930
G1 E-1.60 F3000.00
G0 F9000 X-10
G0 F9000 X10
G1 E1.60 F3000.00
G1 F4800 Y-10 E0.31930
G1 Z0.2
;Layer 109
G1 F4800 X10 E0.31930
G1 E-0.10 F3000.00
G0 F9000 Y-10
G0 F9000 Y10
G1 E0.10 F3000.00
G1 F4800 X10 E0.31930
G1 E-0.20 F3000.00
G0 F9000 Y-10
G0 F9000 Y10
G1 E0.20 F3000.00
G1 F4800 X10 E0.31930
G1 E-0.30 F3000.00
G0 F9000 Y-10
G0 F9000 Y10
G1 E0.30 F3000.00
G1 F4800 X10 E0.31930
G1 E-0.40 F3000.00
G0 F9000 Y-10
G0 F9000 Y10
G1 E0.40 F3000.00
G1 F4800 X10 E0.31930
G1 F4800 Y10 E0.31930
G1 E-0.50 F3000.00
G0 F9000 X10
G0 F9000 X-10
G1 E0.50 F3000.00
G1 F4800 Y10 E0.31930
G1 E-0.60 F3000.00
G0 F9000 X10
G0 F9000 X-10
G1 E0.60 F3000.00
G1 F4800 Y10 E0.31930
G1 E-0.70 F3000.00
G0 F9000 X10
G0 F9000 X-10
G1 E0.70 F3000.00
G1 F4800 Y10 E0.31930
G1 E-0.80 F3000.00
G0 F9000 X10
G0 F9000 X-10
G1 E0.80 F3000.00
G1 F4800 Y10 E0.31930
G1 F4800 X-10 E0.31930
G1 E-0.90 F3000.00
G0 F9000 Y10
G0 F9000 Y-10
G1 E0.90 F3000.00
G1 F4800 X-10 E0.31930
G1 E-1.00 F3000.00
G0 F9000 Y10
G0 F9000 Y-10
G1 E1.00 F3000.00
G1 F4800 X-10 E0.31930
G1 E-1.10 F3000.00
G0 F9000 Y10
G0 F9000 Y-10
G1 E1.10 F3000.00
G1 F4800 X-10 E0.31930
G1 E-1.20 F3000.00
G0 F9000 Y10
G0 F9000 Y-10
G1 E1.20 F3000.00
G1 F4800 X-10 E0.31930
G1 F4800 Y-10 E0.31930
G1 E-1.30 F3000.00
G0 F9000 X-10
G0 F9000 X10
G1 E1.30 F3000.00
G1 F4800 Y-10 E0.31930
G1 E-1.40 F3000.00
G0 F9000 X-10
G0 F9000 X10
G1 E1.40 F3000.00
G1 F4800 Y-10 E0.31930
G1 E-1.50 F3000.00
G0 F9000 X-10
G0 F9000 X10
G1 E1.50 F3000.00
G1 F4800 Y-10 E0.31930
G1 E-1.60 F3000.00
G0 F9000 X-10
G0 F9000 X10
G1 E1.60 F3000.00
G1 F4800 Y-10 E0.31930
G1 Z0.2
;Layer 110
G1 F4800 X10 E0.31930
G1 E-0.10 F3000.00
G0 F9000 Y-10
G0 F9000 Y10
G1 E0.10 F3000.00
G1 F4800 X10 E0.31930
G1 E-0.20 F3000.00
G0 F9000 Y-10
G0 F9000 Y10
G1 E0.20 F3000.00
G1 F4800 X10 E0.31930
G1 E-0.30 F3000.00
G0 F9000 Y-10
G0 F9000 Y10
G1 E0.30 F3000.00
G1 F4800 X10 E0.31930
G1 E-0.40 F3000.00
G0 F9000 Y-10
G0 F9000 Y10
G1 E0.40 F3000.00
G1 F4800 X10 E0.31930
G1 F4800 Y10 E0.31930
G1 E-0.50 F3000.00
G0 F9000 X10
G0 F9000 X-10
G1 E0.50 F3000.00
G1 F4800 Y10 E0.31930
G1 E-0.60 F3000.00
G0 F9000 X10
G0 F9000 X-10
G1 E0.60 F3000.00
G1 F4800 Y10 E0.31930
G1 E-0.70 F3000.00
G0 F9000 X10
G0 F9000 X-10
G1 E0.70 F3000.00
G1 F4800 Y10 E0.31930
G1 E-0.80 F3000.00
G0 F9000 X10
G0 F9000 X-10
G1 E0.80 F3000.00
G1 F4800 Y10 E0.31930
G1 F4800 X-10 E0.31930
G1 E-0.90 F3000.00
G0 F9000 Y10
G0 F9000 Y-10
G1 E0.90 F3000.00
G1 F4800 X-10 E0.31930
G1 E-1.00 F3000.00
G0 F9000 Y10
G0 F9000 Y-10
G1 E1.00 F3000.00
G1 F4800 X-10 E0.31930
G1 E-1.10 F3000.00
G0 F9000 Y10
G0 F9000 Y-10
G1 E1.10 F3000.00
G1 F4800 X-10 E0.31930
G1 E-1.20 F3000.00
G0 F9000 Y10
G0 F9000 Y-10
G1 E1.20 F3000.00
G1 F4800 X-10 E0.31930
G1 F4800 Y-10 E0.31930
G1 E-1.30 F3000.00
G0 F9000 X-10
G0 F9000 X10
G1 E1.30 F3000.00
G1 F4800 Y-10 E0.31930
G1 E-1.40 F3000.00
G0 F9000 X-10
G0 F9000 X10
G1 E1.40 F3000.00
G1 F4800 Y-10 E0.31930
G1 E-1.50 F3000.00
G0 F9000 X-10
G0 F9000 X10
G1 E1.50 F3000.00
G1 F4800 Y-10 E0.31930
G1 E-1.60 F3000.00
G0 F9000 X-10
G0 F9000 X10
G1 E1.60 F3000.00
G1 F4800 Y-10 E0.31930
G1 Z0.2
;Layer 111
G1 F4800 X10 E0.31930
G1 E-0.10 F3000.00
G0 F9000 Y-10
G0 F9000 Y10
G1 E0.10 F3000.00
G1 F4800 X10 E0.31930
G1 E-0.20 F3000.00
G0 F9000 Y-10
G0 F9000 Y10
G1 E0.20 F3000.00
G1 F4800 X10 E0.31930
G1 E-0.30 F3000.00
G0 F9000 Y-10
G0 F9000 Y10
G1 E0.30 F3000.00
G1 F4800 X10 E0.31930
G1 E-0.40 F3000.00
G0 F9000 Y-10
G0 F9000 Y10
G1 E0.40 F3000.00
G1 F4800 X10 E0.31930
G1 F4800 Y10 E0.31930
G1 E-0.50 F3000.00
G0 F9000 X10
G0 F9000 X-10
G1 E0.50 F3000.00
G1 F4800 Y10 E0.31930
G1 E-0.60 F3000.00
G0 F9000 X10
G0 F9000 X-10
G1 E0.60 F3000.00
G1 F4800 Y10 E0.31930
G1 E-0.70 F3000.00
G0 F9000 X10
G0 F9000 X-10
G1 E0.70 F3000.00
G1 F4800 Y10 E0.31930
G1 E-0.80 F3000.00
G0 F9000 X10
G0 F9000 X-10
G1 E0.80 F3000.00
G1 F4800 Y10 E0.31930
G1 F4800 X-10 E0.31930
G1 E-0.90 F3000.00
G0 F9000 Y10
G0 F9000 Y-10
G1 E0.90 F3000.00
G1 F4800 X-10 E0.31930
G1 E-1.00 F3000.00
G0 F9000 Y10
G0 F9000 Y-10
G1 E1.00 F3000.00
G1 F4800 X-10 E0.31930
G1 E-1.10 F3000.00
G0 F9000 Y10
G0 F9000 Y-10
G1 E1.10 F3000.00
G1 F4800 X-10 E0.31930
G1 E-1.20 F3000.00
G0 F9000 Y10
G0 F9000 Y-10
G1 E1.20 F3000.00
G1 F4800 X-10 E0.31930
G1 F4800 Y-10 E0.31930
G1 E-1.30 F3000.00
G0 F9000 X-10
G0 F9000 X10
G1 E1.30 F3000.00
G1 F4800 Y-10 E0.31930
G1 E-1.40 F3000.00
G0 F9000 X-10
G0 F9000 X10
G1 E1.40 F3000.00
G1 F4800 Y-10 E0.31930
G1 E-1.50 F3000.00
G0 F9000 X-10
G0 F9000 X10
G1 E1.50 F3000.00
G1 F4800 Y-10 E0.31930
G1 E-1.60 F3000.00
G0 F9000 X-10
G0 F9000 X10
G1 E1.60 F3000.00
G1 F4800 Y-10 E0.31930
G1 Z0.2
;Layer 112
G1 F4800 X10 E0.31930
G1 E-0.10 F3000.00
G0 F9000 Y-10
G0 F9000 Y10
G1 E0.10 F3000.00
G1 F4800 X10 E0.31930
G1 E-0.20 F3000.00
G0 F9000 Y-10
G0 F9000 Y10
G1 E0.20 F3000.00
G1 F4800 X10 E0.31930
G1 E-0.30 F3000.00
G0 F9000 Y-10
G0 F9000 Y10
G1 E0.30 F3000.00
G1 F4800 X10 E0.31930
G1 E-0.40 F3000.00
G0 F9000 Y-10
G0 F9000 Y10
G1 E0.40 F3000.00
G1 F4800 X10 E0.31930
G1 F4800 Y10 E0.31930
G1 E-0.50 F3000.00
G0 F9000 X10
G0 F9000 X-10
G1 E0.50 F3000.00
G1 F4800 Y10 E0.31930
G1 E-0.60 F3000.00
G0 F9000 X10
G0 F9000 X-10
G1 E0.60 F3000.00
G1 F4800 Y10 E0.31930
G1 E-0.70 F3000.00
G0 F9000 X10
G0 F9000 X-10
G1 E0.70 F3000.00
G1 F4800 Y10 E0.31930
G1 E-0.80 F3000.00
G0 F9000 X10
G0 F9000 X-10
G1 E0.80 F3000.00
G1 F4800 Y10 E0.31930
G1 F4800 X-10 E0.31930
G1 E-0.90 F3000.00
G0 F9000 Y10
G0 F9000 Y-10
G1 E0.90 F3000.00
G1 F4800 X-10 E0.31930
G1 E-1.00 F3000.00
G0 F9000 Y10
G0 F9000 Y-10
G1 E1.00 F3000.00
G1 F4800 X-10 E0.31930
G1 E-1.10 F3000.00
G0 F9000 Y10
G0 F9000 Y-10
G1 E1.10 F3000.00
G1 F4800 X-10 E0.31930
G1 E-1.20 F3000.00
G0 F9000 Y10
G0 F9000 Y-10
G1 E1.20 F3000.00
G1 F4800 X-10 E0.31930
G1 F4800 Y-10 E0.31930
G1 E-1.30 F3000.00
G0 F9000 X-10
G0 F9000 X10
G1 E1.30 F3000.00
G1 F4800 Y-10 E0.31930
G1 E-1.40 F3000.00
G0 F9000 X-10
G0 F9000 X10
G1 E1.40 F3000.00
G1 F4800 Y-10 E0.31930
G1 E-1.50 F3000.00
G0 F9000 X-10
G0 F9000 X10
G1 E1.50 F3000.00
G1 F4800 Y-10 E0.31930
G1 E-1.60 F3000.00
G0 F9000 X-10
G0 F9000 X10
G1 E1.60 F3000.00
G1 F4800 Y-10 E0.31930
G1 Z0.2
;Layer 113
G1 F4800 X10 E0.31930
G1 E-0.10 F3000.00
G0 F9000 Y-10
G0 F9000 Y10
G1 E0.10 F3000.00
G1 F4800 X10 E0.31930
G1 E-0.20 F3000.00
G0 F9000 Y-10
G0 F9000 Y10
G1 E0.20 F3000.00
G1 F4800 X10 E0.31930
G1 E-0.30 F3000.00
G0 F9000 Y-10
G0 F9000 Y10
G1 E0.30 F3000.00
G1 F4800 X10 E0.31930
G1 E-0.40 F3000.00
G0 F9000 Y-10
G0 F9000 Y10
G1 E0.40 F3000.00
G1 F4800 X10 E0.31930
G1 F4800 Y10 E0.31930
G1 E-0.50 F3000.00
G0 F9000 X10
G0 F9000 X-10
G1 E0.50 F3000.00
G1 F4800 Y10 E0.31930
G1 E-0.60 F3000.00
G0 F9000 X10
G0 F9000 X-10
G1 E0.60 F3000.00
G1 F4800 Y10 E0.31930
G1 E-0.70 F3000.00
G0 F9000 X10
G0 F9000 X-10
G1 E0.70 F3000.00
G1 F4800 Y10 E0.31930
G1 E-0.80 F3000.00
G0 F9000 X10
G0 F9000 X-10
G1 E0.80 F3000.00
G1 F4800 Y10 E0.31930
G1 F4800 X-10 E0.31930
G1 E-0.90 F3000.00
G0 F9000 Y10
G0 F9000 Y-10
G1 E0.90 F3000.00
G1 F4800 X-10 E0.31930
G1 E-1.00 F3000.00
G0 F9000 Y10
G0 F9000 Y-10
G1 E1.00 F3000.00
G1 F4800 X-10 E0.31930
G1 E-1.10 F3000.00
G0 F9000 Y10
G0 F9000 Y-10
G1 E1.10 F3000.00
G1 F4800 X-10 E0.31930
G1 E-1.20 F3000.00
G0 F9000 Y10
G0 F9000 Y-10
G1 E1.20 F3000.00
G1 F4800 X-10 E0.31930
G1 F4800 Y-10 E0.31930
G1 E-1.30 F3000.00
G0 F9000 X-10
G0 F9000 X10
G1 E1.30 F3000.00
G1 F4800 Y-10 E0.31930
G1 E-1.40 F3000.00
G0 F9000 X-10
G0 F9000 X10
G1 E1.40 F3000.00
G1 F4800 Y-10 E0.31930
G1 E-1.50 F3000.00
G0 F9000 X-10
G0 F9000 X10
G1 E1.50 F3000.00
G1 F4800 Y-10 E0.31930
G1 E-1.60 F3000.00
G0 F9000 X-10
G0 F9000 X10
G1 E1.60 F3000.00
G1 F4800 Y-10 E0.31930
G1 Z0.2
;Layer 114
G1 F4800 X10 E0.31930
G1 E-0.10 F3000.00
G0 F9000 Y-10
G0 F9000 Y10
G1 E0.10 F3000.00
G1 F4800 X10 E0.31930
G1 E-0.20 F3000.00
G0 F9000 Y-10
G0 F9000 Y10
G1 E0.20 F3000.00
G1 F4800 X10 E0.31930
G1 E-0.30 F3000.00
G0 F9000 Y-10
G0 F9000 Y10
G1 E0.30 F3000.00
G1 F4800 X10 E0.31930
G1 E-0.40 F3000.00
G0 F9000 Y-10
G0 F9000 Y10
G1 E0.40 F3000.00
G1 F4800 X10 E0.31930
G1 F4800 Y10 E0.31930
G1 E-0.50 F3000.00
G0 F9000 X10
G0 F9000 X-10
G1 E0.50 F3000.00
G1 F4800 Y10 E0.31930
G1 E-0.60 F3000.00
G0 F9000 X10
G0 F9000 X-10
G1 E0.60 F3000.00
G1 F4800 Y10 E0.31930
G1 E-0.70 F3000.00
G0 F9000 X10
G0 F9000 X-10
G1 E0.70 F3000.00
G1 F4800 Y10 E0.31930
G1 E-0.80 F3000.00
G0 F9000 X10
G0 F9000 X-10
G1 E0.80 F3000.00
G1 F4800 Y10 E0.31930
G1 F4800 X-10 E0.31930
G1 E-0.90 F3000.00
G0 F9000 Y10
G0 F9000 Y-10
G1 E0.90 F3000.00
G1 F4800 X-10 E0.31930
G1 E-1.00 F3000.00
G0 F9000 Y10
G0 F9000 Y-10
G1 E1.00 F3000.00
G1 F4800 X-10 E0.31930
G1 E-1.10 F3000.00
G0 F9000 Y10
G0 F9000 Y-10
G1 E1.10 F3000.00
G1 F4800 X-10 E0.31930
G1 E-1.20 F3000.00
G0 F9000 Y10
G0 F9000 Y-10
G1 E1.20 F3000.00
G1 F4800 X-10 E0.31930
G1 F4800 Y-10 E0.31930
G1 E-1.30 F3000.00
G0 F9000 X-10
G0 F9000 X10
G1 E1.30 F3000.00
G1 F4800 Y-10 E0.31930
G1 E-1.40 F3000.00
G0 F9000 X-10
G0 F9000 X10
G1 E1.40 F3000.00
G1 F4800 Y-10 E0.31930
G1 E-1.50 F3000.00
G0 F9000 X-10
G0 F9000 X10
G1 E1.50 F3000.00
G1 F4800 Y-10 E0.31930
G1 E-1.60 F3000.00
G0 F9000 X-10
G0 F9000 X10
G1 E1.60 F3000.00
G1 F4800 Y-10 E0.31930
G1 Z0.2
;Layer 115
G1 F4800 X10 E0.31930
G1 E-0.10 F3000.00
G0 F9000 Y-10
G0 F9000 Y10
G1 E0.10 F3000.00
G1 F4800 X10 E0.31930
G1 E-0.20 F3000.00
G0 F9000 Y-10
G0 F9000 Y10
G1 E0.20 F3000.00
G1 F4800 X10 E0.31930
G1 E-0.30 F3000.00
G0 F9000 Y-10
G0 F9000 Y10
G1 E0.30 F3000.00
G1 F4800 X10 E0.31930
G1 E-0.40 F3000.00
G0 F9000 Y-10
G0 F9000 Y10
G1 E0.40 F3000.00
G1 F4800 X10 E0.31930
G1 F4800 Y10 E0.31930
G1 E-0.50 F3000.00
G0 F9000 X10
G0 F9000 X-10
G1 E0.50 F3000.00
G1 F4800 Y10 E0.31930
G1 E-0.60 F3000.00
G0 F9000 X10
G0 F9000 X-10
G1 E0.60 F3000.00
G1 F4800 Y10 E0.31930
G1 E-0.70 F3000.00
G0 F9000 X10
G0 F9000 X-10
G1 E0.70 F3000.00
G1 F4800 Y10 E0.31930
G1 E-0.80 F3000.00
G0 F9000 X10
G0 F9000 X-10
G1 E0.80 F3000.00
G1 F4800 Y10 E0.31930
G1 F4800 X-10 E0.31930
G1 E-0.90 F3000.00
G0 F9000 Y10
G0 F9000 Y-10
G1 E0.90 F3000.00
G1 F4800 X-10 E0.31930
G1 E-1.00 F3000.00
G0 F9000 Y10
G0 F9000 Y-10
G1 E1.00 F3000.00
G1 F4800 X-10 E0.31930
G1 E-1.10 F3000.00
G0 F9000 Y10
G0 F9000 Y-10
G1 E1.10 F3000.00
G1 F4800 X-10 E0.31930
G1 E-1.20 F3000.00
G0 F9000 Y10
G0 F9000 Y-10
G1 E1.20 F3000.00
G1 F4800 X-10 E0.31930
G1 F4800 Y-10 E0.31930
G1 E-1.30 F3000.00
G0 F9000 X-10
G0 F9000 X10
G1 E1.30 F3000.00
G1 F4800 Y-10 E0.31930
G1 E-1.40 F3000.00
G0 F9000 X-10
G0 F9000 X10
G1 E1.40 F3000.00
G1 F4800 Y-10 E0.31930
G1 E-1.50 F3000.00
G0 F9000 X-10
G0 F9000 X10
G1 E1.50 F3000.00
G1 F4800 Y-10 E0.31930
G1 E-1.60 F3000.00
G0 F9000 X-10
G0 F9000 X10
G1 E1.60 F3000.00
G1 F4800 Y-10 E0.31930
G1 Z0.2
;Layer 116
G1 F4800 X10 E0.31930
G1 E-0.10 F3000.00
G0 F9000 Y-10
G0 F9000 Y10
G1 E0.10 F3000.00
G1 F4800 X10 E0.31930
G1 E-0.20 F3000.00
G0 F9000 Y-10
G0 F9000 Y10
G1 E0.20 F3000.00
G1 F4800 X10 E0.31930
G1 E-0.30 F3000.00
G0 F9000 Y-10
G0 F9000 Y10
G1 E0.30 F3000.00
G1 F4800 X10 E0.31930
G1 E-0.40 F3000.00
G0 F9000 Y-10
G0 F9000 Y10
G1 E0.40 F3000.00
G1 F4800 X10 E0.31930
G1 F4800 Y10 E0.31930
G1 E-0.50 F3000.00
G0 F9000 X10
G0 F9000 X-10
G1 E0.50 F3000.00
G1 F4800 Y10 E0.31930
G1 E-0.60 F3000.00
G0 F9000 X10
G0 F9000 X-10
G1 E0.60 F3000.00
G1 F4800 Y10 E0.31930
G1 E-0.70 F3000.00
G0 F9000 X10
G0 F9000 X-10
G1 E0.70 F3000.00
G1 F4800 Y10 E0.31930
G1 E-0.80 F3000.00
G0 F9000 X10
G0 F9000 X-10
G1 E0.80 F3000.00
G1 F4800 Y10 E0.31930
G1 F4800 X-10 E0.31930
G1 E-0.90 F3000.00
G0 F9000 Y10
G0 F9000 Y-10
G1 E0.90 F3000.00
G1 F4800 X-10 E0.31930
G1 E-1.00 F3000.00
G0 F9000 Y10
G0 F9000 Y-10
G1 E1.00 F3000.00
G1 F4800 X-10 E0.31930
G1 E-1.10 F3000.00
G0 F9000 Y10
G0 F9000 Y-10
G1 E1.10 F3000.00
G1 F4800 X-10 E0.31930
G1 E-1.20 F3000.00
G0 F9000 Y10
G0 F9000 Y-10
G1 E1.20 F3000.00
G1 F4800 X-10 E0.31930
G1 F4800 Y-10 E0.31930
G1 E-1.30 F3000.00
G0 F9000 X-10
G0 F9000 X10
G1 E1.30 F3000.00
G1 F4800 Y-10 E0.31930
G1 E-1.40 F3000.00
G0 F9000 X-10
G0 F9000 X10
G1 E1.40 F3000.00
G1 F4800 Y-10 E0.31930
G1 E-1.50 F3000.00
G0 F9000 X-10
G0 F9000 X10
G1 E1.50 F3000.00
G1 F4800 Y-10 E0.31930
G1 E-1.60 F3000.00
G0 F9000 X-10
G0 F9000 X10
G1 E1.60 F3000.00
G1 F4800 Y-10 E0.31930
G1 Z0.2
;Layer 117
G1 F4800 X10 E0.31930
G1 E-0.10 F3000.00
G0 F9000 Y-10
G0 F9000 Y10
G1 E0.10 F3000.00
G1 F4800 X10 E0.31930
G1 E-0.20 F3000.00
G0 F9000 Y-10
G0 F9000 Y10
G1 E0.20 F3000.00
G1 F4800 X10 E0.31930
G1 E-0.30 F3000.00
G0 F9000 Y-10
G0 F9000 Y10
G1 E0.30 F3000.00
G1 F4800 X10 E0.31930
G1 E-0.40 F3000.00
G0 F9000 Y-10
G0 F9000 Y10
G1 E0.40 F3000.00
G1 F4800 X10 E0.31930
G1 F4800 Y10 E0.31930
G1 E-0.50 F3000.00
G0 F9000 X10
G0 F9000 X-10
G1 E0.50 F3000.00
G1 F4800 Y10 E0.31930
G1 E-0.60 F3000.00
G0 F9000 X10
G0 F9000 X-10
G1 E0.60 F3000.00
G1 F4800 Y10 E0.31930
G1 E-0.70 F3000.00
G0 F9000 X10
G0 F9000 X-10
G1 E0.70 F3000.00
G1 F4800 Y10 E0.31930
G1 E-0.80 F3000.00
G0 F9000 X10
G0 F9000 X-10
G1 E0.80 F3000.00
G1 F4800 Y10 E0.31930
G1 F4800 X-10 E0.31930
G1 E-0.90 F3000.00
G0 F9000 Y10
G0 F9000 Y-10
G1 E0.90 F3000.00
G1 F4800 X-10 E0.31930
G1 E-1.00 F3000.00
G0 F9000 Y10
G0 F9000 Y-10
G1 E1.00 F3000.00
G1 F4800 X-10 E0.31930
G1 E-1.10 F3000.00
G0 F9000 Y10
G0 F9000 Y-10
G1 E1.10 F3000.00
G1 F4800 X-10 E0.31930
G1 E-1.20 F3000.00
G0 F9000 Y10
G0 F9000 Y-10
G1 E1.20 F3000.00
G1 F4800 X-10 E0.31930
G1 F4800 Y-10 E0.31930
G1 E-1.30 F3000.00
G0 F9000 X-10
G0 F9000 X10
G1 E1.30 F3000.00
G1 F4800 Y-10 E0.31930
G1 E-1.40 F3000.00
G0 F9000 X-10
G0 F9000 X10
G1 E1.40 F3000.00
G1 F4800 Y-10 E0.31930
G1 E-1.50 F3000.00
G0 F9000 X-10
G0 F9000 X10
G1 E1.50 F3000.00
G1 F4800 Y-10 E0.31930
G1 E-1.60 F3000.00
G0 F9000 X-10
G0 F9000 X10
G1 E1.60 F3000.00
G1 F4800 Y-10 E0.31930
G1 Z0.2
;Layer 118
G1 F4800 X10 E0.31930
G1 E-0.10 F3000.00
G0 F9000 Y-10
G0 F9000 Y10
G1 E0.10 F3000.00
G1 F4800 X10 E0.31930
G1 E-0.20 F3000.00
G0 F9000 Y-10
G0 F9000 Y10
G1 E0.20 F3000.00
G1 F4800 X10 E0.31930
G1 E-0.30 F3000.00
G0 F9000 Y-10
G0 F9000 Y10
G1 E0.30 F3000.00
G1 F4800 X10 E0.31930
G1 E-0.40 F3000.00
G0 F9000 Y-10
G0 F9000 Y10
G1 E0.40 F3000.00
G1 F4800 X10 E0.31930
G1 F4800 Y10 E0.31930
G1 E-0.50 F3000.00
G0 F9000 X10
G0 F9000 X-10
G1 E0.50 F3000.00
G1 F4800 Y10 E0.31930
G1 E-0.60 F3000.00
G0 F9000 X10
G0 F9000 X-10
G1 E0.60 F3000.00
G1 F4800 Y10 E0.31930
G1 E-0.70 F3000.00
G0 F9000 X10
G0 F9000 X-10
G1 E0.70 F3000.00
G1 F4800 Y10 E0.31930
G1 E-0.80 F3000.00
G0 F9000 X10
G0 F9000 X-10
G1 E0.80 F3000.00
G1 F4800 Y10 E0.31930
G1 F4800 X-10 E0.31930
G1 E-0.90 F3000.00
G0 F9000 Y10
G0 F9000 Y-10
G1 E0.90 F3000.00
G1 F4800 X-10 E0.31930
G1 E-1.00 F3000.00
G0 F9000 Y10
G0 F9000 Y-10
G1 E1.00 F3000.00
G1 F4800 X-10 E0.31930
G1 E-1.10 F3000.00
G0 F9000 Y10
G0 F9000 Y-10
G1 E1.10 F3000.00
G1 F4800 X-10 E0.31930
G1 E-1.20 F3000.00
G0 F9000 Y10
G0 F9000 Y-10
G1 E1.20 F3000.00
G1 F4800 X-10 E0.31930
G1 F4800 Y-10 E0.31930
G1 E-1.30 F3000.00
G0 F9000 X-10
G0 F9000 X10
G1 E1.30 F3000.00
G1 F4800 Y-10 E0.31930
G1 E-1.40 F3000.00
G0 F9000 X-10
G0 F9000 X10
G1 E1.40 F3000.00
G1 F4800 Y-10 E0.31930
G1 E-1.50 F3000.00
G0 F9000 X-10
G0 F9000 X10
G1 E1.50 F3000.00
G1 F4800 Y-10 E0.31930
G1 E-1.60 F3000.00
G0 F9000 X-10
G0 F9000 X10
G1 E1.60 F3000.00
G1 F4800 Y-10 E0.31930
G1 Z0.2
;Layer 119
G1 F4800 X10 E0.31930
G1 E-0.10 F3000.00
G0 F9000 Y-10
G0 F9000 Y10
G1 E0.10 F3000.00
G1 F4800 X10 E0.31930
G1 E-0.20 F3000.00
G0 F9000 Y-10
G0 F9000 Y10
G1 E0.20 F3000.00
G1 F4800 X10 E0.31930
G1 E-0.30 F3000.00
G0 F9000 Y-10
G0 F9000 Y10
G1 E0.30 F3000.00
G1 F4800 X10 E0.31930
G1 E-0.40 F3000.00
G0 F9000 Y-10
G0 F9000 Y10
G1 E0.40 F3000.00
G1 F4800 X10 E0.31930
G1 F4800 Y10 E0.31930
G1 E-0.50 F3000.00
G0 F9000 X10
G0 F9000 X-10
G1 E0.50 F3000.00
G1 F4800 Y10 E0.31930
G1 E-0.60 F3000.00
G0 F9000 X10
G0 F9000 X-10
G1 E0.60 F3000.00
G1 F4800 Y10 E0.31930
G1 E-0.70 F3000.00
G0 F9000 X10
G0 F9000 X-10
G1 E0.70 F3000.00
G1 F4800 Y10 E0.31930
G1 E-0.80 F3000.00
G0 F9000 X10
G0 F9000 X-10
G1 E0.80 F3000.00
G1 F4800 Y10 E0.31930
G1 F4800 X-10 E0.31930
G1 E-0.90 F3000.00
G0 F9000 Y10
G0 F9000 Y-10
G1 E0.90 F3000.00
G1 F4800 X-10 E0.31930
G1 E-1.00 F3000.00
G0 F9000 Y10
G0 F9000 Y-10
G1 E1.00 F3000.00
G1 F4800 X-10 E0.31930
G1 E-1.10 F3000.00
G0 F9000 Y10
G0 F9000 Y-10
G1 E1.10 F3000.00
G1 F4800 X-10 E0.31930
G1 E-1.20 F3000.00
G0 F9000 Y10
G0 F9000 Y-10
G1 E1.20 F3000.00
G1 F4800 X-10 E0.31930
G1 F4800 Y-10 E0.31930
G1 E-1.30 F3000.00
G0 F9000 X-10
G0 F9000 X10
G1 E1.30 F3000.00
G1 F4800 Y-10 E0.31930
G1 E-1.40 F3000.00
G0 F9000 X-10
G0 F9000 X10
G1 E1.40 F3000.00
G1 F4800 Y-10 E0.31930
G1 E-1.50 F3000.00
G0 F9000 X-10
G0 F9000 X10
G1 E1.50 F3000.00
G1 F4800 Y-10 E0.31930
G1 E-1.60 F3000.00
G0 F9000 X-10
G0 F9000 X10
G1 E1.60 F3000.00
G1 F4800 Y-10 E0.31930
G1 Z0.2
;Layer 120
G1 F4800 X10 E0.31930
G1 E-0.10 F3000.00
G0 F9000 Y-10
G0 F9000 Y10
G1 E0.10 F3000.00
G1 F4800 X10 E0.31930
G1 E-0.20 F3000.00
G0 F9000 Y-10
G0 F9000 Y10
G1 E0.20 F3000.00
G1 F4800 X10 E0.31930
G1 E-0.30 F3000.00
G0 F9000 Y-10
G0 F9000 Y10
G1 E0.30 F3000.00
G1 F4800 X10 E0.31930
G1 E-0.40 F3000.00
G0 F9000 Y-10
G0 F9000 Y10
G1 E0.40 F3000.00
G1 F4800 X10 E0.31930
G1 F4800 Y10 E0.31930
G1 E-0.50 F3000.00
G0 F9000 X10
G0 F9000 X-10
G1 E0.50 F3000.00
G1 F4800 Y10 E0.31930
G1 E-0.60 F3000.00
G0 F9000 X10
G0 F9000 X-10
G1 E0.60 F3000.00
G1 F4800 Y10 E0.31930
G1 E-0.70 F3000.00
G0 F9000 X10
G0 F9000 X-10
G1 E0.70 F3000.00
G1 F4800 Y10 E0.31930
G1 E-0.80 F3000.00
G0 F9000 X10
G0 F9000 X-10
G1 E0.80 F3000.00
G1 F4800 Y10 E0.31930
G1 F4800 X-10 E0.31930
G1 E-0.90 F3000.00
G0 F9000 Y10
G0 F9000 Y-10
G1 E0.90 F3000.00
G1 F4800 X-10 E0.31930
G1 E-1.00 F3000.00
G0 F9000 Y10
G0 F9000 Y-10
G1 E1.00 F3000.00
G1 F4800 X-10 E0.31930
G1 E-1.10 F3000.00
G0 F9000 Y10
G0 F9000 Y-10
G1 E1.10 F3000.00
G1 F4800 X-10 E0.31930
G1 E-1.20 F3000.00
G0 F9000 Y10
G0 F9000 Y-10
G1 E1.20 F3000.00
G1 F4800 X-10 E0.31930
G1 F4800 Y-10 E0.31930
G1 E-1.30 F3000.00
G0 F9000 X-10
G0 F9000 X10
G1 E1.30 F3000.00
G1 F4800 Y-10 E0.31930
G1 E-1.40 F3000.00
G0 F9000 X-10
G0 F9000 X10
G1 E1.40 F3000.00
G1 F4800 Y-10 E0.31930
G1 E-1.50 F3000.00
G0 F9000 X-10
G0 F9000 X10
G1 E1.50 F3000.00
G1 F4800 Y-10 E0.31930
G1 E-1.60 F3000.00
G0 F9000 X-10
G0 F9000 X10
G1 E1.60 F3000.00
G1 F4800 Y-10 E0.31930
G1 Z0.2
;Layer 121
G1 F4800 X10 E0.31930
G1 E-0.10 F3000.00
G0 F9000 Y-10
G0 F9000 Y10
G1 E0.10 F3000.00
G1 F4800 X10 E0.31930
G1 E-0.20 F3000.00
G0 F9000 Y-10
G0 F9000 Y10
G1 E0.20 F3000.00
G1 F4800 X10 E0.31930
G1 E-0.30 F3000.00
G0 F9000 Y-10
G0 F9000 Y10
G1 E0.30 F3000.00
G1 F4800 X10 E0.31930
G1 E-0.40 F3000.00
G0 F9000 Y-10
G0 F9000 Y10
G1 E0.40 F3000.00
G1 F4800 X10 E0.31930
G1 F4800 Y10 E0.31930
G1 E-0.50 F3000.00
G0 F9000 X10
G0 F9000 X-10
G1 E0.50 F3000.00
G1 F4800 Y10 E0.31930
G1 E-0.60 F3000.00
G0 F9000 X10
G0 F9000 X-10
G1 E0.60 F3000.00
G1 F4800 Y10 E0.31930
G1 E-0.70 F3000.00
G0 F9000 X10
G0 F9000 X-10
G1 E0.70 F3000.00
G1 F4800 Y10 E0.31930
G1 E-0.80 F3000.00
G0 F9000 X10
G0 F9000 X-10
G1 E0.80 F3000.00
G1 F4800 Y10 E0.31930
G1 F4800 X-10 E0.31930
G1 E-0.90 F3000.00
G0 F9000 Y10
G0 F9000 Y-10
G1 E0.90 F3000.00
G1 F4800 X-10 E0.31930
G1 E-1.00 F3000.00
G0 F9000 Y10
G0 F9000 Y-10
G1 E1.00 F3000.00
G1 F4800 X-10 E0.31930
G1 E-1.10 F3000.00
G0 F9000 Y10
G0 F9000 Y-10
G1 E1.10 F3000.00
G1 F4800 X-10 E0.31930
G1 E-1.20 F3000.00
G0 F9000 Y10
G0 F9000 Y-10
G1 E1.20 F3000.00
G1 F4800 X-10 E0.31930
G1 F4800 Y-10 E0.31930
G1 E-1.30 F3000.00
G0 F9000 X-10
G0 F9000 X10
G1 E1.30 F3000.00
G1 F4800 Y-10 E0.31930
G1 E-1.40 F3000.00
G0 F9000 X-10
G0 F9000 X10
G1 E1.40 F3000.00
G1 F4800 Y-10 E0.31930
G1 E-1.50 F3000.00
G0 F9000 X-10
G0 F9000 X10
G1 E1.50 F3000.00
G1 F4800 Y-10 E0.31930
G1 E-1.60 F3000.00
G0 F9000 X-10
G0 F9000 X10
G1 E1.60 F3000.00
G1 F4800 Y-10 E0.31930
G1 Z0.2
;Layer 122
G1 F4800 X10 E0.31930
G1 E-0.10 F3000.00
G0 F9000 Y-10
G0 F9000 Y10
G1 E0.10 F3000.00
G1 F4800 X10 E0.31930
G1 E-0.20 F3000.00
G0 F9000 Y-10
G0 F9000 Y10
G1 E0.20 F3000.00
G1 F4800 X10 E0.31930
G1 E-0.30 F3000.00
G0 F9000 Y-10
G0 F9000 Y10
G1 E0.30 F3000.00
G1 F4800 X10 E0.31930
G1 E-0.40 F3000.00
G0 F9000 Y-10
G0 F9000 Y10
G1 E0.40 F3000.00
G1 F4800 X10 E0.31930
G1 F4800 Y10 E0.31930
G1 E-0.50 F3000.00
G0 F9000 X10
G0 F9000 X-10
G1 E0.50 F3000.00
G1 F4800 Y10 E0.31930
G1 E-0.60 F3000.00
G0 F9000 X10
G0 F9000 X-10
G1 E0.60 F3000.00
G1 F4800 Y10 E0.31930
G1 E-0.70 F3000.00
G0 F9000 X10
G0 F9000 X-10
G1 E0.70 F3000.00
G1 F4800 Y10 E0.31930
G1 E-0.80 F3000.00
G0 F9000 X10
G0 F9000 X-10
G1 E0.80 F3000.00
G1 F4800 Y10 E0.31930
G1 F4800 X-10 E0.31930
G1 E-0.90 F3000.00
G0 F9000 Y10
G0 F9000 Y-10
G1 E0.90 F3000.00
G1 F4800 X-10 E0.31930
G1 E-1.00 F3000.00
G0 F9000 Y10
G0 F9000 Y-10
G1 E1.00 F3000.00
G1 F4800 X-10 E0.31930
G1 E-1.10 F3000.00
G0 F9000 Y10
G0 F9000 Y-10
G1 E1.10 F3000.00
G1 F4800 X-10 E0.31930
G1 E-1.20 F3000.00
G0 F9000 Y10
G0 F9000 Y-10
G1 E1.20 F3000.00
G1 F4800 X-10 E0.31930
G1 F4800 Y-10 E0.31930
G1 E-1.30 F3000.00
G0 F9000 X-10
G0 F9000 X10
G1 E1.30 F3000.00
G1 F4800 Y-10 E0.31930
G1 E-1.40 F3000.00
G0 F9000 X-10
G0 F9000 X10
G1 E1.40 F3000.00
G1 F4800 Y-10 E0.31930
G1 E-1.50 F3000.00
G0 F9000 X-10
G0 F9000 X10
G1 E1.50 F3000.00
G1 F4800 Y-10 E0.31930
G1 E-1.60 F3000.00
G0 F9000 X-10
G0 F9000 X10
G1 E1.60 F3000.00
G1 F4800 Y-10 E0.31930
G1 Z0.2
;Layer 123
G1 F4800 X10 E0.31930
G1 E-0.10 F3000.00
G0 F9000 Y-10
G0 F9000 Y10
G1 E0.10 F3000.00
G1 F4800 X10 E0.31930
G1 E-0.20 F3000.00
G0 F9000 Y-10
G0 F9000 Y10
G1 E0.20 F3000.00
G1 F4800 X10 E0.31930
G1 E-0.30 F3000.00
G0 F9000 Y-10
G0 F9000 Y10
G1 E0.30 F3000.00
G1 F4800 X10 E0.31930
G1 E-0.40 F3000.00
G0 F9000 Y-10
G0 F9000 Y10
G1 E0.40 F3000.00
G1 F4800 X10 E0.31930
G1 F4800 Y10 E0.31930
G1 E-0.50 F3000.00
G0 F9000 X10
G0 F9000 X-10
G1 E0.50 F3000.00
G1 F4800 Y10 E0.31930
G1 E-0.60 F3000.00
G0 F9000 X10
G0 F9000 X-10
G1 E0.60 F3000.00
G1 F4800 Y10 E0.31930
G1 E-0.70 F3000.00
G0 F9000 X10
G0 F9000 X-10
G1 E0.70 F3000.00
G1 F4800 Y10 E0.31930
G1 E-0.80 F3000.00
G0 F9000 X10
G0 F9000 X-10
G1 E0.80 F3000.00
G1 F4800 Y10 E0.31930
G1 F4800 X-10 E0.31930
G1 E-0.90 F3000.00
G0 F9000 Y10
G0 F9000 Y-10
G1 E0.90 F3000.00
G1 F4800 X-10 E0.31930
G1 E-1.00 F3000.00
G0 F9000 Y10
G0 F9000 Y-10
G1 E1.00 F3000.00
G1 F4800 X-10 E0.31930
G1 E-1.10 F3000.00
G0 F9000 Y10
G0 F9000 Y-10
G1 E1.10 F3000.00
G1 F4800 X-10 E0.31930
G1 E-1.20 F3000.00
G0 F9000 Y10
G0 F9000 Y-10
G1 E1.20 F3000.00
G1 F4800 X-10 E0.31930
G1 F4800 Y-10 E0.31930
G1 E-1.30 F3000.00
G0 F9000 X-10
G0 F9000 X10
G1 E1.30 F3000.00
G1 F4800 Y-10 E0.31930
G1 E-1.40 F3000.00
G0 F9000 X-10
G0 F9000 X10
G1 E1.40 F3000.00
G1 F4800 Y-10 E0.31930
G1 E-1.50 F3000.00
G0 F9000 X-10
G0 F9000 X10
G1 E1.50 F3000.00
G1 F4800 Y-10 E0.31930
G1 E-1.60 F3000.00
G0 F9000 X-10
G0 F9000 X10
G1 E1.60 F3000.00
G1 F4800 Y-10 E0.31930
G1 Z0.2
;Layer 124
G1 F4800 X10 E0.31930
G1 E-0.10 F3000.00
G0 F9000 Y-10
G0 F9000 Y10
G1 E0.10 F3000.00
G1 F4800 X10 E0.31930
G1 E-0.20 F3000.00
G0 F9000 Y-10
G0 F9000 Y10
G1 E0.20 F3000.00
G1 F4800 X10 E0.31930
G1 E-0.30 F3000.00
G0 F9000 Y-10
G0 F9000 Y10
G1 E0.30 F3000.00
G1 F4800 X10 E0.31930
G1 E-0.40 F3000.00
G0 F9000 Y-10
G0 F9000 Y10
G1 E0.40 F3000.00
G1 F4800 X10 E0.31930
G1 F4800 Y10 E0.31930
G1 E-0.50 F3000.00
G0 F9000 X10
G0 F9000 X-10
G1 E0.50 F3000.00
G1 F4800 Y10 E0.31930
G1 E-0.60 F3000.00
G0 F9000 X10
G0 F9000 X-10
G1 E0.60 F3000.00
G1 F4800 Y10 E0.31930
G1 E-0.70 F3000.00
G0 F9000 X10
G0 F9000 X-10
G1 E0.70 F3000.00
G1 F4800 Y10 E0.31930
G1 E-0.80 F3000.00
G0 F9000 X10
G0 F9000 X-10
G1 E0.80 F3000.00
G1 F4800 Y10 E0.31930
G1 F4800 X-10 E0.31930
G1 E-0.90 F3000.00
G0 F9000 Y10
G0 F9000 Y-10
G1 E0.90 F3000.00
G1 F4800 X-10 E0.31930
G1 E-1.00 F3000.00
G0 F9000 Y10
G0 F9000 Y-10
G1 E1.00 F3000.00
G1 F4800 X-10 E0.31930
G1 E-1.10 F3000.00
G0 F9000 Y10
G0 F9000 Y-10
G1 E1.10 F3000.00
G1 F4800 X-10 E0.31930
G1 E-1.20 F3000.00
G0 F9000 Y10
G0 F9000 Y-10
G1 E1.20 F3000.00
G1 F4800 X-10 E0.31930
G1 F4800 Y-10 E0.31930
G1 E-1.30 F3000.00
G0 F9000 X-10
G0 F9000 X10
G1 E1.30 F3000.00
G1 F4800 Y-10 E0.31930
G1 E-1.40 F3000.00
G0 F9000 X-10
G0 F9000 X10
G1 E1.40 F3000.00
G1 F4800 Y-10 E0.31930
G1 E-1.50 F3000.00
G0 F9000 X-10
G0 F9000 X10
G1 E1.50 F3000.00
G1 F4800 Y-10 E0.31930
G1 E-1.60 F3000.00
G0 F9000 X-10
G0 F9000 X10
G1 E1.60 F3000.00
G1 F4800 Y-10 E0.31930
G1 Z0.2
;Layer 125
G1 F4800 X10 E0.31930
G1 E-0.10 F3000.00
G0 F9000 Y-10
G0 F9000 Y10
G1 E0.10 F3000.00
G1 F4800 X10 E0.31930
G1 E-0.20 F3000.00
G0 F9000 Y-10
G0 F9000 Y10
G1 E0.20 F3000.00
G1 F4800 X10 E0.31930
G1 E-0.30 F3000.00
G0 F9000 Y-10
G0 F9000 Y10
G1 E0.30 F3000.00
G1 F4800 X10 E0.31930
G1 E-0.40 F3000.00
G0 F9000 Y-10
G0 F9000 Y10
G1 E0.40 F3000.00
G1 F4800 X10 E0.31930
G1 F4800 Y10 E0.31930
G1 E-0.50 F3000.00
G0 F9000 X10
G0 F9000 X-10
G1 E0.50 F3000.00
G1 F4800 Y10 E0.31930
G1 E-0.60 F3000.00
G0 F9000 X10
G0 F9000 X-10
G1 E0.60 F3000.00
G1 F4800 Y10 E0.31930
G1 E-0.70 F3000.00
G0 F9000 X10
G0 F9000 X-10
G1 E0.70 F3000.00
G1 F4800 Y10 E0.31930
G1 E-0.80 F3000.00
G0 F9000 X10
G0 F9000 X-10
G1 E0.80 F3000.00
G1 F4800 Y10 E0.31930
G1 F4800 X-10 E0.31930
G1 E-0.90 F3000.00
G0 F9000 Y10
G0 F9000 Y-10
G1 E0.90 F3000.00
G1 F4800 X-10 E0.31930
G1 E-1.00 F3000.00
G0 F9000 Y10
G0 F9000 Y-10
G1 E1.00 F3000.00
G1 F4800 X-10 E0.31930
G1 E-1.10 F3000.00
G0 F9000 Y10
G0 F9000 Y-10
G1 E1.10 F3000.00
G1 F4800 X-10 E0.31930
G1 E-1.20 F3000.00
G0 F9000 Y10
G0 F9000 Y-10
G1 E1.20 F3000.00
G1 F4800 X-10 E0.31930
G1 F4800 Y-10 E0.31930
G1 E-1.30 F3000.00
G0 F9000 X-10
G0 F9000 X10
G1 E1.30 F3000.00
G1 F4800 Y-10 E0.31930
G1 E-1.40 F3000.00
G0 F9000 X-10
G0 F9000 X10
G1 E1.40 F3000.00
G1 F4800 Y-10 E0.31930
G1 E-1.50 F3000.00
G0 F9000 X-10
G0 F9000 X10
G1 E1.50 F3000.00
G1 F4800 Y-10 E0.31930
G1 E-1.60 F3000.00
G0 F9000 X-10
G0 F9000 X10
G1 E1.60 F3000.00
G1 F4800 Y-10 E0.31930
G1 Z0.2
;Layer 126
G1 F4800 X10 E0.31930
G1 E-0.10 F3000.00
G0 F9000 Y-10
G0 F9000 Y10
G1 E0.10 F3000.00
G1 F4800 X10 E0.31930
G1 E-0.20 F3000.00
G0 F9000 Y-10
G0 F9000 Y10
G1 E0.20 F3000.00
G1 F4800 X10 E0.31930
G1 E-0.30 F3000.00
G0 F9000 Y-10
G0 F9000 Y10
G1 E0.30 F3000.00
G1 F4800 X10 E0.31930
G1 E-0.40 F3000.00
G0 F9000 Y-10
G0 F9000 Y10
G1 E0.40 F3000.00
G1 F4800 X10 E0.31930
G1 F4800 Y10 E0.31930
G1 E-0.50 F3000.00
G0 F9000 X10
G0 F9000 X-10
G1 E0.50 F3000.00
G1 F4800 Y10 E0.31930
G1 E-0.60 F3000.00
G0 F9000 X10
G0 F9000 X-10
G1 E0.60 F3000.00
G1 F4800 Y10 E0.31930
G1 E-0.70 F3000.00
G0 F9000 X10
G0 F9000 X-10
G1 E0.70 F3000.00
G1 F4800 Y10 E0.31930
G1 E-0.80 F3000.00
G0 F9000 X10
G0 F9000 X-10
G1 E0.80 F3000.00
G1 F4800 Y10 E0.31930
G1 F4800 X-10 E0.31930
G1 E-0.90 F3000.00
G0 F9000 Y10
G0 F9000 Y-10
G1 E0.90 F3000.00
G1 F4800 X-10 E0.31930
G1 E-1.00 F3000.00
G0 F9000 Y10
G0 F9000 Y-10
G1 E1.00 F3000.00
G1 F4800 X-10 E0.31930
G1 E-1.10 F3000.00
G0 F9000 Y10
G0 F9000 Y-10
G1 E1.10 F3000.00
G1 F4800 X-10 E0.31930
G1 E-1.20 F3000.00
G0 F9000 Y10
G0 F9000 Y-10
G1 E1.20 F3000.00
G1 F4800 X-10 E0.31930
G1 F4800 Y-10 E0.31930
G1 E-1.30 F3000.00
G0 F9000 X-10
G0 F9000 X10
G1 E1.30 F3000.00
G1 F4800 Y-10 E0.31930
G1 E-1.40 F3000.00
G0 F9000 X-10
G0 F9000 X10
G1 E1.40 F3000.00
G1 F4800 Y-10 E0.31930
G1 E-1.50 F3000.00
G0 F9000 X-10
G0 F9000 X10
G1 E1.50 F3000.00
G1 F4800 Y-10 E0.31930
G1 E-1.60 F3000.00
G0 F9000 X-10
G0 F9000 X10
G1 E1.60 F3000.00
G1 F4800 Y-10 E0.31930
G1 Z0.2
;Layer 127
G1 F4800 X10 E0.31930
G1 E-0.10 F3000.00
G0 F9000 Y-10
G0 F9000 Y10
G1 E0.10 F3000.00
G1 F4800 X10 E0.31930
G1 E-0.20 F3000.00
G0 F9000 Y-10
G0 F9000 Y10
G1 E0.20 F3000.00
G1 F4800 X10 E0.31930
G1 E-0.30 F3000.00
G0 F9000 Y-10
G0 F9000 Y10
G1 E0.30 F3000.00
G1 F4800 X10 E0.31930
G1 E-0.40 F3000.00
G0 F9000 Y-10
G0 F9000 Y10
G1 E0.40 F3000.00
G1 F4800 X10 E0.31930
G1 F4800 Y10 E0.31930
G1 E-0.50 F3000.00
G0 F9000 X10
G0 F9000 X-10
G1 E0.50 F3000.00
G1 F4800 Y10 E0.31930
G1 E-0.60 F3000.00
G0 F9000 X10
G0 F9000 X-10
G1 E0.60 F3000.00
G1 F4800 Y10 E0.31930
G1 E-0.70 F3000.00
G0 F9000 X10
G0 F9000 X-10
G1 E0.70 F3000.00
G1 F4800 Y10 E0.31930
G1 E-0.80 F3000.00
G0 F9000 X10
G0 F9000 X-10
G1 E0.80 F3000.00
G1 F4800 Y10 E0.31930
G1 F4800 X-10 E0.31930
G1 E-0.90 F3000.00
G0 F9000 Y10
G0 F9000 Y-10
G1 E0.90 F3000.00
G1 F4800 X-10 E0.31930
G1 E-1.00 F3000.00
G0 F9000 Y10
G0 F9000 Y-10
G1 E1.00 F3000.00
G1 F4800 X-10 E0.31930
G1 E-1.10 F3000.00
G0 F9000 Y10
G0 F9000 Y-10
G1 E1.10 F3000.00
G1 F4800 X-10 E0.31930
G1 E-1.20 F3000.00
G0 F9000 Y10
G0 F9000 Y-10
G1 E1.20 F3000.00
G1 F4800 X-10 E0.31930
G1 F4800 Y-10 E0.31930
G1 E-1.30 F3000.00
G0 F9000 X-10
G0 F9000 X10
G1 E1.30 F3000.00
G1 F4800 Y-10 E0.31930
G1 E-1.40 F3000.00
G0 F9000 X-10
G0 F9000 X10
G1 E1.40 F3000.00
G1 F4800 Y-10 E0.31930
G1 E-1.50 F3000.00
G0 F9000 X-10
G0 F9000 X10
G1 E1.50 F3000.00
G1 F4800 Y-10 E0.31930
G1 E-1.60 F3000.00
G0 F9000 X-10
G0 F9000 X10
G1 E1.60 F3000.00
G1 F4800 Y-10 E0.31930
G1 Z0.2
M106 S64
M104 S240
;Layer 128
G1 F4800 X-2 E0.03193
G1 F4800 Y-2 E0.03193
G1 F4800 X2 E0.03193
G1 F4800 Y2 E0.03193
G1 F4800 X10 E0.31930
G1 E-0.10 F3600.00
G0 F9000 Y-10
G0 F9000 Y10
G1 E0.10 F3600.00
G1 F4800 X10 E0.31930
G1 E-0.20 F3600.00
G0 F9000 Y-10
G0 F9000 Y10
G1 E0.20 F3600.00
G1 F4800 X10 E0.31930
G1 E-0.30 F3600.00
G0 F9000 Y-10
G0 F9000 Y10
G1 E0.30 F3600.00
G1 F4800 X10 E0.31930
G1 E-0.40 F3600.00
G0 F9000 Y-10
G0 F9000 Y10
G1 E0.40 F3600.00
G1 F4800 X10 E0.31930
G1 F4800 X1 E0.03193
G1 F4800 Y-1 E0.03193
G1 F4800 X-1 E0.03193
G1 F4800 Y1 E0.03193
G1 F4800 Y10 E0.31930
G1 E-0.50 F3600.00
G0 F9000 X10
G0 F9000 X-10
G1 E0.50 F3600.00
G1 F4800 Y10 E0.31930
G1 E-0.60 F3600.00
G0 F9000 X10
G0 F9000 X-10
G1 E0.60 F3600.00
G1 F4800 Y10 E0.31930
G1 E-0.70 F3600.00
G0 F9000 X10
G0 F9000 X-10
G1 E0.70 F3600.00
G1 F4800 Y10 E0.31930
G1 E-0.80 F3600.00
G0 F9000 X10
G0 F9000 X-10
G1 E0.80 F3600.00
G1 F4800 Y10 E0.31930
G1 F4800 X1 E0.03193
G1 F4800 Y1 E0.03193
G1 F4800 X-1 E0.03193
G1 F4800 Y-1 E0.03193
G1 F4800 X-10 E0.31930
G1 E-0.90 F3600.00
G0 F9000 Y10
G0 F9000 Y-10
G1 E0.90 F3600.00
G1 F4800 X-10 E0.31930
G1 E-1.00 F3600.00
G0 F9000 Y10
G0 F9000 Y-10
G1 E1.00 F3600.00
G1 F4800 X-10 E0.31930
G1 E-1.10 F3600.00
G0 F9000 Y10
G0 F9000 Y-10
G1 E1.10 F3600.00
G1 F4800 X-10 E0.31930
G1 E-1.20 F3600.00
G0 F9000 Y10
G0 F9000 Y-10
G1 E1.20 F3600.00
G1 F4800 X-10 E0.31930
G1 F4800 X-1 E0.03193
G1 F4800 Y1 E0.03193
G1 F4800 X1 E0.03193
G1 F4800 Y-1 E0.03193
G1 F4800 Y-10 E0.31930
G1 E-1.30 F3600.00
G0 F9000 X-10
G0 F9000 X10
G1 E1.30 F3600.00
G1 F4800 Y-10 E0.31930
G1 E-1.40 F3600.00
G0 F9000 X-10
G0 F9000 X10
G1 E1.40 F3600.00
G1 F4800 Y-10 E0.31930
G1 E-1.50 F3600.00
G0 F9000 X-10
G0 F9000 X10
G1 E1.50 F3600.00
G1 F4800 Y-10 E0.31930
G1 E-1.60 F3600.00
G0 F9000 X-10
G0 F9000 X10
G1 E1.60 F3600.00
G1 F4800 Y-10 E0.31930
G1 Z0.2
;Layer 129
G1 F4800 X10 E0.31930
G1 E-0.10 F3600.00
G0 F9000 Y-10
G0 F9000 Y10
G1 E0.10 F3600.00
G1 F4800 X10 E0.31930
G1 E-0.20 F3600.00
G0 F9000 Y-10
G0 F9000 Y10
G1 E0.20 F3600.00
G1 F4800 X10 E0.31930
G1 E-0.30 F3600.00
G0 F9000 Y-10
G0 F9000 Y10
G1 E0.30 F3600.00
G1 F4800 X10 E0.31930
G1 E-0.40 F3600.00
G0 F9000 Y-10
G0 F9000 Y10
G1 E0.40 F3600.00
G1 F4800 X10 E0.31930
G1 F4800 Y10 E0.31930
G1 E-0.50 F3600.00
G0 F9000 X10
G0 F9000 X-10
G1 E0.50 F3600.00
G1 F4800 Y10 E0.31930
G1 E-0.60 F3600.00
G0 F9000 X10
G0 F9000 X-10
G1 E0.60 F3600.00
G1 F4800 Y10 E0.31930
G1 E-0.70 F3600.00
G0 F9000 X10
G0 F9000 X-10
G1 E0.70 F3600.00
G1 F4800 Y10 E0.31930
G1 E-0.80 F3600.00
G0 F9000 X10
G0 F9000 X-10
G1 E0.80 F3600.00
G1 F4800 Y10 E0.31930
G1 F4800 X-10 E0.31930
G1 E-0.90 F3600.00
G0 F9000 Y10
G0 F9000 Y-10
G1 E0.90 F3600.00
G1 F4800 X-10 E0.31930
G1 E-1.00 F3600.00
G0 F9000 Y10
G0 F9000 Y-10
G1 E1.00 F3600.00
G1 F4800 X-10 E0.31930
G1 E-1.10 F3600.00
G0 F9000 Y10
G0 F9000 Y-10
G1 E1.10 F3600.00
G1 F4800 X-10 E0.31930
G1 E-1.20 F3600.00
G0 F9000 Y10
G0 F9000 Y-10
G1 E1.20 F3600.00
G1 F4800 X-10 E0.31930
G1 F4800 Y-10 E0.31930
G1 E-1.30 F3600.00
G0 F9000 X-10
G0 F9000 X10
G1 E1.30 F3600.00
G1 F4800 Y-10 E0.31930
G1 E-1.40 F3600.00
G0 F9000 X-10
G0 F9000 X10
G1 E1.40 F3600.00
G1 F4800 Y-10 E0.31930
G1 E-1.50 F3600.00
G0 F9000 X-10
G0 F9000 X10
G1 E1.50 F3600.00
G1 F4800 Y-10 E0.31930
G1 E-1.60 F3600.00
G0 F9000 X-10
G0 F9000 X10
G1 E1.60 F3600.00
G1 F4800 Y-10 E0.31930
G1 Z0.2
;Layer 130
G1 F4800 X10 E0.31930
G1 E-0.10 F3600.00
G0 F9000 Y-10
G0 F9000 Y10
G1 E0.10 F3600.00
G1 F4800 X10 E0.31930
G1 E-0.20 F3600.00
G0 F9000 Y-10
G0 F9000 Y10
G1 E0.20 F3600.00
G1 F4800 X10 E0.31930
G1 E-0.30 F3600.00
G0 F9000 Y-10
G0 F9000 Y10
G1 E0.30 F3600.00
G1 F4800 X10 E0.31930
G1 E-0.40 F3600.00
G0 F9000 Y-10
G0 F9000 Y10
G1 E0.40 F3600.00
G1 F4800 X10 E0.31930
G1 F4800 Y10 E0.31930
G1 E-0.50 F3600.00
G0 F9000 X10
G0 F9000 X-10
G1 E0.50 F3600.00
G1 F4800 Y10 E0.31930
G1 E-0.60 F3600.00
G0 F9000 X10
G0 F9000 X-10
G1 E0.60 F3600.00
G1 F4800 Y10 E0.31930
G1 E-0.70 F3600.00
G0 F9000 X10
G0 F9000 X-10
G1 E0.70 F3600.00
G1 F4800 Y10 E0.31930
G1 E-0.80 F3600.00
G0 F9000 X10
G0 F9000 X-10
G1 E0.80 F3600.00
G1 F4800 Y10 E0.31930
G1 F4800 X-10 E0.31930
G1 E-0.90 F3600.00
G0 F9000 Y10
G0 F9000 Y-10
G1 E0.90 F3600.00
G1 F4800 X-10 E0.31930
G1 E-1.00 F3600.00
G0 F9000 Y10
G0 F9000 Y-10
G1 E1.00 F3600.00
G1 F4800 X-10 E0.31930
G1 E-1.10 F3600.00
G0 F9000 Y10
G0 F9000 Y-10
G1 E1.10 F3600.00
G1 F4800 X-10 E0.31930
G1 E-1.20 F3600.00
G0 F9000 Y10
G0 F9000 Y-10
G1 E1.20 F3600.00
G1 F4800 X-10 E0.31930
G1 F4800 Y-10 E0.31930
G1 E-1.30 F3600.00
G0 F9000 X-10
G0 F9000 X10
G1 E1.30 F3600.00
G1 F4800 Y-10 E0.31930
G1 E-1.40 F3600.00
G0 F9000 X-10
G0 F9000 X10
G1 E1.40 F3600.00
G1 F4800 Y-10 E0.31930
G1 E-1.50 F3600.00
G0 F9000 X-10
G0 F9000 X10
G1 E1.50 F3600.00
G1 F4800 Y-10 E0.31930
G1 E-1.60 F3600.00
G0 F9000 X-10
G0 F9000 X10
G1 E1.60 F3600.00
G1 F4800 Y-10 E0.31930
G1 Z0.2
;Layer 131
G1 F4800 X10 E0.31930
G1 E-0.10 F3600.00
G0 F9000 Y-10
G0 F9000 Y10
G1 E0.10 F3600.00
G1 F4800 X10 E0.31930
G1 E-0.20 F3600.00
G0 F9000 Y-10
G0 F9000 Y10
G1 E0.20 F3600.00
G1 F4800 X10 E0.31930
G1 E-0.30 F3600.00
G0 F9000 Y-10
G0 F9000 Y10
G1 E0.30 F3600.00
G1 F4800 X10 E0.31930
G1 E-0.40 F3600.00
G0 F9000 Y-10
G0 F9000 Y10
G1 E0.40 F3600.00
G1 F4800 X10 E0.31930
G1 F4800 Y10 E0.31930
G1 E-0.50 F3600.00
G0 F9000 X10
G0 F9000 X-10
G1 E0.50 F3600.00
G1 F4800 Y10 E0.31930
G1 E-0.60 F3600.00
G0 F9000 X10
G0 F9000 X-10
G1 E0.60 F3600.00
G1 F4800 Y10 E0.31930
G1 E-0.70 F3600.00
G0 F9000 X10
G0 F9000 X-10
G1 E0.70 F3600.00
G1 F4800 Y10 E0.31930
G1 E-0.80 F3600.00
G0 F9000 X10
G0 F9000 X-10
G1 E0.80 F3600.00
G1 F4800 Y10 E0.31930
G1 F4800 X-10 E0.31930
G1 E-0.90 F3600.00
G0 F9000 Y10
G0 F9000 Y-10
G1 E0.90 F3600.00
G1 F4800 X-10 E0.31930
G1 E-1.00 F3600.00
G0 F9000 Y10
G0 F9000 Y-10
G1 E1.00 F3600.00
G1 F4800 X-10 E0.31930
G1 E-1.10 F3600.00
G0 F9000 Y10
G0 F9000 Y-10
G1 E1.10 F3600.00
G1 F4800 X-10 E0.31930
G1 E-1.20 F3600.00
G0 F9000 Y10
G0 F9000 Y-10
G1 E1.20 F3600.00
G1 F4800 X-10 E0.31930
G1 F4800 Y-10 E0.31930
G1 E-1.30 F3600.00
G0 F9000 X-10
G0 F9000 X10
G1 E1.30 F3600.00
G1 F4800 Y-10 E0.31930
G1 E-1.40 F3600.00
G0 F9000 X-10
G0 F9000 X10
G1 E1.40 F3600.00
G1 F4800 Y-10 E0.31930
G1 E-1.50 F3600.00
G0 F9000 X-10
G0 F9000 X10
G1 E1.50 F3600.00
G1 F4800 Y-10 E0.31930
G1 E-1.60 F3600.00
G0 F9000 X-10
G0 F9000 X10
G1 E1.60 F3600.00
G1 F4800 Y-10 E0.31930
G1 Z0.2
;Layer 132
G1 F4800 X10 E0.31930
G1 E-0.10 F3600.00
G0 F9000 Y-10
G0 F9000 Y10
G1 E0.10 F3600.00
G1 F4800 X10 E0.31930
G1 E-0.20 F3600.00
G0 F9000 Y-10
G0 F9000 Y10
G1 E0.20 F3600.00
G1 F4800 X10 E0.31930
G1 E-0.30 F3600.00
G0 F9000 Y-10
G0 F9000 Y10
G1 E0.30 F3600.00
G1 F4800 X10 E0.31930
G1 E-0.40 F3600.00
G0 F9000 Y-10
G0 F9000 Y10
G1 E0.40 F3600.00
G1 F4800 X10 E0.31930
G1 F4800 Y10 E0.31930
G1 E-0.50 F3600.00
G0 F9000 X10
G0 F9000 X-10
G1 E0.50 F3600.00
G1 F4800 Y10 E0.31930
G1 E-0.60 F3600.00
G0 F9000 X10
G0 F9000 X-10
G1 E0.60 F3600.00
G1 F4800 Y10 E0.31930
G1 E-0.70 F3600.00
G0 F9000 X10
G0 F9000 X-10
G1 E0.70 F3600.00
G1 F4800 Y10 E0.31930
G1 E-0.80 F3600.00
G0 F9000 X10
G0 F9000 X-10
G1 E0.80 F3600.00
G1 F4800 Y10 E0.31930
G1 F4800 X-10 E0.31930
G1 E-0.90 F3600.00
G0 F9000 Y10
G0 F9000 Y-10
G1 E0.90 F3600.00
G1 F4800 X-10 E0.31930
G1 E-1.00 F3600.00
G0 F9000 Y10
G0 F9000 Y-10
G1 E1.00 F3600.00
G1 F4800 X-10 E0.31930
G1 E-1.10 F3600.00
G0 F9000 Y10
G0 F9000 Y-10
G1 E1.10 F3600.00
G1 F4800 X-10 E0.31930
G1 E-1.20 F3600.00
G0 F9000 Y10
G0 F9000 Y-10
G1 E1.20 F3600.00
G1 F4800 X-10 E0.31930
G1 F4800 Y-10 E0.31930
G1 E-1.30 F3600.00
G0 F9000 X-10
G0 F9000 X10
G1 E1.30 F3600.00
G1 F4800 Y-10 E0.31930
G1 E-1.40 F3600.00
G0 F9000 X-10
G0 F9000 X10
G1 E1.40 F3600.00
G1 F4800 Y-10 E0.31930
G1 E-1.50 F3600.00
G0 F9000 X-10
G0 F9000 X10
G1 E1.50 F3600.00
G1 F4800 Y-10 E0.31930
G1 E-1.60 F3600.00
G0 F9000 X-10
G0 F9000 X10
G1 E1.60 F3600.00
G1 F4800 Y-10 E0.31930
G1 Z0.2
;Layer 133
G1 F4800 X10 E0.31930
G1 E-0.10 F3600.00
G0 F9000 Y-10
G0 F9000 Y10
G1 E0.10 F3600.00
G1 F4800 X10 E0.31930
G1 E-0.20 F3600.00
G0 F9000 Y-10
G0 F9000 Y10
G1 E0.20 F3600.00
G1 F4800 X10 E0.31930
G1 E-0.30 F3600.00
G0 F9000 Y-10
G0 F9000 Y10
G1 E0.30 F3600.00
G1 F4800 X10 E0.31930
G1 E-0.40 F3600.00
G0 F9000 Y-10
G0 F9000 Y10
G1 E0.40 F3600.00
G1 F4800 X10 E0.31930
G1 F4800 Y10 E0.31930
G1 E-0.50 F3600.00
G0 F9000 X10
G0 F9000 X-10
G1 E0.50 F3600.00
G1 F4800 Y10 E0.31930
G1 E-0.60 F3600.00
G0 F9000 X10
G0 F9000 X-10
G1 E0.60 F3600.00
G1 F4800 Y10 E0.31930
G1 E-0.70 F3600.00
G0 F9000 X10
G0 F9000 X-10
G1 E0.70 F3600.00
G1 F4800 Y10 E0.31930
G1 E-0.80 F3600.00
G0 F9000 X10
G0 F9000 X-10
G1 E0.80 F3600.00
G1 F4800 Y10 E0.31930
G1 F4800 X-10 E0.31930
G1 E-0.90 F3600.00
G0 F9000 Y10
G0 F9000 Y-10
G1 E0.90 F3600.00
G1 F4800 X-10 E0.31930
G1 E-1.00 F3600.00
G0 F9000 Y10
G0 F9000 Y-10
G1 E1.00 F3600.00
G1 F4800 X-10 E0.31930
G1 E-1.10 F3600.00
G0 F9000 Y10
G0 F9000 Y-10
G1 E1.10 F3600.00
G1 F4800 X-10 E0.31930
G1 E-1.20 F3600.00
G0 F9000 Y10
G0 F9000 Y-10
G1 E1.20 F3600.00
G1 F4800 X-10 E0.31930
G1 F4800 Y-10 E0.31930
G1 E-1.30 F3600.00
G0 F9000 X-10
G0 F9000 X10
G1 E1.30 F3600.00
G1 F4800 Y-10 E0.31930
G1 E-1.40 F3600.00
G0 F9000 X-10
G0 F9000 X10
G1 E1.40 F3600.00
G1 F4800 Y-10 E0.31930
G1 E-1.50 F3600.00
G0 F9000 X-10
G0 F9000 X10
G1 E1.50 F3600.00
G1 F4800 Y-10 E0.31930
G1 E-1.60 F3600.00
G0 F9000 X-10
G0 F9000 X10
G1 E1.60 F3600.00
G1 F4800 Y-10 E0.31930
G1 Z0.2
;Layer 134
G1 F4800 X10 E0.31930
G1 E-0.10 F3600.00
G0 F9000 Y-10
G0 F9000 Y10
G1 E0.10 F3600.00
G1 F4800 X10 E0.31930
G1 E-0.20 F3600.00
G0 F9000 Y-10
G0 F9000 Y10
G1 E0.20 F3600.00
G1 F4800 X10 E0.31930
G1 E-0.30 F3600.00
G0 F9000 Y-10
G0 F9000 Y10
G1 E0.30 F3600.00
G1 F4800 X10 E0.31930
G1 E-0.40 F3600.00
G0 F9000 Y-10
G0 F9000 Y10
G1 E0.40 F3600.00
G1 F4800 X10 E0.31930
G1 F4800 Y10 E0.31930
G1 E-0.50 F3600.00
G0 F9000 X10
G0 F9000 X-10
G1 E0.50 F3600.00
G1 F4800 Y10 E0.31930
G1 E-0.60 F3600.00
G0 F9000 X10
G0 F9000 X-10
G1 E0.60 F3600.00
G1 F4800 Y10 E0.31930
G1 E-0.70 F3600.00
G0 F9000 X10
G0 F9000 X-10
G1 E0.70 F3600.00
G1 F4800 Y10 E0.31930
G1 E-0.80 F3600.00
G0 F9000 X10
G0 F9000 X-10
G1 E0.80 F3600.00
G1 F4800 Y10 E0.31930
G1 F4800 X-10 E0.31930
G1 E-0.90 F3600.00
G0 F9000 Y10
G0 F9000 Y-10
G1 E0.90 F3600.00
G1 F4800 X-10 E0.31930
G1 E-1.00 F3600.00
G0 F9000 Y10
G0 F9000 Y-10
G1 E1.00 F3600.00
G1 F4800 X-10 E0.31930
G1 E-1.10 F3600.00
G0 F9000 Y10
G0 F9000 Y-10
G1 E1.10 F3600.00
G1 F4800 X-10 E0.31930
G1 E-1.20 F3600.00
G0 F9000 Y10
G0 F9000 Y-10
G1 E1.20 F3600.00
G1 F4800 X-10 E0.31930
G1 F4800 Y-10 E0.31930
G1 E-1.30 F3600.00
G0 F9000 X-10
G0 F9000 X10
G1 E1.30 F3600.00
G1 F4800 Y-10 E0.31930
G1 E-1.40 F3600.00
G0 F9000 X-10
G0 F9000 X10
G1 E1.40 F3600.00
G1 F4800 Y-10 E0.31930
G1 E-1.50 F3600.00
G0 F9000 X-10
G0 F9000 X10
G1 E1.50 F3600.00
G1 F4800 Y-10 E0.31930
G1 E-1.60 F3600.00
G0 F9000 X-10
G0 F9000 X10
G1 E1.60 F3600.00
G1 F4800 Y-10 E0.31930
G1 Z0.2
;Layer 135
G1 F4800 X10 E0.31930
G1 E-0.10 F3600.00
G0 F9000 Y-10
G0 F9000 Y10
G1 E0.10 F3600.00
G1 F4800 X10 E0.31930
G1 E-0.20 F3600.00
G0 F9000 Y-10
G0 F9000 Y10
G1 E0.20 F3600.00
G1 F4800 X10 E0.31930
G1 E-0.30 F3600.00
G0 F9000 Y-10
G0 F9000 Y10
G1 E0.30 F3600.00
G1 F4800 X10 E0.31930
G1 E-0.40 F3600.00
G0 F9000 Y-10
G0 F9000 Y10
G1 E0.40 F3600.00
G1 F4800 X10 E0.31930
G1 F4800 Y10 E0.31930
G1 E-0.50 F3600.00
G0 F9000 X10
G0 F9000 X-10
G1 E0.50 F3600.00
G1 F4800 Y10 E0.31930
G1 E-0.60 F3600.00
G0 F9000 X10
G0 F9000 X-10
G1 E0.60 F3600.00
G1 F4800 Y10 E0.31930
G1 E-0.70 F3600.00
G0 F9000 X10
G0 F9000 X-10
G1 E0.70 F3600.00
G1 F4800 Y10 E0.31930
G1 E-0.80 F3600.00
G0 F9000 X10
G0 F9000 X-10
G1 E0.80 F3600.00
G1 F4800 Y10 E0.31930
G1 F4800 X-10 E0.31930
G1 E-0.90 F3600.00
G0 F9000 Y10
G0 F9000 Y-10
G1 E0.90 F3600.00
G1 F4800 X-10 E0.31930
G1 E-1.00 F3600.00
G0 F9000 Y10
G0 F9000 Y-10
G1 E1.00 F3600.00
G1 F4800 X-10 E0.31930
G1 E-1.10 F3600.00
G0 F9000 Y10
G0 F9000 Y-10
G1 E1.10 F3600.00
G1 F4800 X-10 E0.31930
G1 E-1.20 F3600.00
G0 F9000 Y10
G0 F9000 Y-10
G1 E1.20 F3600.00
G1 F4800 X-10 E0.31930
G1 F4800 Y-10 E0.31930
G1 E-1.30 F3600.00
G0 F9000 X-10
G0 F9000 X10
G1 E1.30 F3600.00
G1 F4800 Y-10 E0.31930
G1 E-1.40 F3600.00
G0 F9000 X-10
G0 F9000 X10
G1 E1.40 F3600.00
G1 F4800 Y-10 E0.31930
G1 E-1.50 F3600.00
G0 F9000 X-10
G0 F9000 X10
G1 E1.50 F3600.00
G1 F4800 Y-10 E0.31930
G1 E-1.60 F3600.00
G0 F9000 X-10
G0 F9000 X10
G1 E1.60 F3600.00
G1 F4800 Y-10 E0.31930
G1 Z0.2
;Layer 136
G1 F4800 X10 E0.31930
G1 E-0.10 F3600.00
G0 F9000 Y-10
G0 F9000 Y10
G1 E0.10 F3600.00
G1 F4800 X10 E0.31930
G1 E-0.20 F3600.00
G0 F9000 Y-10
G0 F9000 Y10
G1 E0.20 F3600.00
G1 F4800 X10 E0.31930
G1 E-0.30 F3600.00
G0 F9000 Y-10
G0 F9000 Y10
G1 E0.30 F3600.00
G1 F4800 X10 E0.31930
G1 E-0.40 F3600.00
G0 F9000 Y-10
G0 F9000 Y10
G1 E0.40 F3600.00
G1 F4800 X10 E0.31930
G1 F4800 Y10 E0.31930
G1 E-0.50 F3600.00
G0 F9000 X10
G0 F9000 X-10
G1 E0.50 F3600.00
G1 F4800 Y10 E0.31930
G1 E-0.60 F3600.00
G0 F9000 X10
G0 F9000 X-10
G1 E0.60 F3600.00
G1 F4800 Y10 E0.31930
G1 E-0.70 F3600.00
G0 F9000 X10
G0 F9000 X-10
G1 E0.70 F3600.00
G1 F4800 Y10 E0.31930
G1 E-0.80 F3600.00
G0 F9000 X10
G0 F9000 X-10
G1 E0.80 F3600.00
G1 F4800 Y10 E0.31930
G1 F4800 X-10 E0.31930
G1 E-0.90 F3600.00
G0 F9000 Y10
G0 F9000 Y-10
G1 E0.90 F3600.00
G1 F4800 X-10 E0.31930
G1 E-1.00 F3600.00
G0 F9000 Y10
G0 F9000 Y-10
G1 E1.00 F3600.00
G1 F4800 X-10 E0.31930
G1 E-1.10 F3600.00
G0 F9000 Y10
G0 F9000 Y-10
G1 E1.10 F3600.00
G1 F4800 X-10 E0.31930
G1 E-1.20 F3600.00
G0 F9000 Y10
G0 F9000 Y-10
G1 E1.20 F3600.00
G1 F4800 X-10 E0.31930
G1 F4800 Y-10 E0.31930
G1 E-1.30 F3600.00
G0 F9000 X-10
G0 F9000 X10
G1 E1.30 F3600.00
G1 F4800 Y-10 E0.31930
G1 E-1.40 F3600.00
G0 F9000 X-10
G0 F9000 X10
G1 E1.40 F3600.00
G1 F4800 Y-10 E0.31930
G1 E-1.50 F3600.00
G0 F9000 X-10
G0 F9000 X10
G1 E1.50 F3600.00
G1 F4800 Y-10 E0.31930
G1 E-1.60 F3600.00
G0 F9000 X-10
G0 F9000 X10
G1 E1.60 F3600.00
G1 F4800 Y-10 E0.31930
G1 Z0.2
;Layer 137
G1 F4800 X10 E0.31930
G1 E-0.10 F3600.00
G0 F9000 Y-10
G0 F9000 Y10
G1 E0.10 F3600.00
G1 F4800 X10 E0.31930
G1 E-0.20 F3600.00
G0 F9000 Y-10
G0 F9000 Y10
G1 E0.20 F3600.00
G1 F4800 X10 E0.31930
G1 E-0.30 F3600.00
G0 F9000 Y-10
G0 F9000 Y10
G1 E0.30 F3600.00
G1 F4800 X10 E0.31930
G1 E-0.40 F3600.00
G0 F9000 Y-10
G0 F9000 Y10
G1 E0.40 F3600.00
G1 F4800 X10 E0.31930
G1 F4800 Y10 E0.31930
G1 E-0.50 F3600.00
G0 F9000 X10
G0 F9000 X-10
G1 E0.50 F3600.00
G1 F4800 Y10 E0.31930
G1 E-0.60 F3600.00
G0 F9000 X10
G0 F9000 X-10
G1 E0.60 F3600.00
G1 F4800 Y10 E0.31930
G1 E-0.70 F3600.00
G0 F9000 X10
G0 F9000 X-10
G1 E0.70 F3600.00
G1 F4800 Y10 E0.31930
G1 E-0.80 F3600.00
G0 F9000 X10
G0 F9000 X-10
G1 E0.80 F3600.00
G1 F4800 Y10 E0.31930
G1 F4800 X-10 E0.31930
G1 E-0.90 F3600.00
G0 F9000 Y10
G0 F9000 Y-10
G1 E0.90 F3600.00
G1 F4800 X-10 E0.31930
G1 E-1.00 F3600.00
G0 F9000 Y10
G0 F9000 Y-10
G1 E1.00 F3600.00
G1 F4800 X-10 E0.31930
G1 E-1.10 F3600.00
G0 F9000 Y10
G0 F9000 Y-10
G1 E1.10 F3600.00
G1 F4800 X-10 E0.31930
G1 E-1.20 F3600.00
G0 F9000 Y10
G0 F9000 Y-10
G1 E1.20 F3600.00
G1 F4800 X-10 E0.31930
G1 F4800 Y-10 E0.31930
G1 E-1.30 F3600.00
G0 F9000 X-10
G0 F9000 X10
G1 E1.30 F3600.00
G1 F4800 Y-10 E0.31930
G1 E-1.40 F3600.00
G0 F9000 X-10
G0 F9000 X10
G1 E1.40 F3600.00
G1 F4800 Y-10 E0.31930
G1 E-1.50 F3600.00
G0 F9000 X-10
G0 F9000 X10
G1 E1.50 F3600.00
G1 F4800 Y-10 E0.31930
G1 E-1.60 F3600.00
G0 F9000 X-10
G0 F9000 X10
G1 E1.60 F3600.00
G1 F4800 Y-10 E0.31930
G1 Z0.2
;Layer 138
G1 F4800 X10 E0.31930
G1 E-0.10 F3600.00
G0 F9000 Y-10
G0 F9000 Y10
G1 E0.10 F3600.00
G1 F4800 X10 E0.31930
G1 E-0.20 F3600.00
G0 F9000 Y-10
G0 F9000 Y10
G1 E0.20 F3600.00
G1 F4800 X10 E0.31930
G1 E-0.30 F3600.00
G0 F9000 Y-10
G0 F9000 Y10
G1 E0.30 F3600.00
G1 F4800 X10 E0.31930
G1 E-0.40 F3600.00
G0 F9000 Y-10
G0 F9000 Y10
G1 E0.40 F3600.00
G1 F4800 X10 E0.31930
G1 F4800 Y10 E0.31930
G1 E-0.50 F3600.00
G0 F9000 X10
G0 F9000 X-10
G1 E0.50 F3600.00
G1 F4800 Y10 E0.31930
G1 E-0.60 F3600.00
G0 F9000 X10
G0 F9000 X-10
G1 E0.60 F3600.00
G1 F4800 Y10 E0.31930
G1 E-0.70 F3600.00
G0 F9000 X10
G0 F9000 X-10
G1 E0.70 F3600.00
G1 F4800 Y10 E0.31930
G1 E-0.80 F3600.00
G0 F9000 X10
G0 F9000 X-10
G1 E0.80 F3600.00
G1 F4800 Y10 E0.31930
G1 F4800 X-10 E0.31930
G1 E-0.90 F3600.00
G0 F9000 Y10
G0 F9000 Y-10
G1 E0.90 F3600.00
G1 F4800 X-10 E0.31930
G1 E-1.00 F3600.00
G0 F9000 Y10
G0 F9000 Y-10
G1 E1.00 F3600.00
G1 F4800 X-10 E0.31930
G1 E-1.10 F3600.00
G0 F9000 Y10
G0 F9000 Y-10
G1 E1.10 F3600.00
G1 F4800 X-10 E0.31930
G1 E-1.20 F3600.00
G0 F9000 Y10
G0 F9000 Y-10
G1 E1.20 F3600.00
G1 F4800 X-10 E0.31930
G1 F4800 Y-10 E0.31930
G1 E-1.30 F3600.00
G0 F9000 X-10
G0 F9000 X10
G1 E1.30 F3600.00
G1 F4800 Y-10 E0.31930
G1 E-1.40 F3600.00
G0 F9000 X-10
G0 F9000 X10
G1 E1.40 F3600.00
G1 F4800 Y-10 E0.31930
G1 E-1.50 F3600.00
G0 F9000 X-10
G0 F9000 X10
G1 E1.50 F3600.00
G1 F4800 Y-10 E0.31930
G1 E-1.60 F3600.00
G0 F9000 X-10
G0 F9000 X10
G1 E1.60 F3600.00
G1 F4800 Y-10 E0.31930
G1 Z0.2
;Layer 139
G1 F4800 X10 E0.31930
G1 E-0.10 F3600.00
G0 F9000 Y-10
G0 F9000 Y10
G1 E0.10 F3600.00
G1 F4800 X10 E0.31930
G1 E-0.20 F3600.00
G0 F9000 Y-10
G0 F9000 Y10
G1 E0.20 F3600.00
G1 F4800 X10 E0.31930
G1 E-0.30 F3600.00
G0 F9000 Y-10
G0 F9000 Y10
G1 E0.30 F3600.00
G1 F4800 X10 E0.31930
G1 E-0.40 F3600.00
G0 F9000 Y-10
G0 F9000 Y10
G1 E0.40 F3600.00
G1 F4800 X10 E0.31930
G1 F4800 Y10 E0.31930
G1 E-0.50 F3600.00
G0 F9000 X10
G0 F9000 X-10
G1 E0.50 F3600.00
G1 F4800 Y10 E0.31930
G1 E-0.60 F3600.00
G0 F9000 X10
G0 F9000 X-10
G1 E0.60 F3600.00
G1 F4800 Y10 E0.31930
G1 E-0.70 F3600.00
G0 F9000 X10
G0 F9000 X-10
G1 E0.70 F3600.00
G1 F4800 Y10 E0.31930
G1 E-0.80 F3600.00
G0 F9000 X10
G0 F9000 X-10
G1 E0.80 F3600.00
G1 F4800 Y10 E0.31930
G1 F4800 X-10 E0.31930
G1 E-0.90 F3600.00
G0 F9000 Y10
G0 F9000 Y-10
G1 E0.90 F3600.00
G1 F4800 X-10 E0.31930
G1 E-1.00 F3600.00
G0 F9000 Y10
G0 F9000 Y-10
G1 E1.00 F3600.00
G1 F4800 X-10 E0.31930
G1 E-1.10 F3600.00
G0 F9000 Y10
G0 F9000 Y-10
G1 E1.10 F3600.00
G1 F4800 X-10 E0.31930
G1 E-1.20 F3600.00
G0 F9000 Y10
G0 F9000 Y-10
G1 E1.20 F3600.00
G1 F4800 X-10 E0.31930
G1 F4800 Y-10 E0.31930
G1 E-1.30 F3600.00
G0 F9000 X-10
G0 F9000 X10
G1 E1.30 F3600.00
G1 F4800 Y-10 E0.31930
G1 E-1.40 F3600.00
G0 F9000 X-10
G0 F9000 X10
G1 E1.40 F3600.00
G1 F4800 Y-10 E0.31930
G1 E-1.50 F3600.00
G0 F9000 X-10
G0 F9000 X10
G1 E1.50 F3600.00
G1 F4800 Y-10 E0.31930
G1 E-1.60 F3600.00
G0 F9000 X-10
G0 F9000 X10
G1 E1.60 F3600.00
G1 F4800 Y-10 E0.31930
G1 Z0.2
;Layer 140
G1 F4800 X10 E0.31930
G1 E-0.10 F3600.00
G0 F9000 Y-10
G0 F9000 Y10
G1 E0.10 F3600.00
G1 F4800 X10 E0.31930
G1 E-0.20 F3600.00
G0 F9000 Y-10
G0 F9000 Y10
G1 E0.20 F3600.00
G1 F4800 X10 E0.31930
G1 E-0.30 F3600.00
G0 F9000 Y-10
G0 F9000 Y10
G1 E0.30 F3600.00
G1 F4800 X10 E0.31930
G1 E-0.40 F3600.00
G0 F9000 Y-10
G0 F9000 Y10
G1 E0.40 F3600.00
G1 F4800 X10 E0.31930
G1 F4800 Y10 E0.31930
G1 E-0.50 F3600.00
G0 F9000 X10
G0 F9000 X-10
G1 E0.50 F3600.00
G1 F4800 Y10 E0.31930
G1 E-0.60 F3600.00
G0 F9000 X10
G0 F9000 X-10
G1 E0.60 F3600.00
G1 F4800 Y10 E0.31930
G1 E-0.70 F3600.00
G0 F9000 X10
G0 F9000 X-10
G1 E0.70 F3600.00
G1 F4800 Y10 E0.31930
G1 E-0.80 F3600.00
G0 F9000 X10
G0 F9000 X-10
G1 E0.80 F3600.00
G1 F4800 Y10 E0.31930
G1 F4800 X-10 E0.31930
G1 E-0.90 F3600.00
G0 F9000 Y10
G0 F9000 Y-10
G1 E0.90 F3600.00
G1 F4800 X-10 E0.31930
G1 E-1.00 F3600.00
G0 F9000 Y10
G0 F9000 Y-10
G1 E1.00 F3600.00
G1 F4800 X-10 E0.31930
G1 E-1.10 F3600.00
G0 F9000 Y10
G0 F9000 Y-10
G1 E1.10 F3600.00
G1 F4800 X-10 E0.31930
G1 E-1.20 F3600.00
G0 F9000 Y10
G0 F9000 Y-10
G1 E1.20 F3600.00
G1 F4800 X-10 E0.31930
G1 F4800 Y-10 E0.31930
G1 E-1.30 F3600.00
G0 F9000 X-10
G0 F9000 X10
G1 E1.30 F3600.00
G1 F4800 Y-10 E0.31930
G1 E-1.40 F3600.00
G0 F9000 X-10
G0 F9000 X10
G1 E1.40 F3600.00
G1 F4800 Y-10 E0.31930
G1 E-1.50 F3600.00
G0 F9000 X-10
G0 F9000 X10
G1 E1.50 F3600.00
G1 F4800 Y-10 E0.31930
G1 E-1.60 F3600.00
G0 F9000 X-10
G0 F9000 X10
G1 E1.60 F3600.00
G1 F4800 Y-10 E0.31930
G1 Z0.2
;Layer 141
G1 F4800 X10 E0.31930
G1 E-0.10 F3600.00
G0 F9000 Y-10
G0 F9000 Y10
G1 E0.10 F3600.00
G1 F4800 X10 E0.31930
G1 E-0.20 F3600.00
G0 F9000 Y-10
G0 F9000 Y10
G1 E0.20 F3600.00
G1 F4800 X10 E0.31930
G1 E-0.30 F3600.00
G0 F9000 Y-10
G0 F9000 Y10
G1 E0.30 F3600.00
G1 F4800 X10 E0.31930
G1 E-0.40 F3600.00
G0 F9000 Y-10
G0 F9000 Y10
G1 E0.40 F3600.00
G1 F4800 X10 E0.31930
G1 F4800 Y10 E0.31930
G1 E-0.50 F3600.00
G0 F9000 X10
G0 F9000 X-10
G1 E0.50 F3600.00
G1 F4800 Y10 E0.31930
G1 E-0.60 F3600.00
G0 F9000 X10
G0 F9000 X-10
G1 E0.60 F3600.00
G1 F4800 Y10 E0.31930
G1 E-0.70 F3600.00
G0 F9000 X10
G0 F9000 X-10
G1 E0.70 F3600.00
G1 F4800 Y10 E0.31930
G1 E-0.80 F3600.00
G0 F9000 X10
G0 F9000 X-10
G1 E0.80 F3600.00
G1 F4800 Y10 E0.31930
G1 F4800 X-10 E0.31930
G1 E-0.90 F3600.00
G0 F9000 Y10
G0 F9000 Y-10
G1 E0.90 F3600.00
G1 F4800 X-10 E0.31930
G1 E-1.00 F3600.00
G0 F9000 Y10
G0 F9000 Y-10
G1 E1.00 F3600.00
G1 F4800 X-10 E0.31930
G1 E-1.10 F3600.00
G0 F9000 Y10
G0 F9000 Y-10
G1 E1.10 F3600.00
G1 F4800 X-10 E0.31930
G1 E-1.20 F3600.00
G0 F9000 Y10
G0 F9000 Y-10
G1 E1.20 F3600.00
G1 F4800 X-10 E0.31930
G1 F4800 Y-10 E0.31930
G1 E-1.30 F3600.00
G0 F9000 X-10
G0 F9000 X10
G1 E1.30 F3600.00
G1 F4800 Y-10 E0.31930
G1 E-1.40 F3600.00
G0 F9000 X-10
G0 F9000 X10
G1 E1.40 F3600.00
G1 F4800 Y-10 E0.31930
G1 E-1.50 F3600.00
G0 F9000 X-10
G0 F9000 X10
G1 E1.50 F3600.00
G1 F4800 Y-10 E0.31930
G1 E-1.60 F3600.00
G0 F9000 X-10
G0 F9000 X10
G1 E1.60 F3600.00
G1 F4800 Y-10 E0.31930
G1 Z0.2
;Layer 142
G1 F4800 X10 E0.31930
G1 E-0.10 F3600.00
G0 F9000 Y-10
G0 F9000 Y10
G1 E0.10 F3600.00
G1 F4800 X10 E0.31930
G1 E-0.20 F3600.00
G0 F9000 Y-10
G0 F9000 Y10
G1 E0.20 F3600.00
G1 F4800 X10 E0.31930
G1 E-0.30 F3600.00
G0 F9000 Y-10
G0 F9000 Y10
G1 E0.30 F3600.00
G1 F4800 X10 E0.31930
G1 E-0.40 F3600.00
G0 F9000 Y-10
G0 F9000 Y10
G1 E0.40 F3600.00
G1 F4800 X10 E0.31930
G1 F4800 Y10 E0.31930
G1 E-0.50 F3600.00
G0 F9000 X10
G0 F9000 X-10
G1 E0.50 F3600.00
G1 F4800 Y10 E0.31930
G1 E-0.60 F3600.00
G0 F9000 X10
G0 F9000 X-10
G1 E0.60 F3600.00
G1 F4800 Y10 E0.31930
G1 E-0.70 F3600.00
G0 F9000 X10
G0 F9000 X-10
G1 E0.70 F3600.00
G1 F4800 Y10 E0.31930
G1 E-0.80 F3600.00
G0 F9000 X10
G0 F9000 X-10
G1 E0.80 F3600.00
G1 F4800 Y10 E0.31930
G1 F4800 X-10 E0.31930
G1 E-0.90 F3600.00
G0 F9000 Y10
G0 F9000 Y-10
G1 E0.90 F3600.00
G1 F4800 X-10 E0.31930
G1 E-1.00 F3600.00
G0 F9000 Y10
G0 F9000 Y-10
G1 E1.00 F3600.00
G1 F4800 X-10 E0.31930
G1 E-1.10 F3600.00
G0 F9000 Y10
G0 F9000 Y-10
G1 E1.10 F3600.00
G1 F4800 X-10 E0.31930
G1 E-1.20 F3600.00
G0 F9000 Y10
G0 F9000 Y-10
G1 E1.20 F3600.00
G1 F4800 X-10 E0.31930
G1 F4800 Y-10 E0.31930
G1 E-1.30 F3600.00
G0 F9000 X-10
G0 F9000 X10
G1 E1.30 F3600.00
G1 F4800 Y-10 E0.31930
G1 E-1.40 F3600.00
G0 F9000 X-10
G0 F9000 X10
G1 E1.40 F3600.00
G1 F4800 Y-10 E0.31930
G1 E-1.50 F3600.00
G0 F9000 X-10
G0 F9000 X10
G1 E1.50 F3600.00
G1 F4800 Y-10 E0.31930
G1 E-1.60 F3600.00
G0 F9000 X-10
G0 F9000 X10
G1 E1.60 F3600.00
G1 F4800 Y-10 E0.31930
G1 Z0.2
;Layer 143
G1 F4800 X10 E0.31930
G1 E-0.10 F3600.00
G0 F9000 Y-10
G0 F9000 Y10
G1 E0.10 F3600.00
G1 F4800 X10 E0.31930
G1 E-0.20 F3600.00
G0 F9000 Y-10
G0 F9000 Y10
G1 E0.20 F3600.00
G1 F4800 X10 E0.31930
G1 E-0.30 F3600.00
G0 F9000 Y-10
G0 F9000 Y10
G1 E0.30 F3600.00
G1 F4800 X10 E0.31930
G1 E-0.40 F3600.00
G0 F9000 Y-10
G0 F9000 Y10
G1 E0.40 F3600.00
G1 F4800 X10 E0.31930
G1 F4800 Y10 E0.31930
G1 E-0.50 F3600.00
G0 F9000 X10
G0 F9000 X-10
G1 E0.50 F3600.00
G1 F4800 Y10 E0.31930
G1 E-0.60 F3600.00
G0 F9000 X10
G0 F9000 X-10
G1 E0.60 F3600.00
G1 F4800 Y10 E0.31930
G1 E-0.70 F3600.00
G0 F9000 X10
G0 F9000 X-10
G1 E0.70 F3600.00
G1 F4800 Y10 E0.31930
G1 E-0.80 F3600.00
G0 F9000 X10
G0 F9000 X-10
G1 E0.80 F3600.00
G1 F4800 Y10 E0.31930
G1 F4800 X-10 E0.31930
G1 E-0.90 F3600.00
G0 F9000 Y10
G0 F9000 Y-10
G1 E0.90 F3600.00
G1 F4800 X-10 E0.31930
G1 E-1.00 F3600.00
G0 F9000 Y10
G0 F9000 Y-10
G1 E1.00 F3600.00
G1 F4800 X-10 E0.31930
G1 E-1.10 F3600.00
G0 F9000 Y10
G0 F9000 Y-10
G1 E1.10 F3600.00
G1 F4800 X-10 E0.31930
G1 E-1.20 F3600.00
G0 F9000 Y10
G0 F9000 Y-10
G1 E1.20 F3600.00
G1 F4800 X-10 E0.31930
G1 F4800 Y-10 E0.31930
G1 E-1.30 F3600.00
G0 F9000 X-10
G0 F9000 X10
G1 E1.30 F3600.00
G1 F4800 Y-10 E0.31930
G1 E-1.40 F3600.00
G0 F9000 X-10
G0 F9000 X10
G1 E1.40 F3600.00
G1 F4800 Y-10 E0.31930
G1 E-1.50 F3600.00
G0 F9000 X-10
G0 F9000 X10
G1 E1.50 F3600.00
G1 F4800 Y-10 E0.31930
G1 E-1.60 F3600.00
G0 F9000 X-10
G0 F9000 X10
G1 E1.60 F3600.00
G1 F4800 Y-10 E0.31930
G1 Z0.2
;Layer 144
G1 F4800 X10 E0.31930
G1 E-0.10 F3600.00
G0 F9000 Y-10
G0 F9000 Y10
G1 E0.10 F3600.00
G1 F4800 X10 E0.31930
G1 E-0.20 F3600.00
G0 F9000 Y-10
G0 F9000 Y10
G1 E0.20 F3600.00
G1 F4800 X10 E0.31930
G1 E-0.30 F3600.00
G0 F9000 Y-10
G0 F9000 Y10
G1 E0.30 F3600.00
G1 F4800 X10 E0.31930
G1 E-0.40 F3600.00
G0 F9000 Y-10
G0 F9000 Y10
G1 E0.40 F3600.00
G1 F4800 X10 E0.31930
G1 F4800 Y10 E0.31930
G1 E-0.50 F3600.00
G0 F9000 X10
G0 F9000 X-10
G1 E0.50 F3600.00
G1 F4800 Y10 E0.31930
G1 E-0.60 F3600.00
G0 F9000 X10
G0 F9000 X-10
G1 E0.60 F3600.00
G1 F4800 Y10 E0.31930
G1 E-0.70 F3600.00
G0 F9000 X10
G0 F9000 X-10
G1 E0.70 F3600.00
G1 F4800 Y10 E0.31930
G1 E-0.80 F3600.00
G0 F9000 X10
G0 F9000 X-10
G1 E0.80 F3600.00
G1 F4800 Y10 E0.31930
G1 F4800 X-10 E0.31930
G1 E-0.90 F3600.00
G0 F9000 Y10
G0 F9000 Y-10
G1 E0.90 F3600.00
G1 F4800 X-10 E0.31930
G1 E-1.00 F3600.00
G0 F9000 Y10
G0 F9000 Y-10
G1 E1.00 F3600.00
G1 F4800 X-10 E0.31930
G1 E-1.10 F3600.00
G0 F9000 Y10
G0 F9000 Y-10
G1 E1.10 F3600.00
G1 F4800 X-10 E0.31930
G1 E-1.20 F3600.00
G0 F9000 Y10
G0 F9000 Y-10
G1 E1.20 F3600.00
G1 F4800 X-10 E0.31930
G1 F4800 Y-10 E0.31930
G1 E-1.30 F3600.00
G0 F9000 X-10
G0 F9000 X10
G1 E1.30 F3600.00
G1 F4800 Y-10 E0.31930
G1 E-1.40 F3600.00
G0 F9000 X-10
G0 F9000 X10
G1 E1.40 F3600.00
G1 F4800 Y-10 E0.31930
G1 E-1.50 F3600.00
G0 F9000 X-10
G0 F9000 X10
G1 E1.50 F3600.00
G1 F4800 Y-10 E0.31930
G1 E-1.60 F3600.00
G0 F9000 X-10
G0 F9000 X10
G1 E1.60 F3600.00
G1 F4800 Y-10 E0.31930
G1 Z0.2
;Layer 145
G1 F4800 X10 E0.31930
G1 E-0.10 F3600.00
G0 F9000 Y-10
G0 F9000 Y10
G1 E0.10 F3600.00
G1 F4800 X10 E0.31930
G1 E-0.20 F3600.00
G0 F9000 Y-10
G0 F9000 Y10
G1 E0.20 F3600.00
G1 F4800 X10 E0.31930
G1 E-0.30 F3600.00
G0 F9000 Y-10
G0 F9000 Y10
G1 E0.30 F3600.00
G1 F4800 X10 E0.31930
G1 E-0.40 F3600.00
G0 F9000 Y-10
G0 F9000 Y10
G1 E0.40 F3600.00
G1 F4800 X10 E0.31930
G1 F4800 Y10 E0.31930
G1 E-0.50 F3600.00
G0 F9000 X10
G0 F9000 X-10
G1 E0.50 F3600.00
G1 F4800 Y10 E0.31930
G1 E-0.60 F3600.00
G0 F9000 X10
G0 F9000 X-10
G1 E0.60 F3600.00
G1 F4800 Y10 E0.31930
G1 E-0.70 F3600.00
G0 F9000 X10
G0 F9000 X-10
G1 E0.70 F3600.00
G1 F4800 Y10 E0.31930
G1 E-0.80 F3600.00
G0 F9000 X10
G0 F9000 X-10
G1 E0.80 F3600.00
G1 F4800 Y10 E0.31930
G1 F4800 X-10 E0.31930
G1 E-0.90 F3600.00
G0 F9000 Y10
G0 F9000 Y-10
G1 E0.90 F3600.00
G1 F4800 X-10 E0.31930
G1 E-1.00 F3600.00
G0 F9000 Y10
G0 F9000 Y-10
G1 E1.00 F3600.00
G1 F4800 X-10 E0.31930
G1 E-1.10 F3600.00
G0 F9000 Y10
G0 F9000 Y-10
G1 E1.10 F3600.00
G1 F4800 X-10 E0.31930
G1 E-1.20 F3600.00
G0 F9000 Y10
G0 F9000 Y-10
G1 E1.20 F3600.00
G1 F4800 X-10 E0.31930
G1 F4800 Y-10 E0.31930
G1 E-1.30 F3600.00
G0 F9000 X-10
G0 F9000 X10
G1 E1.30 F3600.00
G1 F4800 Y-10 E0.31930
G1 E-1.40 F3600.00
G0 F9000 X-10
G0 F9000 X10
G1 E1.40 F3600.00
G1 F4800 Y-10 E0.31930
G1 E-1.50 F3600.00
G0 F9000 X-10
G0 F9000 X10
G1 E1.50 F3600.00
G1 F4800 Y-10 E0.31930
G1 E-1.60 F3600.00
G0 F9000 X-10
G0 F9000 X10
G1 E1.60 F3600.00
G1 F4800 Y-10 E0.31930
G1 Z0.2
;Layer 146
G1 F4800 X10 E0.31930
G1 E-0.10 F3600.00
G0 F9000 Y-10
G0 F9000 Y10
G1 E0.10 F3600.00
G1 F4800 X10 E0.31930
G1 E-0.20 F3600.00
G0 F9000 Y-10
G0 F9000 Y10
G1 E0.20 F3600.00
G1 F4800 X10 E0.31930
G1 E-0.30 F3600.00
G0 F9000 Y-10
G0 F9000 Y10
G1 E0.30 F3600.00
G1 F4800 X10 E0.31930
G1 E-0.40 F3600.00
G0 F9000 Y-10
G0 F9000 Y10
G1 E0.40 F3600.00
G1 F4800 X10 E0.31930
G1 F4800 Y10 E0.31930
G1 E-0.50 F3600.00
G0 F9000 X10
G0 F9000 X-10
G1 E0.50 F3600.00
G1 F4800 Y10 E0.31930
G1 E-0.60 F3600.00
G0 F9000 X10
G0 F9000 X-10
G1 E0.60 F3600.00
G1 F4800 Y10 E0.31930
G1 E-0.70 F3600.00
G0 F9000 X10
G0 F9000 X-10
G1 E0.70 F3600.00
G1 F4800 Y10 E0.31930
G1 E-0.80 F3600.00
G0 F9000 X10
G0 F9000 X-10
G1 E0.80 F3600.00
G1 F4800 Y10 E0.31930
G1 F4800 X-10 E0.31930
G1 E-0.90 F3600.00
G0 F9000 Y10
G0 F9000 Y-10
G1 E0.90 F3600.00
G1 F4800 X-10 E0.31930
G1 E-1.00 F3600.00
G0 F9000 Y10
G0 F9000 Y-10
G1 E1.00 F3600.00
G1 F4800 X-10 E0.31930
G1 E-1.10 F3600.00
G0 F9000 Y10
G0 F9000 Y-10
G1 E1.10 F3600.00
G1 F4800 X-10 E0.31930
G1 E-1.20 F3600.00
G0 F9000 Y10
G0 F9000 Y-10
G1 E1.20 F3600.00
G1 F4800 X-10 E0.31930
G1 F4800 Y-10 E0.31930
G1 E-1.30 F3600.00
G0 F9000 X-10
G0 F9000 X10
G1 E1.30 F3600.00
G1 F4800 Y-10 E0.31930
G1 E-1.40 F3600.00
G0 F9000 X-10
G0 F9000 X10
G1 E1.40 F3600.00
G1 F4800 Y-10 E0.31930
G1 E-1.50 F3600.00
G0 F9000 X-10
G0 F9000 X10
G1 E1.50 F3600.00
G1 F4800 Y-10 E0.31930
G1 E-1.60 F3600.00
G0 F9000 X-10
G0 F9000 X10
G1 E1.60 F3600.00
G1 F4800 Y-10 E0.31930
G1 Z0.2
;Layer 147
G1 F4800 X10 E0.31930
G1 E-0.10 F3600.00
G0 F9000 Y-10
G0 F9000 Y10
G1 E0.10 F3600.00
G1 F4800 X10 E0.31930
G1 E-0.20 F3600.00
G0 F9000 Y-10
G0 F9000 Y10
G1 E0.20 F3600.00
G1 F4800 X10 E0.31930
G1 E-0.30 F3600.00
G0 F9000 Y-10
G0 F9000 Y10
G1 E0.30 F3600.00
G1 F4800 X10 E0.31930
G1 E-0.40 F3600.00
G0 F9000 Y-10
G0 F9000 Y10
G1 E0.40 F3600.00
G1 F4800 X10 E0.31930
G1 F4800 Y10 E0.31930
G1 E-0.50 F3600.00
G0 F9000 X10
G0 F9000 X-10
G1 E0.50 F3600.00
G1 F4800 Y10 E0.31930
G1 E-0.60 F3600.00
G0 F9000 X10
G0 F9000 X-10
G1 E0.60 F3600.00
G1 F4800 Y10 E0.31930
G1 E-0.70 F3600.00
G0 F9000 X10
G0 F9000 X-10
G1 E0.70 F3600.00
G1 F4800 Y10 E0.31930
G1 E-0.80 F3600.00
G0 F9000 X10
G0 F9000 X-10
G1 E0.80 F3600.00
G1 F4800 Y10 E0.31930
G1 F4800 X-10 E0.31930
G1 E-0.90 F3600.00
G0 F9000 Y10
G0 F9000 Y-10
G1 E0.90 F3600.00
G1 F4800 X-10 E0.31930
G1 E-1.00 F3600.00
G0 F9000 Y10
G0 F9000 Y-10
G1 E1.00 F3600.00
G1 F4800 X-10 E0.31930
G1 E-1.10 F3600.00
G0 F9000 Y10
G0 F9000 Y-10
G1 E1.10 F3600.00
G1 F4800 X-10 E0.31930
G1 E-1.20 F3600.00
G0 F9000 Y10
G0 F9000 Y-10
G1 E1.20 F3600.00
G1 F4800 X-10 E0.31930
G1 F4800 Y-10 E0.31930
G1 E-1.30 F3600.00
G0 F9000 X-10
G0 F9000 X10
G1 E1.30 F3600.00
G1 F4800 Y-10 E0.31930
G1 E-1.40 F3600.00
G0 F9000 X-10
G0 F9000 X10
G1 E1.40 F3600.00
G1 F4800 Y-10 E0.31930
G1 E-1.50 F3600.00
G0 F9000 X-10
G0 F9000 X10
G1 E1.50 F3600.00
G1 F4800 Y-10 E0.31930
G1 E-1.60 F3600.00
G0 F9000 X-10
G0 F9000 X10
G1 E1.60 F3600.00
G1 F4800 Y-10 E0.31930
G1 Z0.2
;Layer 148
G1 F4800 X10 E0.31930
G1 E-0.10 F3600.00
G0 F9000 Y-10
G0 F9000 Y10
G1 E0.10 F3600.00
G1 F4800 X10 E0.31930
G1 E-0.20 F3600.00
G0 F9000 Y-10
G0 F9000 Y10
G1 E0.20 F3600.00
G1 F4800 X10 E0.31930
G1 E-0.30 F3600.00
G0 F9000 Y-10
G0 F9000 Y10
G1 E0.30 F3600.00
G1 F4800 X10 E0.31930
G1 E-0.40 F3600.00
G0 F9000 Y-10
G0 F9000 Y10
G1 E0.40 F3600.00
G1 F4800 X10 E0.31930
G1 F4800 Y10 E0.31930
G1 E-0.50 F3600.00
G0 F9000 X10
G0 F9000 X-10
G1 E0.50 F3600.00
G1 F4800 Y10 E0.31930
G1 E-0.60 F3600.00
G0 F9000 X10
G0 F9000 X-10
G1 E0.60 F3600.00
G1 F4800 Y10 E0.31930
G1 E-0.70 F3600.00
G0 F9000 X10
G0 F9000 X-10
G1 E0.70 F3600.00
G1 F4800 Y10 E0.31930
G1 E-0.80 F3600.00
G0 F9000 X10
G0 F9000 X-10
G1 E0.80 F3600.00
G1 F4800 Y10 E0.31930
G1 F4800 X-10 E0.31930
G1 E-0.90 F3600.00
G0 F9000 Y10
G0 F9000 Y-10
G1 E0.90 F3600.00
G1 F4800 X-10 E0.31930
G1 E-1.00 F3600.00
G0 F9000 Y10
G0 F9000 Y-10
G1 E1.00 F3600.00
G1 F4800 X-10 E0.31930
G1 E-1.10 F3600.00
G0 F9000 Y10
G0 F9000 Y-10
G1 E1.10 F3600.00
G1 F4800 X-10 E0.31930
G1 E-1.20 F3600.00
G0 F9000 Y10
G0 F9000 Y-10
G1 E1.20 F3600.00
G1 F4800 X-10 E0.31930
G1 F4800 Y-10 E0.31930
G1 E-1.30 F3600.00
G0 F9000 X-10
G0 F9000 X10
G1 E1.30 F3600.00
G1 F4800 Y-10 E0.31930
G1 E-1.40 F3600.00
G0 F9000 X-10
G0 F9000 X10
G1 E1.40 F3600.00
G1 F4800 Y-10 E0.31930
G1 E-1.50 F3600.00
G0 F9000 X-10
G0 F9000 X10
G1 E1.50 F3600.00
G1 F4800 Y-10 E0.31930
G1 E-1.60 F3600.00
G0 F9000 X-10
G0 F9000 X10
G1 E1.60 F3600.00
G1 F4800 Y-10 E0.31930
G1 Z0.2
;Layer 149
G1 F4800 X10 E0.31930
G1 E-0.10 F3600.00
G0 F9000 Y-10
G0 F9000 Y10
G1 E0.10 F3600.00
G1 F4800 X10 E0.31930
G1 E-0.20 F3600.00
G0 F9000 Y-10
G0 F9000 Y10
G1 E0.20 F3600.00
G1 F4800 X10 E0.31930
G1 E-0.30 F3600.00
G0 F9000 Y-10
G0 F9000 Y10
G1 E0.30 F3600.00
G1 F4800 X10 E0.31930
G1 E-0.40 F3600.00
G0 F9000 Y-10
G0 F9000 Y10
G1 E0.40 F3600.00
G1 F4800 X10 E0.31930
G1 F4800 Y10 E0.31930
G1 E-0.50 F3600.00
G0 F9000 X10
G0 F9000 X-10
G1 E0.50 F3600.00
G1 F4800 Y10 E0.31930
G1 E-0.60 F3600.00
G0 F9000 X10
G0 F9000 X-10
G1 E0.60 F3600.00
G1 F4800 Y10 E0.31930
G1 E-0.70 F3600.00
G0 F9000 X10
G0 F9000 X-10
G1 E0.70 F3600.00
G1 F4800 Y10 E0.31930
G1 E-0.80 F3600.00
G0 F9000 X10
G0 F9000 X-10
G1 E0.80 F3600.00
G1 F4800 Y10 E0.31930
G1 F4800 X-10 E0.31930
G1 E-0.90 F3600.00
G0 F9000 Y10
G0 F9000 Y-10
G1 E0.90 F3600.00
G1 F4800 X-10 E0.31930
G1 E-1.00 F3600.00
G0 F9000 Y10
G0 F9000 Y-10
G1 E1.00 F3600.00
G1 F4800 X-10 E0.31930
G1 E-1.10 F3600.00
G0 F9000 Y10
G0 F9000 Y-10
G1 E1.10 F3600.00
G1 F4800 X-10 E0.31930
G1 E-1.20 F3600.00
G0 F9000 Y10
G0 F9000 Y-10
G1 E1.20 F3600.00
G1 F4800 X-10 E0.31930
G1 F4800 Y-10 E0.31930
G1 E-1.30 F3600.00
G0 F9000 X-10
G0 F9000 X10
G1 E1.30 F3600.00
G1 F4800 Y-10 E0.31930
G1 E-1.40 F3600.00
G0 F9000 X-10
G0 F9000 X10
G1 E1.40 F3600.00
G1 F4800 Y-10 E0.31930
G1 E-1.50 F3600.00
G0 F9000 X-10
G0 F9000 X10
G1 E1.50 F3600.00
G1 F4800 Y-10 E0.31930
G1 E-1.60 F3600.00
G0 F9000 X-10
G0 F9000 X10
G1 E1.60 F3600.00
G1 F4800 Y-10 E0.31930
G1 Z0.2
;Layer 150
G1 F4800 X10 E0.31930
G1 E-0.10 F3600.00
G0 F9000 Y-10
G0 F9000 Y10
G1 E0.10 F3600.00
G1 F4800 X10 E0.31930
G1 E-0.20 F3600.00
G0 F9000 Y-10
G0 F9000 Y10
G1 E0.20 F3600.00
G1 F4800 X10 E0.31930
G1 E-0.30 F3600.00
G0 F9000 Y-10
G0 F9000 Y10
G1 E0.30 F3600.00
G1 F4800 X10 E0.31930
G1 E-0.40 F3600.00
G0 F9000 Y-10
G0 F9000 Y10
G1 E0.40 F3600.00
G1 F4800 X10 E0.31930
G1 F4800 Y10 E0.31930
G1 E-0.50 F3600.00
G0 F9000 X10
G0 F9000 X-10
G1 E0.50 F3600.00
G1 F4800 Y10 E0.31930
G1 E-0.60 F3600.00
G0 F9000 X10
G0 F9000 X-10
G1 E0.60 F3600.00
G1 F4800 Y10 E0.31930
G1 E-0.70 F3600.00
G0 F9000 X10
G0 F9000 X-10
G1 E0.70 F3600.00
G1 F4800 Y10 E0.31930
G1 E-0.80 F3600.00
G0 F9000 X10
G0 F9000 X-10
G1 E0.80 F3600.00
G1 F4800 Y10 E0.31930
G1 F4800 X-10 E0.31930
G1 E-0.90 F3600.00
G0 F9000 Y10
G0 F9000 Y-10
G1 E0.90 F3600.00
G1 F4800 X-10 E0.31930
G1 E-1.00 F3600.00
G0 F9000 Y10
G0 F9000 Y-10
G1 E1.00 F3600.00
G1 F4800 X-10 E0.31930
G1 E-1.10 F3600.00
G0 F9000 Y10
G0 F9000 Y-10
G1 E1.10 F3600.00
G1 F4800 X-10 E0.31930
G1 E-1.20 F3600.00
G0 F9000 Y10
G0 F9000 Y-10
G1 E1.20 F3600.00
G1 F4800 X-10 E0.31930
G1 F4800 Y-10 E0.31930
G1 E-1.30 F3600.00
G0 F9000 X-10
G0 F9000 X10
G1 E1.30 F3600.00
G1 F4800 Y-10 E0.31930
G1 E-1.40 F3600.00
G0 F9000 X-10
G0 F9000 X10
G1 E1.40 F3600.00
G1 F4800 Y-10 E0.31930
G1 E-1.50 F3600.00
G0 F9000 X-10
G0 F9000 X10
G1 E1.50 F3600.00
G1 F4800 Y-10 E0.31930
G1 E-1.60 F3600.00
G0 F9000 X-10
G0 F9000 X10
G1 E1.60 F3600.00
G1 F4800 Y-10 E0.31930
G1 Z0.2
;Layer 151
G1 F4800 X10 E0.31930
G1 E-0.10 F3600.00
G0 F9000 Y-10
G0 F9000 Y10
G1 E0.10 F3600.00
G1 F4800 X10 E0.31930
G1 E-0.20 F3600.00
G0 F9000 Y-10
G0 F9000 Y10
G1 E0.20 F3600.00
G1 F4800 X10 E0.31930
G1 E-0.30 F3600.00
G0 F9000 Y-10
G0 F9000 Y10
G1 E0.30 F3600.00
G1 F4800 X10 E0.31930
G1 E-0.40 F3600.00
G0 F9000 Y-10
G0 F9000 Y10
G1 E0.40 F3600.00
G1 F4800 X10 E0.31930
G1 F4800 Y10 E0.31930
G1 E-0.50 F3600.00
G0 F9000 X10
G0 F9000 X-10
G1 E0.50 F3600.00
G1 F4800 Y10 E0.31930
G1 E-0.60 F3600.00
G0 F9000 X10
G0 F9000 X-10
G1 E0.60 F3600.00
G1 F4800 Y10 E0.31930
G1 E-0.70 F3600.00
G0 F9000 X10
G0 F9000 X-10
G1 E0.70 F3600.00
G1 F4800 Y10 E0.31930
G1 E-0.80 F3600.00
G0 F9000 X10
G0 F9000 X-10
G1 E0.80 F3600.00
G1 F4800 Y10 E0.31930
G1 F4800 X-10 E0.31930
G1 E-0.90 F3600.00
G0 F9000 Y10
G0 F9000 Y-10
G1 E0.90 F3600.00
G1 F4800 X-10 E0.31930
G1 E-1.00 F3600.00
G0 F9000 Y10
G0 F9000 Y-10
G1 E1.00 F3600.00
G1 F4800 X-10 E0.31930
G1 E-1.10 F3600.00
G0 F9000 Y10
G0 F9000 Y-10
G1 E1.10 F3600.00
G1 F4800 X-10 E0.31930
G1 E-1.20 F3600.00
G0 F9000 Y10
G0 F9000 Y-10
G1 E1.20 F3600.00
G1 F4800 X-10 E0.31930
G1 F4800 Y-10 E0.31930
G1 E-1.30 F3600.00
G0 F9000 X-10
G0 F9000 X10
G1 E1.30 F3600.00
G1 F4800 Y-10 E0.31930
G1 E-1.40 F3600.00
G0 F9000 X-10
G0 F9000 X10
G1 E1.40 F3600.00
G1 F4800 Y-10 E0.31930
G1 E-1.50 F3600.00
G0 F9000 X-10
G0 F9000 X10
G1 E1.50 F3600.00
G1 F4800 Y-10 E0.31930
G1 E-1.60 F3600.00
G0 F9000 X-10
G0 F9000 X10
G1 E1.60 F3600.00
G1 F4800 Y-10 E0.31930
G1 Z0.2
;Layer 152
G1 F4800 X10 E0.31930
G1 E-0.10 F3600.00
G0 F9000 Y-10
G0 F9000 Y10
G1 E0.10 F3600.00
G1 F4800 X10 E0.31930
G1 E-0.20 F3600.00
G0 F9000 Y-10
G0 F9000 Y10
G1 E0.20 F3600.00
G1 F4800 X10 E0.31930
G1 E-0.30 F3600.00
G0 F9000 Y-10
G0 F9000 Y10
G1 E0.30 F3600.00
G1 F4800 X10 E0.31930
G1 E-0.40 F3600.00
G0 F9000 Y-10
G0 F9000 Y10
G1 E0.40 F3600.00
G1 F4800 X10 E0.31930
G1 F4800 Y10 E0.31930
G1 E-0.50 F3600.00
G0 F9000 X10
G0 F9000 X-10
G1 E0.50 F3600.00
G1 F4800 Y10 E0.31930
G1 E-0.60 F3600.00
G0 F9000 X10
G0 F9000 X-10
G1 E0.60 F3600.00
G1 F4800 Y10 E0.31930
G1 E-0.70 F3600.00
G0 F9000 X10
G0 F9000 X-10
G1 E0.70 F3600.00
G1 F4800 Y10 E0.31930
G1 E-0.80 F3600.00
G0 F9000 X10
G0 F9000 X-10
G1 E0.80 F3600.00
G1 F4800 Y10 E0.31930
G1 F4800 X-10 E0.31930
G1 E-0.90 F3600.00
G0 F9000 Y10
G0 F9000 Y-10
G1 E0.90 F3600.00
G1 F4800 X-10 E0.31930
G1 E-1.00 F3600.00
G0 F9000 Y10
G0 F9000 Y-10
G1 E1.00 F3600.00
G1 F4800 X-10 E0.31930
G1 E-1.10 F3600.00
G0 F9000 Y10
G0 F9000 Y-10
G1 E1.10 F3600.00
G1 F4800 X-10 E0.31930
G1 E-1.20 F3600.00
G0 F9000 Y10
G0 F9000 Y-10
G1 E1.20 F3600.00
G1 F4800 X-10 E0.31930
G1 F4800 Y-10 E0.31930
G1 E-1.30 F3600.00
G0 F9000 X-10
G0 F9000 X10
G1 E1.30 F3600.00
G1 F4800 Y-10 E0.31930
G1 E-1.40 F3600.00
G0 F9000 X-10
G0 F9000 X10
G1 E1.40 F3600.00
G1 F4800 Y-10 E0.31930
G1 E-1.50 F3600.00
G0 F9000 X-10
G0 F9000 X10
G1 E1.50 F3600.00
G1 F4800 Y-10 E0.31930
G1 E-1.60 F3600.00
G0 F9000 X-10
G0 F9000 X10
G1 E1.60 F3600.00
G1 F4800 Y-10 E0.31930
G1 Z0.2
G1 Z5
G90
G28 X0 Y0
M84
M107
M104 S0
M140 S0
